AJ000037978,48.6000,39.7000
ASN00001013,128.1247,-15.4872
ASN00001023,127.9806,-16.0086
ASN00001025,126.3114,-15.3797
ASN00002001,128.9172,-16.5039
ASN00002019,126.8617,-18.6253
ASN00002020,127.5011,-18.1894
ASN00002060,128.4150,-16.0397
ASN00002062,128.0314,-18.4236
ASN00003015,123.9956,-17.3681
ASN00003020,124.3992,-18.5000
ASN00003024,123.7383,-17.9464
ASN00003030,121.7803,-18.6844
ASN00003041,122.7128,-17.6925
ASN00003043,125.9206,-18.8789
ASN00003048,125.5264,-18.9158
ASN00003057,123.0086,-16.4514
ASN00004008,119.2431,-20.6392
ASN00004028,119.5811,-20.1078
ASN00004035,117.1456,-20.7767
ASN00004046,120.2044,-20.6739
ASN00004089,117.1428,-20.6744
ASN00005004,114.1108,-22.3761
ASN00005006,116.2903,-22.9119
ASN00005012,117.0656,-21.5906
ASN00005029,116.3928,-21.6767
ASN00005061,116.7483,-20.7278
ASN00005078,114.8211,-21.7672
ASN00005082,116.2575,-21.0544
ASN00006000,115.3092,-25.0417
ASN00006013,114.3181,-26.6972
ASN00006015,114.0781,-24.4447
ASN00006019,114.4322,-24.8061
ASN00006021,115.6072,-24.4508
ASN00006025,114.1667,-26.4008
ASN00006038,114.4375,-23.3817
ASN00006039,113.9714,-23.8497
ASN00006058,115.5147,-27.4278
ASN00006069,115.9267,-26.5903
ASN00006072,115.0414,-23.0314
ASN00006079,114.3853,-25.0881
ASN00006099,115.9561,-26.8936
ASN00007010,116.5714,-28.6097
ASN00007027,116.3400,-28.2494
ASN00007038,117.7842,-26.2750
ASN00007041,116.9047,-25.1303
ASN00007047,118.2675,-28.4467
ASN00007049,117.3339,-26.3736
ASN00007059,118.2408,-24.2297
ASN00007063,117.0344,-28.5253
ASN00007068,117.2906,-29.4250
ASN00007071,116.6514,-28.0531
ASN00007089,116.1606,-27.0878
ASN00007099,118.7803,-27.1308
ASN00007124,116.2083,-25.2806
ASN00007129,116.8856,-27.8036
ASN00007134,118.9842,-26.7950
ASN00007157,117.0156,-27.7744
ASN00007160,119.7639,-26.2628
ASN00007168,117.7572,-29.0675
ASN00007181,120.0108,-23.9775
ASN00007190,117.8281,-29.3892
ASN00007191,119.7994,-23.4531
ASN00007197,118.3111,-28.2817
ASN00007600,117.8425,-28.1156
ASN00008033,115.8172,-28.7031
ASN00008061,116.6328,-30.2842
ASN00008067,116.2003,-29.9414
ASN00008231,116.1325,-29.4667
ASN00008261,115.1753,-29.0636
ASN00008264,116.8011,-29.5147
ASN00008268,114.9686,-27.9700
ASN00008269,114.7144,-28.2667
ASN00008271,115.9675,-28.8114
ASN00008274,114.8186,-28.4194
ASN00008276,115.1075,-29.2236
ASN00008278,115.3136,-30.0722
ASN00008280,114.6733,-27.5658
ASN00008281,116.6828,-30.3322
ASN00008284,116.1581,-30.8350
ASN00008286,114.6761,-28.2750
ASN00008294,115.2850,-28.2094
ASN00009045,115.6728,-31.5567
ASN00009105,115.7931,-31.7317
ASN00009111,116.0744,-32.4400
ASN00009112,116.0875,-31.3928
ASN00009152,115.7119,-30.5003
ASN00009168,116.1206,-32.1189
ASN00009177,115.4469,-31.1228
ASN00009181,116.0592,-31.8817
ASN00009183,115.5914,-31.4978
ASN00009186,115.7772,-31.7858
ASN00009193,115.5022,-32.0069
ASN00009199,114.9781,-29.9486
ASN00009207,116.1167,-32.0208
ASN00009211,115.3203,-30.2892
ASN00009215,115.7619,-31.9558
ASN00009216,116.0656,-32.0394
ASN00009225,115.8728,-31.9192
ASN00009242,115.9744,-32.3956
ASN00009630,117.1025,-34.2111
ASN00009635,117.0836,-34.3633
ASN00009647,117.2769,-34.9506
ASN00009652,121.1133,-33.7767
ASN00009679,115.7272,-32.9939
ASN00009690,116.5211,-33.7622
ASN00009715,123.0331,-33.8025
ASN00009730,121.3656,-33.6961
ASN00009752,117.3494,-34.7233
ASN00009765,117.3164,-34.4322
ASN00009771,115.4697,-33.7411
ASN00009772,121.2156,-33.7608
ASN00009794,120.6375,-33.8039
ASN00009798,120.4222,-33.8847
ASN00009800,121.8511,-33.8097
ASN00009816,121.3014,-33.7256
ASN00009829,120.3256,-33.8911
ASN00009832,118.0039,-34.9469
ASN00009837,118.6211,-34.4889
ASN00009847,122.7150,-33.7794
ASN00009865,118.8867,-34.3997
ASN00009868,120.8653,-33.7078
ASN00009870,122.2083,-33.9161
ASN00009893,116.0081,-32.9233
ASN00009899,118.0789,-34.8883
ASN00009904,116.1072,-34.5967
ASN00009906,116.2333,-34.1378
ASN00009914,116.6464,-33.3197
ASN00009915,115.9211,-32.9981
ASN00009916,115.8119,-33.6422
ASN00009917,115.7878,-33.7058
ASN00009922,121.1972,-33.6492
ASN00009924,116.4969,-34.2489
ASN00009930,118.0467,-34.8794
ASN00009954,122.0844,-33.8097
ASN00009963,115.0153,-33.6858
ASN00010007,117.8603,-30.8081
ASN00010018,117.1739,-30.5325
ASN00010024,116.8575,-31.1631
ASN00010047,118.1514,-31.0467
ASN00010056,116.4169,-31.8042
ASN00010072,117.6586,-31.7211
ASN00010083,118.1961,-31.3725
ASN00010122,117.4875,-31.8308
ASN00010160,117.1194,-31.4533
ASN00010195,116.7122,-29.2392
ASN00010244,116.4781,-31.7603
ASN00010250,116.9242,-31.1350
ASN00010251,118.0592,-31.2867
ASN00010287,117.5631,-31.5261
ASN00010289,117.4317,-31.7364
ASN00010504,117.5181,-34.0811
ASN00010520,117.0539,-33.6614
ASN00010536,117.8733,-32.3292
ASN00010592,118.4625,-33.1006
ASN00010603,118.2003,-32.4231
ASN00010607,118.1925,-32.7608
ASN00010614,117.1797,-32.9342
ASN00010618,119.1008,-33.1794
ASN00010626,117.0831,-32.5336
ASN00010633,120.0458,-33.5803
ASN00010647,117.3403,-33.3075
ASN00010703,118.1125,-33.9481
ASN00010707,118.9200,-33.9411
ASN00010725,117.6614,-33.4458
ASN00010806,118.2606,-33.2706
ASN00010823,117.6444,-32.2344
ASN00010849,118.8281,-34.2647
ASN00010851,119.2936,-32.8192
ASN00010869,120.1833,-33.5942
ASN00010870,119.6608,-33.6914
ASN00010874,117.2297,-34.0161
ASN00010875,117.1750,-33.9036
ASN00010880,118.9894,-34.3131
ASN00010895,119.9344,-33.3994
ASN00010896,120.1178,-33.4331
ASN00010897,118.5042,-34.2206
ASN00011019,126.3008,-32.2464
ASN00011032,125.2019,-31.5803
ASN00011041,125.2936,-30.7428
ASN00011048,125.3953,-32.1761
ASN00012032,121.6758,-29.0872
ASN00012051,121.9158,-29.8272
ASN00012062,121.6775,-28.3897
ASN00012066,121.0633,-30.3764
ASN00012082,121.0789,-28.0067
ASN00012096,119.3058,-28.1419
ASN00012106,121.6650,-31.0731
ASN00012112,119.9861,-27.5389
ASN00012176,120.9706,-28.6781
ASN00012187,121.8272,-29.4711
ASN00012205,120.5669,-29.7514
ASN00012221,118.8361,-31.3692
ASN00012255,122.2714,-33.5656
ASN00012260,121.0786,-33.5222
ASN00012267,121.2014,-33.5425
ASN00012280,121.6131,-27.7036
ASN00012283,121.1506,-28.7175
ASN00012291,120.9150,-33.4578
ASN00012293,122.6000,-33.6211
ASN00012297,122.5867,-33.4853
ASN00012298,119.4522,-31.7575
ASN00012306,122.9469,-33.5239
ASN00012308,122.0697,-33.3356
ASN00013024,122.8078,-26.5172
ASN00013032,121.3533,-25.6361
ASN00014073,131.4576,-13.5835
ASN00014092,131.1042,-13.2373
ASN00014170,130.8283,-12.4582
ASN00014180,132.9255,-11.5472
ASN00014183,130.9713,-12.8324
ASN00014218,130.8409,-12.4331
ASN00014222,131.0763,-12.6374
ASN00014227,130.9248,-12.3887
ASN00014246,130.9057,-12.3784
ASN00014505,135.7424,-14.2785
ASN00014509,136.8391,-12.2609
ASN00014610,133.1320,-14.9230
ASN00014613,133.4008,-15.8326
ASN00014628,134.6504,-16.4550
ASN00014636,132.9036,-16.5481
ASN00014707,137.9462,-17.2122
ASN00014708,136.3538,-15.6228
ASN00014713,137.8736,-19.1385
ASN00014715,135.8520,-16.6597
ASN00014807,131.7642,-16.6652
ASN00014823,129.8874,-17.2297
ASN00014852,129.3459,-17.9977
ASN00014853,129.0407,-15.9700
ASN00014913,130.4935,-13.7447
ASN00014919,132.7857,-14.5266
ASN00014939,131.8443,-14.8648
ASN00014940,131.3469,-14.4995
ASN00015085,135.9450,-18.6370
ASN00015140,133.8216,-19.4457
ASN00015147,135.6627,-17.7839
ASN00015151,137.2441,-19.2815
ASN00015502,134.4029,-21.0025
ASN00015521,134.4229,-23.2837
ASN00015545,134.9173,-22.9784
ASN00015551,135.4595,-22.8953
ASN00015562,133.4315,-24.3611
ASN00015579,135.4268,-24.0137
ASN00015596,134.0500,-22.9027
ASN00015603,133.3027,-25.8428
ASN00015608,134.6752,-21.0434
ASN00015611,131.1685,-22.7228
ASN00015616,134.4887,-23.5943
ASN00015627,134.2431,-25.2141
ASN00015642,133.0848,-24.1267
ASN00015648,133.8978,-23.6925
ASN00016088,133.2979,-27.3150
ASN00017007,135.5879,-27.6286
ASN00017051,138.6359,-30.7675
ASN00017089,138.2548,-27.7205
ASN00018023,135.7266,-34.2644
ASN00018040,136.4125,-33.1414
ASN00018046,135.7571,-33.5679
ASN00018069,134.8880,-33.6501
ASN00018079,134.2116,-32.7963
ASN00018187,136.4891,-32.9587
ASN00019100,139.2825,-32.7837
ASN00019103,138.1576,-32.6682
ASN00019104,138.6003,-33.0371
ASN00019107,138.7176,-31.3667
ASN00020048,140.2299,-32.4932
ASN00020052,139.6187,-32.0575
ASN00021001,138.6846,-34.0260
ASN00021003,138.4901,-33.8450
ASN00021045,138.2244,-33.5407
ASN00021111,138.5736,-33.5425
ASN00021117,138.1272,-34.0212
ASN00021123,138.7166,-33.9394
ASN00021124,138.2111,-33.1913
ASN00022009,137.5952,-34.7708
ASN00022037,137.7968,-34.3687
ASN00022045,137.8770,-34.5763
ASN00022837,137.2615,-35.7905
ASN00023076,138.2587,-34.4320
ASN00023081,138.5774,-34.7715
ASN00023309,138.8684,-34.5927
ASN00023354,139.0077,-34.3121
ASN00023359,138.5878,-34.1824
ASN00023373,139.0056,-34.4761
ASN00023713,138.7887,-35.0960
ASN00023718,138.7638,-35.4987
ASN00023733,138.8509,-35.0639
ASN00023735,138.6223,-35.3497
ASN00023799,138.7342,-35.2183
ASN00023808,138.6415,-35.3001
ASN00023825,138.8067,-35.5288
ASN00024001,140.4708,-34.2591
ASN00024024,140.5978,-34.4390
ASN00024028,140.6934,-34.0849
ASN00024029,140.1860,-34.2159
ASN00024519,138.9701,-35.4068
ASN00024542,139.2760,-34.7315
ASN00025000,140.5036,-34.7314
ASN00025009,140.8561,-34.7033
ASN00025017,140.1307,-34.9413
ASN00025041,140.5789,-34.5922
ASN00025051,140.0791,-34.5876
ASN00025538,140.5473,-36.1519
ASN00025543,139.8658,-35.5507
ASN00025550,140.8181,-36.4049
ASN00026018,140.3426,-37.5872
ASN00026026,139.7560,-37.1628
ASN00026050,140.1264,-37.3981
ASN00026053,140.1900,-36.9989
ASN00026071,140.1609,-37.2068
ASN00026079,140.9260,-37.0467
ASN00026094,139.9947,-36.9563
ASN00026111,140.4257,-37.9268
ASN00027015,142.6389,-12.4536
ASN00027031,142.3844,-10.8969
ASN00027034,142.6706,-12.6608
ASN00027049,142.6689,-13.6578
ASN00027050,142.5822,-11.7508
ASN00028022,143.6694,-16.5419
ASN00028023,144.1994,-14.9258
ASN00028027,143.4786,-15.6119
ASN00028031,143.5864,-14.7317
ASN00029001,139.8706,-18.5447
ASN00029004,139.5475,-17.7425
ASN00029012,142.2447,-18.2044
ASN00029016,142.5742,-18.8525
ASN00029045,142.5603,-17.8619
ASN00029047,138.6386,-19.6242
ASN00029051,141.9050,-20.0158
ASN00029054,142.6575,-18.2092
ASN00029057,141.7108,-17.1833
ASN00029068,139.1381,-18.1689
ASN00029089,140.6806,-20.1408
ASN00029091,140.1608,-19.8253
ASN00029094,139.3661,-19.6881
ASN00029100,139.2516,-18.6419
ASN00029106,139.7250,-20.1167
ASN00029110,141.8228,-15.6386
ASN00029111,141.3161,-16.9933
ASN00029113,141.6253,-18.0697
ASN00029114,142.2394,-19.6028
ASN00029130,139.5861,-20.9542
ASN00029131,139.8433,-20.0200
ASN00029136,140.4986,-21.3661
ASN00029144,141.5481,-20.4350
ASN00030006,143.7375,-20.6694
ASN00030020,141.8942,-21.2333
ASN00030027,144.1433,-18.8756
ASN00030057,144.3644,-21.2139
ASN00030081,143.1097,-20.2631
ASN00030084,144.1811,-17.3908
ASN00030094,145.6994,-20.6914
ASN00030099,144.6883,-19.9683
ASN00030112,143.2531,-18.8242
ASN00030123,143.5767,-20.8217
ASN00030130,145.6125,-19.8900
ASN00030136,145.8917,-20.9481
ASN00030160,144.9769,-19.0000
ASN00031009,144.8753,-15.8472
ASN00031034,145.5656,-17.2150
ASN00031122,145.1700,-17.0506
ASN00031129,145.0361,-15.3886
ASN00031155,145.3319,-14.9569
ASN00031166,145.7647,-16.9283
ASN00031167,145.7311,-17.4694
ASN00031168,145.6000,-17.5875
ASN00031189,145.5672,-16.6583
ASN00032028,145.6100,-18.1403
ASN00032064,146.2057,-19.0074
ASN00032100,144.8000,-18.4833
ASN00032102,145.7528,-17.9614
ASN00032104,145.3539,-19.0947
ASN00032146,145.9203,-17.9386
ASN00033031,148.8881,-20.0564
ASN00033056,149.0000,-21.4000
ASN00033065,149.5356,-22.3458
ASN00033070,147.5992,-20.1956
ASN00033083,149.0647,-22.1203
ASN00033087,149.0006,-21.5286
ASN00033094,148.2247,-20.0133
ASN00033114,148.9919,-21.7094
ASN00033129,150.1381,-22.7983
ASN00033139,146.1100,-19.4597
ASN00033144,148.7236,-20.4706
ASN00033147,148.1450,-20.1867
ASN00033153,147.9547,-20.2042
ASN00033155,150.3394,-22.8244
ASN00033157,148.5150,-20.3469
ASN00033163,150.6133,-22.7617
ASN00033179,148.7236,-21.0956
ASN00033202,149.6678,-22.5664
ASN00033203,149.0453,-20.9217
ASN00033248,149.5217,-22.9256
ASN00033257,148.2152,-20.0151
ASN00033260,150.9600,-23.1600
ASN00034017,146.1928,-20.9067
ASN00034060,148.5697,-21.7278
ASN00034084,146.2708,-20.0464
ASN00035014,149.9614,-26.1206
ASN00035059,148.6261,-24.4619
ASN00035065,148.0856,-24.1230
ASN00035069,146.2564,-24.8819
ASN00035070,149.7958,-25.6408
ASN00035115,149.7947,-25.6408
ASN00035120,148.8317,-25.3639
ASN00035123,149.4183,-25.9383
ASN00035153,148.1383,-22.9239
ASN00035164,146.4636,-23.4078
ASN00035165,146.6139,-24.0717
ASN00035170,148.9231,-23.1014
ASN00035174,149.2664,-24.4686
ASN00035182,149.6331,-25.6753
ASN00035188,147.4967,-24.6978
ASN00035196,148.6444,-23.0383
ASN00035197,148.1439,-23.7250
ASN00035200,146.1108,-24.7886
ASN00035202,149.7278,-25.0997
ASN00035204,148.8208,-24.0606
ASN00035209,148.4828,-24.4222
ASN00035212,148.0486,-23.8878
ASN00035228,147.9247,-22.8544
ASN00035242,150.1297,-25.8986
ASN00035258,147.5133,-22.2375
ASN00035272,149.7728,-25.7736
ASN00036025,143.6325,-24.2217
ASN00036055,146.1525,-22.6833
ASN00036073,144.1028,-22.7064
ASN00036083,146.5694,-22.7044
ASN00036084,147.1317,-22.8072
ASN00036090,146.0592,-23.1714
ASN00036092,144.8339,-22.4583
ASN00036095,146.0014,-21.8497
ASN00036096,145.8147,-21.7447
ASN00036101,145.6544,-23.4914
ASN00036113,144.4783,-23.8722
ASN00036118,144.2325,-24.1478
ASN00036126,144.1442,-24.7014
ASN00036127,143.8314,-24.6017
ASN00036130,143.7539,-24.3350
ASN00036133,144.5003,-25.7211
ASN00036134,145.0694,-24.3972
ASN00036135,145.2139,-24.4572
ASN00036140,143.8306,-24.7033
ASN00037000,142.4900,-22.1542
ASN00037002,143.3850,-22.8200
ASN00037011,138.6117,-21.9714
ASN00037025,143.8031,-21.5500
ASN00037046,142.4731,-22.2903
ASN00037078,141.5497,-22.3522
ASN00037097,143.1706,-23.3211
ASN00037106,139.9728,-21.8831
ASN00037107,139.9164,-21.7644
ASN00038006,140.3075,-23.7308
ASN00038010,138.8036,-22.9144
ASN00038015,140.5558,-24.8217
ASN00038044,140.3603,-23.2436
ASN00038050,140.9847,-25.2336
ASN00038052,139.9583,-23.0581
ASN00038058,142.9153,-25.3122
ASN00039011,151.9100,-24.8878
ASN00039073,151.2986,-25.5908
ASN00039085,153.2089,-24.7298
ASN00039100,152.0128,-24.5536
ASN00039145,150.4939,-24.6750
ASN00039149,150.2644,-24.6136
ASN00039158,150.0789,-24.9472
ASN00039198,152.6153,-25.1856
ASN00039207,152.2086,-25.2342
ASN00039211,151.2575,-25.0225
ASN00039220,151.6311,-24.6544
ASN00039221,152.4711,-24.9031
ASN00039224,150.5500,-25.3686
ASN00039236,150.9903,-25.1953
ASN00039242,150.6238,-23.4009
ASN00039244,150.8356,-25.2792
ASN00039266,152.3158,-25.0947
ASN00039278,150.7444,-24.8394
ASN00039285,151.9822,-24.4242
ASN00039303,152.2819,-25.2558
ASN00039311,150.4694,-24.8578
ASN00039314,151.8875,-24.1542
ASN00040014,153.0131,-28.0206
ASN00040015,153.1903,-28.1467
ASN00040118,152.6840,-26.6234
ASN00040272,152.9933,-25.9283
ASN00040302,152.1158,-27.6242
ASN00040312,152.9443,-27.7354
ASN00040319,153.3275,-27.7347
ASN00040326,152.9744,-27.4428
ASN00040388,152.2206,-27.6342
ASN00040390,152.6647,-25.6500
ASN00040397,152.1592,-27.6683
ASN00040460,153.2381,-27.6081
ASN00040469,152.3172,-25.8694
ASN00040480,152.1239,-27.2883
ASN00040485,152.5232,-28.2490
ASN00040488,153.0183,-27.4236
ASN00040490,152.5389,-28.2086
ASN00040492,152.5139,-26.6700
ASN00040496,153.1147,-26.7850
ASN00040499,151.2986,-26.2239
ASN00040512,152.9856,-27.6542
ASN00040517,152.7539,-27.1953
ASN00040523,152.5356,-28.2653
ASN00040530,152.9883,-27.5853
ASN00040550,153.2369,-28.2452
ASN00040561,152.8314,-26.5139
ASN00040583,153.0742,-28.2714
ASN00040633,152.9583,-27.2831
ASN00040674,152.2003,-26.6614
ASN00040677,152.6557,-28.1752
ASN00040686,152.8208,-26.1842
ASN00040688,152.4919,-25.9575
ASN00040717,153.5053,-28.1681
ASN00040721,152.0522,-26.0933
ASN00040842,153.1292,-27.3917
ASN00040856,153.0891,-25.9007
ASN00040951,152.9829,-27.6285
ASN00040965,153.0867,-27.2442
ASN00041015,150.8331,-27.6481
ASN00041016,151.2025,-27.5331
ASN00041082,151.6333,-27.7156
ASN00041109,151.8114,-28.0244
ASN00041127,151.0886,-27.8308
ASN00041140,151.2553,-27.1864
ASN00041168,151.3025,-26.7064
ASN00041187,150.9767,-27.0017
ASN00041197,150.8725,-27.3203
ASN00041236,151.1683,-27.2447
ASN00041244,151.3967,-27.1356
ASN00041249,151.3947,-28.0136
ASN00041257,151.1019,-27.2314
ASN00041264,151.0497,-26.8194
ASN00041304,151.7847,-28.3219
ASN00041323,152.2861,-28.0187
ASN00041338,151.8433,-28.8000
ASN00041340,151.0739,-28.4203
ASN00041347,151.0200,-28.7447
ASN00041371,151.6817,-28.4572
ASN00041376,151.3481,-28.5389
ASN00041395,150.4503,-28.1700
ASN00041405,151.7387,-27.7952
ASN00041413,151.5619,-28.3583
ASN00041438,152.0067,-28.3619
ASN00041454,151.9333,-28.8333
ASN00041459,151.0772,-26.4997
ASN00041483,151.2364,-26.6317
ASN00041493,150.4539,-27.4967
ASN00041504,151.4117,-27.7358
ASN00041509,150.3483,-27.6783
ASN00041510,151.9481,-27.4722
ASN00042003,149.1233,-28.2347
ASN00042034,150.0019,-27.1689
ASN00042045,150.1067,-26.4914
ASN00042075,150.8389,-26.1597
ASN00042082,150.6881,-26.0211
ASN00042087,150.1117,-28.2444
ASN00042091,150.8925,-26.4486
ASN00042102,150.1425,-27.9364
ASN00043035,149.0703,-27.1590
ASN00043037,149.0894,-26.2094
ASN00043052,149.4969,-27.0006
ASN00043053,148.5808,-28.0394
ASN00043059,148.4061,-26.1739
ASN00043081,149.1803,-26.9539
ASN00043082,148.5794,-27.1703
ASN00043093,148.5372,-26.6064
ASN00043106,148.1314,-26.5089
ASN00044006,146.4250,-25.8031
ASN00044009,146.9136,-27.2608
ASN00044011,147.6672,-26.8175
ASN00044016,146.7333,-25.7661
ASN00044047,147.6942,-26.4400
ASN00044069,147.2961,-27.1631
ASN00044070,147.0394,-26.3750
ASN00044079,147.3194,-26.7731
ASN00044112,147.9483,-27.4419
ASN00044129,144.9992,-26.4214
ASN00044131,147.3036,-27.5428
ASN00044174,145.8281,-27.6200
ASN00044190,146.8431,-25.4697
ASN00044191,145.4408,-26.9353
ASN00044195,147.0875,-26.1717
ASN00044210,145.7350,-28.4264
ASN00045028,141.0194,-26.7614
ASN00045030,143.9014,-27.3542
ASN00045037,143.9344,-26.8731
ASN00046013,142.3229,-30.9719
ASN00046107,142.2913,-31.6201
ASN00046124,142.4340,-29.8718
ASN00047008,141.0784,-32.4555
ASN00047033,142.5719,-33.4268
ASN00048006,145.8068,-29.1581
ASN00048176,147.0493,-29.9744
ASN00049002,143.5610,-34.6398
ASN00049117,146.4856,-32.2479
ASN00050007,147.2846,-33.1624
ASN00050086,147.7348,-32.4006
ASN00050103,147.1901,-33.9380
ASN00050112,147.1908,-32.0385
ASN00050140,146.6136,-32.0875
ASN00051014,148.0383,-31.1255
ASN00051026,146.7181,-31.5629
ASN00051039,147.1961,-31.5495
ASN00051062,148.0161,-31.2594
ASN00051072,147.9026,-31.0228
ASN00052020,148.9899,-28.9786
ASN00052066,148.7567,-30.1962
ASN00052074,149.0230,-30.3471
ASN00053103,149.6714,-30.4532
ASN00054004,150.5715,-29.8673
ASN00054024,150.5298,-30.4291
ASN00054028,150.9157,-29.9573
ASN00054116,150.6935,-30.3030
ASN00054138,150.3889,-30.1560
ASN00055118,150.7001,-30.9179
ASN00055169,151.0687,-31.1866
ASN00055176,151.0842,-31.2573
ASN00055183,150.8606,-31.2962
ASN00055186,151.2945,-31.3432
ASN00055252,150.7859,-31.7199
ASN00055272,150.2431,-30.8461
ASN00055283,150.7772,-30.6946
ASN00055301,149.7660,-31.0108
ASN00055302,151.1358,-31.3556
ASN00055319,150.5862,-30.6126
ASN00055331,150.5784,-30.7299
ASN00056011,151.7366,-29.7368
ASN00056141,152.1144,-28.8867
ASN00056161,151.8774,-30.1575
ASN00056202,152.1552,-28.9776
ASN00056203,152.1343,-29.0455
ASN00056211,152.2528,-28.9100
ASN00056234,151.5855,-30.9874
ASN00056239,152.0974,-28.7014
ASN00057019,152.7255,-28.9066
ASN00057033,152.0427,-30.5112
ASN00057066,152.5167,-29.3466
ASN00057095,152.4507,-28.7551
ASN00057102,152.3133,-30.4489
ASN00057106,151.8150,-30.3900
ASN00057109,151.7865,-31.0567
ASN00058012,153.3633,-29.4333
ASN00058026,152.8296,-28.4414
ASN00058097,153.2792,-29.1514
ASN00058103,153.5475,-28.5513
ASN00058109,153.1689,-28.3672
ASN00058137,153.5778,-28.2562
ASN00058141,152.9827,-28.4119
ASN00058149,153.3526,-29.4053
ASN00058156,153.1652,-28.3418
ASN00058195,152.9668,-28.5063
ASN00059042,152.9782,-30.0500
ASN00059109,152.8207,-30.8781
ASN00060092,152.5353,-31.7840
ASN00060102,152.0210,-31.8260
ASN00060122,152.2739,-31.8922
ASN00060127,151.3428,-31.5022
ASN00061017,151.7582,-32.4022
ASN00061051,150.8363,-31.7651
ASN00061086,150.9093,-32.4972
ASN00061089,150.9272,-32.0632
ASN00061092,151.3335,-32.5932
ASN00061133,151.6099,-32.9906
ASN00061242,151.3490,-32.8093
ASN00061261,150.2420,-31.9983
ASN00061300,150.7984,-31.9224
ASN00061306,150.6580,-31.8988
ASN00061319,151.3545,-33.4137
ASN00061322,151.5794,-33.0025
ASN00061342,150.6299,-31.9864
ASN00061357,151.4099,-33.1549
ASN00061376,151.5382,-33.0759
ASN00062080,150.0970,-32.3580
ASN00062101,149.6149,-32.5628
ASN00062102,150.0817,-32.5204
ASN00063087,149.7396,-33.8462
ASN00063098,148.8491,-33.7439
ASN00063227,150.3665,-33.6976
ASN00063228,150.2264,-33.7394
ASN00063275,150.7160,-33.4184
ASN00063291,149.6540,-33.4120
ASN00064025,149.7200,-31.8231
ASN00065100,148.2288,-32.9874
ASN00066078,150.9800,-34.0517
ASN00066142,151.1818,-33.6761
ASN00066153,151.2556,-33.7822
ASN00066160,151.2341,-33.8959
ASN00066164,151.0577,-33.8771
ASN00066183,151.2752,-33.6721
ASN00066188,151.2173,-33.7402
ASN00067037,150.8868,-33.6947
ASN00067042,150.9498,-33.7610
ASN00067076,150.8758,-33.7366
ASN00067090,151.0760,-33.5680
ASN00068080,150.7312,-34.9158
ASN00068101,150.4785,-34.5397
ASN00068125,150.5052,-34.0904
ASN00068159,150.8097,-34.1653
ASN00068195,150.4026,-34.6368
ASN00069018,150.1532,-35.9093
ASN00069088,149.4735,-36.1935
ASN00069099,150.0656,-35.0903
ASN00069110,149.6266,-37.0929
ASN00069118,149.6414,-35.5563
ASN00069121,150.2857,-35.4411
ASN00069131,150.1250,-36.1675
ASN00070005,149.2379,-36.9113
ASN00070020,149.8331,-34.5558
ASN00070091,148.9113,-34.8313
ASN00070169,149.0840,-35.1966
ASN00070195,148.8475,-36.6053
ASN00070199,149.5134,-36.0767
ASN00070231,149.0492,-35.3266
ASN00070242,149.0742,-35.2572
ASN00070256,149.0973,-35.3621
ASN00070263,149.7034,-34.7495
ASN00070268,148.7948,-35.0156
ASN00070270,149.2636,-36.2118
ASN00070290,149.4269,-34.9398
ASN00070295,149.1208,-34.5327
ASN00070297,148.9364,-34.5991
ASN00070308,149.0870,-35.3757
ASN00070327,149.2640,-35.0277
ASN00071007,148.6092,-36.4160
ASN00071038,148.7333,-36.5333
ASN00071040,148.8106,-35.7858
ASN00071041,148.3040,-36.5031
ASN00071042,148.4677,-36.6022
ASN00071073,148.7475,-35.3884
ASN00072012,147.7263,-35.6043
ASN00072043,148.0141,-35.7780
ASN00072103,148.2106,-35.8445
ASN00072159,147.9402,-35.3019
ASN00073014,148.1718,-33.9029
ASN00073054,147.2418,-33.9262
ASN00073129,148.6857,-34.1567
ASN00073136,148.7120,-34.8918
ASN00074020,147.0821,-33.9387
ASN00074094,146.5071,-34.2070
ASN00074100,146.4450,-35.9048
ASN00074233,146.7389,-34.2320
ASN00074237,147.1446,-35.2469
ASN00074241,147.3582,-35.1073
ASN00074249,145.8904,-34.8016
ASN00074257,146.7338,-35.4831
ASN00075010,145.7885,-34.5131
ASN00075032,145.5249,-33.4915
ASN00075064,145.5472,-34.4774
ASN00075066,146.7283,-33.4219
ASN00075080,144.6966,-35.1721
ASN00075081,144.4560,-35.0365
ASN00075164,143.5718,-35.0461
ASN00075167,145.4654,-33.7433
ASN00076023,141.3923,-34.4613
ASN00076047,142.3158,-35.0694
ASN00076108,141.6922,-35.1683
ASN00076110,141.0054,-34.9470
ASN00077015,142.5432,-35.5574
ASN00077034,143.4992,-35.9296
ASN00078077,142.4050,-36.2614
ASN00079071,141.0834,-36.9681
ASN00079086,143.1230,-36.8637
ASN00079089,143.1058,-36.8303
ASN00080002,143.7229,-36.1160
ASN00080126,143.9111,-35.7175
ASN00081091,143.6958,-36.5486
ASN00081114,145.2278,-36.4344
ASN00081115,144.8726,-36.6284
ASN00081118,144.6203,-36.8093
ASN00082089,145.5680,-37.0018
ASN00082099,147.0710,-36.5171
ASN00082117,147.0995,-36.1256
ASN00084009,148.9386,-37.5414
ASN00084070,149.2747,-37.8017
ASN00084085,149.0003,-37.4315
ASN00084100,147.6206,-37.8333
ASN00085152,146.6717,-38.4856
ASN00085180,146.0646,-38.3591
ASN00085194,145.8892,-38.1811
ASN00085208,145.7677,-38.0658
ASN00085256,146.5478,-37.5125
ASN00086059,145.2518,-37.6830
ASN00086234,145.2847,-37.7869
ASN00086299,145.3561,-38.0222
ASN00086313,145.2098,-37.7469
ASN00086324,145.2964,-37.8797
ASN00086357,145.0998,-38.2765
ASN00086377,145.0752,-37.4225
ASN00087114,144.5870,-38.1660
ASN00087115,144.0953,-37.5756
ASN00087123,144.1567,-37.9479
ASN00087141,144.6731,-37.4625
ASN00087161,144.5026,-37.6292
ASN00088019,143.8789,-37.4172
ASN00088029,144.6935,-36.9579
ASN00088158,145.2831,-37.2714
ASN00089068,143.7864,-37.9324
ASN00089078,142.7992,-37.5933
ASN00089087,143.8542,-37.9828
ASN00089103,143.2189,-37.9708
ASN00089109,143.1961,-37.3598
ASN00090004,143.7482,-38.4670
ASN00090140,141.5842,-37.3644
ASN00091007,147.3917,-41.0067
ASN00091009,145.9431,-41.0661
ASN00091100,144.8400,-40.4472
ASN00091129,145.9639,-41.2500
ASN00091149,146.4975,-41.3969
ASN00091167,147.1825,-41.5711
ASN00091197,147.4386,-41.4864
ASN00091225,147.4917,-41.4761
ASN00091272,147.1053,-41.0161
ASN00091278,146.6703,-41.4656
ASN00091284,147.3869,-41.0025
ASN00091321,145.9342,-41.3961
ASN00092007,148.2842,-41.6711
ASN00092040,148.0678,-42.0692
ASN00092067,148.0178,-40.8586
ASN00092127,147.9347,-42.5436
ASN00093013,147.2864,-42.3750
ASN00093014,147.3711,-42.3006
ASN00093033,147.4931,-41.9347
ASN00093038,147.4650,-42.2681
ASN00093039,147.3500,-42.1283
ASN00094027,146.8731,-43.4144
ASN00094070,147.2467,-43.3181
ASN00094081,147.2467,-42.6425
ASN00094090,147.3572,-42.8119
ASN00094166,147.3611,-43.0903
ASN00094172,147.3589,-42.6531
ASN00094190,147.3133,-42.5350
ASN00097037,144.9100,-41.2636
ASN00097047,145.2083,-41.4892
ASN00099019,147.8358,-39.8369
BKM00014654,18.4228,43.8678
BOM00026566,29.9830,55.8330
BOM00026736,25.9330,54.4330
BOM00026745,26.9000,54.4830
BOM00026825,24.0500,53.6000
BOM00026863,30.0670,53.9500
BOM00026929,24.4670,52.5670
BOM00026947,26.4330,52.7500
BOM00033001,23.3830,52.3670
BOM00033105,28.3330,51.7830
BR000047002,-47.3830,-0.6170
BR000338014,-38.9800,-3.6700
BR001443000,-43.5500,-14.7900
BR001444003,-44.4100,-14.7500
BR001444005,-44.4100,-14.2800
BR001452000,-52.3500,-14.7000
BR001456001,-56.8500,-14.5200
BR001456003,-56.8100,-14.4500
BR001456004,-56.1200,-14.6500
BR001544017,-44.4000,-15.6000
BR001544019,-44.0000,-15.9300
BR001556000,-56.2300,-15.3500
BR001557001,-57.1800,-15.0800
BR001558005,-58.4600,-15.8500
BR001641007,-41.5000,-16.6900
BR001641010,-41.7700,-16.6200
BR001641011,-41.4800,-16.2300
BR001642014,-42.9200,-16.5900
BR001643020,-43.7200,-16.3200
BR001644028,-44.1200,-16.7000
BR001645005,-45.7400,-16.3000
BR001645009,-45.0800,-16.6600
BR001645013,-45.0300,-16.8100
BR001646003,-46.7200,-16.5300
BR001655003,-55.5200,-16.7300
BR001741003,-41.2400,-17.4900
BR001741013,-41.4800,-17.0700
BR001745000,-45.8800,-17.1500
BR001745007,-45.5400,-17.0300
BR001746006,-46.3500,-17.6600
BR001747005,-47.1000,-17.7700
BR001756000,-56.5900,-17.0600
BR001840010,-40.6900,-18.8100
BR001840011,-40.7200,-18.1900
BR001840012,-40.1400,-18.1500
BR001840013,-40.8400,-18.3700
BR001840015,-40.6000,-18.2100
BR001840016,-40.4600,-18.4900
BR001840017,-40.4100,-18.3200
BR001840019,-40.4400,-18.7000
BR001841006,-41.2000,-18.6800
BR001841008,-41.1100,-18.0500
BR001841009,-41.1200,-18.9100
BR001841011,-41.6400,-18.9800
BR001841018,-41.3100,-18.7600
BR001842008,-42.4600,-18.2000
BR001844010,-44.1900,-18.6700
BR001845002,-45.6500,-18.4600
BR001846002,-46.9700,-18.9300
BR001846003,-46.0400,-18.7100
BR001846004,-46.8000,-18.8500
BR001846006,-46.8000,-18.5600
BR001847007,-47.8800,-18.5800
BR001848004,-48.7800,-18.7000
BR001848006,-48.6900,-18.6000
BR001849006,-49.0700,-18.7700
BR001854001,-54.5600,-18.1200
BR001939002,-39.7900,-19.5800
BR001940021,-40.2700,-19.8300
BR001942008,-42.1000,-19.3700
BR001944026,-44.4500,-19.9600
BR001944031,-44.5500,-19.4200
BR001944048,-44.4200,-19.9900
BR001945008,-45.2600,-19.7400
BR001945035,-45.4400,-19.1600
BR001946002,-46.9330,-19.5670
BR001946008,-46.6900,-19.1100
BR001946009,-46.0400,-19.3200
BR001946010,-46.4100,-19.7500
BR001946011,-46.8300,-19.9300
BR001947007,-47.3000,-19.3500
BR001948005,-48.5700,-19.2500
BR001948006,-48.1900,-18.9900
BR001949002,-49.1800,-19.3600
BR001949003,-49.7900,-19.2100
BR001949005,-49.0800,-19.7000
BR001950000,-50.1900,-19.7200
BR001954002,-54.8900,-19.9500
BR001954003,-54.9800,-19.4400
BR001954004,-54.0400,-19.5300
BR001956004,-56.0900,-19.0000
BR001957006,-57.4400,-19.6000
BR002040003,-40.3200,-20.1900
BR002040015,-40.7800,-20.2800
BR002040023,-40.9300,-20.3000
BR002042018,-42.9000,-20.3800
BR002043042,-43.8900,-20.1600
BR002043043,-43.9500,-20.2900
BR002044016,-44.5100,-20.1700
BR002044019,-44.4500,-20.0500
BR002044020,-44.4900,-20.0700
BR002044021,-44.4000,-20.1100
BR002044024,-44.3300,-20.0100
BR002044026,-44.4700,-20.1300
BR002044040,-44.0500,-20.6400
BR002044041,-44.4800,-20.1000
BR002044042,-44.8700,-20.5600
BR002044047,-44.4700,-20.0200
BR002045010,-45.5400,-20.2900
BR002045011,-45.5400,-20.0400
BR002045013,-45.3000,-20.0800
BR002046013,-46.3700,-20.3300
BR002047037,-47.0200,-20.0100
BR002055001,-55.3900,-20.1300
BR002055004,-55.6400,-20.0700
BR002142014,-42.6400,-21.8800
BR002156000,-56.5200,-21.1200
BR002241001,-41.0500,-22.0500
BR002448036,-48.4800,-24.7500
BR002449063,-49.4700,-24.9700
BR037335980,-43.0170,-6.7670
BR037897030,-40.4830,-9.3830
CA001026270,-127.3667,50.6833
CA001096458,-122.7333,54.0500
CA001163780,-120.4500,50.7000
CA002100517,-133.3667,62.2000
CA002202200,-111.9667,60.0167
CA002202400,-115.7833,60.8333
CA002300902,-115.1500,67.8167
CA0023026HN,-111.2500,65.7667
CA003013770,-111.8667,53.5333
CA003015405,-111.7333,53.4167
CA003016650,-113.0333,53.5000
CA003024210,-114.1333,52.1167
CA003060523,-113.5333,54.7333
CA003064964,-114.7500,54.0333
CA004012381,-104.8500,51.8000
CA004043900,-109.1833,51.5167
CA004067PR5,-105.8333,59.2500
CA005062922,-97.8667,55.8000
CA006016527,-90.2167,51.4500
CA006032119,-92.7500,49.8333
CA006042716,-86.9333,49.7833
CA006049466,-89.9167,48.2833
CA006073975,-82.4667,49.4167
CA006115525,-79.3000,44.9667
CA007043018,-63.6000,50.2833
CA007057692,-67.3833,48.6833
CA00708DBCE,-79.0167,47.4333
CA008100468,-64.8667,47.8000
CA008103845,-66.7333,45.1000
CA008203510,-63.5667,45.7667
CD000004758,18.6800,12.1800
CT000004659,26.5000,5.4000
CYE00115566,32.4831,34.7167
EN000026242,26.4614,58.2639
EZE00100082,14.4164,50.0864
FI000002401,25.6783,62.4019
FI000007501,26.6328,67.3678
FIE00141810,21.3708,59.7842
FIE00141985,22.5608,60.1531
FIE00142045,23.2939,60.0519
FIE00142166,24.3028,60.4144
FIE00142311,25.0708,60.1042
FIE00142836,24.3650,60.6856
FIE00142986,25.2656,60.8775
FIE00143011,25.0400,61.1828
FIE00143281,28.6831,61.3681
FIE00143561,23.5000,61.8000
FIE00143621,24.3500,61.6667
FIE00143676,24.6214,61.4969
FIE00143681,24.0203,61.8853
FIE00143686,24.0406,61.5178
FIE00143787,25.0181,62.4417
FIE00143812,25.0539,62.4103
FIE00143937,26.8000,62.1167
FIE00144027,27.2667,61.9500
FIE00144462,23.4142,63.4331
FIE00144467,23.2831,62.9000
FIE00144527,24.5667,63.0331
FIE00144537,24.1667,63.4667
FIE00144602,25.6467,63.2983
FIE00144682,26.6667,63.2000
FIE00144847,28.0000,63.3667
FIE00144937,29.0100,63.0117
FIE00145012,30.4331,63.4331
FIE00145017,30.5331,63.2831
FIE00145027,30.1331,62.7831
FIE00145037,30.2831,62.5667
FIE00145132,23.4331,63.8831
FIE00145297,25.4725,63.6083
FIE00145412,27.8058,63.7783
FIE00145417,27.4389,63.8800
FIE00145422,27.1331,64.4000
FIE00145482,28.1667,64.4831
FIE00145487,28.6217,64.4692
FIE00145547,29.1167,64.4331
FIE00145557,29.3169,64.0553
FIE00145562,30.1700,64.2975
FIE00145682,26.7831,64.5667
FIE00145782,28.9167,64.8831
FIE00145807,28.0328,64.6656
FIE00145822,29.6831,64.7167
FIE00145877,24.7831,65.6831
FIE00145932,25.3667,66.3667
FIE00145937,25.9500,65.6500
FIE00145987,26.1167,66.1331
FIE00146047,28.1489,66.1158
FIE00146077,29.8667,65.9167
FIE00146117,29.5242,65.5194
FIE00146323,27.5000,66.6667
FIE00146328,27.7075,66.5592
FIE00146418,22.4981,68.4503
FIE00146433,23.5919,68.3856
FIE00146528,26.7742,67.9289
FIE00146638,23.3392,68.5708
FIE00146778,28.5975,69.5072
FRM00007627,1.1030,43.0080
GB000004504,9.6000,1.0000
GME00121054,7.8289,48.3656
GME00121222,7.2644,49.9475
GME00121378,12.1650,52.2183
GME00121714,8.1094,48.2019
GME00121870,9.5403,47.6367
GME00122230,9.4192,54.8103
GME00122290,12.3506,49.7328
GME00122362,8.6703,50.1281
GME00122650,12.2939,48.0206
GME00122782,12.1633,52.3892
GME00122938,11.2253,49.6650
GME00123130,9.1889,50.2675
GME00123142,13.9358,53.3167
GME00123202,7.4903,51.4142
GME00123646,8.8553,48.5928
GME00123754,13.1056,54.5767
GME00124102,7.4844,50.5664
GME00124138,7.6328,48.0428
GME00124162,9.6531,49.2978
GME00124234,9.5206,54.4567
GME00124594,13.8864,51.5567
GME00124630,12.9078,51.5203
GME00125314,14.2108,50.9394
GME00125458,8.2400,50.5633
GME00125530,13.8819,51.9281
GME00125602,7.6431,51.2467
GME00125674,11.2978,48.2175
GME00125734,11.4153,51.6094
GME00125890,13.4342,51.1306
GME00126406,13.1931,53.5481
GME00126430,10.3781,48.3125
GME00126514,8.9942,47.9531
GME00126694,6.4242,50.6756
GME00127054,8.1817,53.1781
GME00127138,10.3903,47.6367
GME00127390,11.5367,49.4789
GME00127738,9.1842,48.5058
GME00127822,13.5617,52.5458
GME00128242,7.2028,49.5033
GME00128338,9.1542,51.9131
GME00128554,12.6192,49.1656
GME00129070,9.6092,53.5528
GME00129190,12.3444,50.9789
GME00129454,9.3144,48.2819
GME00129802,10.2003,53.6639
GME00130078,8.9089,48.8467
GME00130126,7.6983,48.1892
GME00130210,11.7992,50.9056
GME00130234,11.1589,47.8833
GME00130282,12.4600,52.1219
GME00130330,8.6808,48.6525
GME00130870,10.6892,53.3931
GME00131050,9.8058,54.3208
GME00131062,14.3742,53.3856
GME00131098,14.4281,51.0606
GME00131122,8.0828,53.6417
GME00131134,10.6094,49.2256
GME00132346,7.9989,47.9631
GME00132490,12.6128,50.4319
GME00132646,8.6775,49.8817
GME00132694,9.4117,47.8017
HR000142360,15.9781,45.8167
HRE00105217,16.4331,43.5167
MXN00001018,-102.4000,22.1333
MXN00001085,-102.1667,22.0833
MXN00001091,-102.7167,21.7333
MXN00001094,-102.2333,22.2833
MXN00001096,-102.1667,21.8333
MXN00001099,-102.0500,21.9667
MXN00001101,-102.0833,21.9000
MXN00001102,-102.2667,22.1333
MXN00002004,-116.4833,32.1833
MXN00002023,-115.8167,30.3167
MXN00002024,-116.5333,32.2833
MXN00002038,-116.9000,32.4333
MXN00002039,-114.1333,29.1500
MXN00002051,-114.7000,29.7167
MXN00002079,-116.2000,31.8333
MXN00002084,-115.1833,29.9667
MXN00002088,-115.9333,31.6000
MXN00002092,-115.5333,31.3167
MXN00002096,-116.0333,31.2667
MXN00002104,-116.5833,31.7833
MXN00002106,-116.5667,31.6833
MXN00002108,-116.6500,31.7000
MXN00002110,-115.0833,29.9667
MXN00002111,-115.9167,30.5167
MXN00002114,-116.5833,32.2333
MXN00002120,-116.2000,31.0667
MXN00002124,-116.6833,32.4833
MXN00002137,-115.3167,32.2500
MXN00002145,-114.8667,32.6167
MXN00002151,-114.7500,30.6333
MXN00002154,-115.0500,32.0500
MXN00003096,-109.6667,23.5333
MXN00003098,-112.6500,26.5167
MXN00003107,-112.3500,27.2500
MXN00003109,-111.1667,25.3500
MXN00003117,-114.3000,27.1333
MXN00003119,-113.7667,27.8833
MXN00003120,-110.1333,23.2167
MXN00003121,-112.6000,26.8833
MXN00003122,-113.3167,27.8333
MXN00003123,-115.0833,27.8333
MXN00003126,-112.5000,26.5167
MXN00003128,-111.2833,24.9000
MXN00003130,-111.2833,25.2667
MXN00003131,-111.2000,24.3000
MXN00003133,-111.4500,26.1333
MXN00003141,-111.7333,25.6000
MXN00003144,-109.6333,23.3333
MXN00003148,-112.5667,27.4000
MXN00003154,-111.5000,25.0833
MXN00003155,-112.5833,26.3667
MXN00003158,-112.3167,26.6167
MXN00003163,-109.7833,23.4333
MXN00003166,-112.0667,25.9500
MXN00003167,-109.9833,24.0667
MXN00003172,-112.1667,26.3333
MXN00003174,-114.0333,27.9667
MXN00003175,-110.2167,23.5667
MXN00003176,-111.2000,24.6500
MXN00003177,-110.1167,23.6833
MXN00003183,-109.9833,23.1667
MXN00004004,-91.0333,18.1833
MXN00004010,-90.7333,18.6000
MXN00004012,-90.4000,19.5000
MXN00004043,-90.1167,20.1833
MXN00004056,-91.7333,17.9333
MXN00004063,-90.1833,19.5167
MXN00004068,-90.4667,19.6667
MXN00004070,-90.0500,20.3167
MXN00004071,-90.3500,19.7167
MXN00004076,-89.5667,19.3500
MXN00005005,-100.7500,26.8333
MXN00005038,-101.3500,26.3833
MXN00005040,-103.4167,25.5167
MXN00005058,-103.3000,28.4500
MXN00005142,-101.4000,25.6833
MXN00005145,-101.2167,25.2500
MXN00005148,-100.3333,25.2833
MXN00005149,-100.5167,25.3333
MXN00005155,-101.7833,27.0333
MXN00005156,-101.4000,27.8833
MXN00005158,-101.3000,26.6167
MXN00005166,-101.3500,27.7333
MXN00005170,-101.3833,25.5167
MXN00005171,-101.7167,27.0000
MXN00005176,-100.6167,25.3667
MXN00005186,-101.0667,29.0333
MXN00006052,-103.7167,19.3000
MXN00006056,-103.8500,19.1667
MXN00006064,-104.4833,19.2167
MXN00006066,-103.9500,19.4333
MXN00006069,-104.2500,19.1500
MXN00006070,-104.1167,19.1833
MXN00006071,-103.5167,19.1500
MXN00006075,-103.9500,19.2333
MXN00007020,-93.7333,17.2167
MXN00007022,-92.0000,17.7167
MXN00007024,-92.1500,15.6167
MXN00007056,-92.3000,15.1667
MXN00007058,-92.2667,15.1000
MXN00007105,-92.3333,17.5333
MXN00007106,-93.4500,17.4000
MXN00007126,-91.9833,17.5667
MXN00007130,-93.2833,17.5500
MXN00007176,-93.1000,16.7500
MXN00007201,-93.7333,16.0833
MXN00007203,-92.5500,16.3333
MXN00007224,-92.2667,15.7500
MXN00007236,-93.0667,16.1500
MXN00007319,-93.2167,16.8667
MXN00007331,-92.3667,16.3667
MXN00007334,-92.9833,15.4167
MXN00007335,-92.7500,15.8333
MXN00007336,-92.5000,14.9500
MXN00007342,-92.8333,16.0667
MXN00007343,-92.9167,16.7500
MXN00007344,-92.9500,15.3333
MXN00007349,-93.3667,16.0500
MXN00007355,-92.8500,17.0667
MXN00007358,-92.6833,16.3833
MXN00007359,-93.3667,16.5667
MXN00007361,-92.0000,15.6833
MXN00007362,-94.0000,16.4667
MXN00007372,-93.2500,16.7833
MXN00007376,-93.7500,16.8000
MXN00007383,-93.6167,16.4833
MXN00007389,-92.3000,17.0167
MXN00007390,-92.7167,15.3500
MXN00007393,-92.4667,15.3333
MXN00007394,-92.3500,15.1833
MXN00007396,-92.3333,15.1833
MXN00008025,-105.1667,27.6833
MXN00008052,-104.1667,29.3833
MXN00008097,-108.1333,29.1833
MXN00008152,-105.8000,27.4500
MXN00008156,-105.1500,26.7333
MXN00008219,-108.0833,29.2500
MXN00008326,-107.4667,28.5000
MXN00008352,-108.2000,28.1667
MXN00009032,-99.0167,19.1833
MXN00010010,-105.1000,25.3500
MXN00010029,-105.9500,25.9167
MXN00010038,-105.4000,23.5500
MXN00010062,-105.3500,26.4333
MXN00010072,-104.2833,25.5667
MXN00010092,-104.6667,24.0167
MXN00010100,-105.4000,25.0500
MXN00010122,-106.1167,24.8833
MXN00010124,-104.7167,23.5167
MXN00010132,-104.2667,25.4167
MXN00010135,-103.7833,24.2500
MXN00010136,-103.5667,24.7000
MXN00010137,-104.9167,24.8000
MXN00010139,-104.5833,25.5333
MXN00010140,-104.1500,25.8667
MXN00010141,-105.3667,26.5167
MXN00010142,-104.5833,25.5333
MXN00010143,-105.2167,25.5667
MXN00010144,-105.0167,26.1167
MXN00010146,-103.5833,24.7333
MXN00010147,-105.7833,25.7667
MXN00010149,-105.2500,25.5000
MXN00010165,-103.7333,26.6833
MXN00011009,-100.8167,20.5333
MXN00011011,-100.8833,20.9500
MXN00011017,-100.9500,21.1500
MXN00011065,-100.9667,21.4667
MXN00011073,-101.7667,20.3000
MXN00011082,-100.2167,21.2000
MXN00011111,-99.7167,21.2667
MXN00011113,-100.7500,20.7167
MXN00011119,-100.1500,21.0833
MXN00011121,-101.0500,20.9167
MXN00011130,-101.3333,21.0500
MXN00011131,-101.4000,21.5500
MXN00011141,-101.2333,21.1667
MXN00011143,-101.8167,20.5000
MXN00011144,-100.4167,20.9167
MXN00011146,-101.3500,20.2667
MXN00011149,-100.7167,20.1000
MXN00011150,-101.2500,20.7000
MXN00011151,-101.7667,20.3000
MXN00011153,-101.5500,21.1000
MXN00011155,-100.5833,20.9667
MXN00011156,-101.0167,20.1167
MXN00011158,-101.2333,20.0333
MXN00011160,-101.5333,20.5667
MXN00012001,-100.0667,18.3333
MXN00012003,-99.6167,17.1667
MXN00012008,-100.2667,18.3167
MXN00012031,-99.7000,17.6667
MXN00012041,-100.3500,17.1167
MXN00012072,-98.2500,16.9667
MXN00012097,-99.3000,17.1833
MXN00012111,-99.4833,17.5333
MXN00012119,-98.7333,17.7667
MXN00012130,-99.1000,18.1000
MXN00012150,-99.6833,17.5500
MXN00012154,-99.0333,17.9167
MXN00012165,-101.2667,17.5333
MXN00012173,-98.8000,16.5667
MXN00012178,-98.7167,17.5667
MXN00012185,-98.6500,17.7333
MXN00012186,-99.4667,17.7500
MXN00012198,-99.4500,17.4833
MXN00012199,-98.4667,17.9000
MXN00012204,-99.9333,17.6000
MXN00012205,-98.6500,16.9500
MXN00012206,-98.9667,17.7167
MXN00012214,-98.9333,16.7833
MXN00012220,-99.0833,16.6167
MXN00012221,-100.7500,17.2000
MXN00012222,-99.4667,18.3333
MXN00012223,-99.7667,16.8167
MXN00012225,-100.5000,18.0667
MXN00012226,-98.6333,16.4333
MXN00012227,-98.4833,17.5167
MXN00012231,-98.2000,17.0167
MXN00012233,-100.5667,17.2500
MXN00012234,-99.2333,16.7500
MXN00012236,-99.1167,16.7000
MXN00012240,-102.1000,17.9667
MXN00012241,-101.6667,17.8000
MXN00012243,-99.6667,18.7333
MXN00013006,-98.5667,19.7667
MXN00013015,-98.6333,20.5333
MXN00013035,-99.2667,20.1833
MXN00013057,-99.0000,21.1000
MXN00013062,-99.3333,20.1667
MXN00013105,-99.1000,20.6000
MXN00013109,-98.9500,20.3667
MXN00013116,-98.5500,20.1500
MXN00013129,-98.7167,19.8667
MXN00013132,-98.2500,19.8000
MXN00013135,-98.3333,21.0167
MXN00013139,-98.2833,21.0167
MXN00013140,-98.5333,21.1167
MXN00013141,-98.5833,21.2833
MXN00013147,-99.0333,20.6667
MXN00013148,-99.3333,20.6333
MXN00013150,-98.7167,20.1500
MXN00013151,-98.9167,20.4333
MXN00013152,-99.7333,20.4667
MXN00013154,-98.8500,20.2833
MXN00013156,-99.8000,20.3667
MXN00014018,-103.5000,20.0000
MXN00014030,-103.4500,19.7167
MXN00014039,-103.0167,20.9167
MXN00014063,-104.1000,20.7667
MXN00014086,-103.1500,20.0000
MXN00014098,-103.7167,22.3833
MXN00014108,-102.6167,21.3333
MXN00014143,-104.0333,20.2000
MXN00014145,-102.5667,21.4333
MXN00014269,-103.9667,20.7000
MXN00014294,-103.4333,20.4667
MXN00014297,-104.3667,20.5667
MXN00014301,-104.1500,20.2167
MXN00014319,-103.5833,21.7000
MXN00014320,-101.8333,21.3500
MXN00014331,-103.3167,22.0333
MXN00014337,-102.8167,21.0167
MXN00014339,-105.2167,20.5833
MXN00014343,-104.0500,19.9000
MXN00014345,-102.6333,21.4167
MXN00014346,-103.7167,22.4000
MXN00014348,-103.0167,19.3667
MXN00014349,-104.5833,20.2500
MXN00014350,-103.9833,19.6333
MXN00014351,-103.7000,20.6333
MXN00014355,-102.5333,20.3167
MXN00014369,-102.2167,20.8500
MXN00015003,-99.7500,19.3667
MXN00015005,-100.0167,19.2500
MXN00015007,-98.7667,19.1333
MXN00015079,-100.0167,19.9000
MXN00015093,-99.6000,19.6333
MXN00015100,-99.2333,19.5667
MXN00015120,-99.7167,18.9333
MXN00015132,-99.4667,19.7167
MXN00015135,-98.6667,19.6167
MXN00015184,-99.6500,18.9667
MXN00015185,-99.7333,20.1167
MXN00015192,-99.8833,20.2167
MXN00015210,-98.7167,19.5167
MXN00015225,-99.5167,19.9500
MXN00015231,-99.4500,19.5167
MXN00015233,-99.9333,19.5833
MXN00015238,-99.7167,19.5000
MXN00015241,-100.1667,19.0333
MXN00015244,-99.9167,20.0167
MXN00015245,-99.9833,19.7833
MXN00015251,-99.8667,19.7833
MXN00015255,-99.8000,18.9167
MXN00015260,-99.9000,20.0833
MXN00015272,-99.7667,18.8000
MXN00015287,-99.9167,19.1333
MXN00015296,-99.4833,18.9667
MXN00015298,-99.3833,19.0500
MXN00015299,-99.6333,18.9833
MXN00015305,-99.6833,18.9167
MXN00015312,-99.4833,19.3667
MXN00015328,-100.1000,18.8833
MXN00015333,-99.6667,19.9167
MXN00015346,-100.2500,18.7667
MXN00015350,-99.9833,18.7500
MXN00015353,-100.0333,19.0000
MXN00015367,-99.6500,19.2833
MXN00016026,-102.1000,18.9833
MXN00016048,-102.2667,19.9833
MXN00016051,-100.8833,18.6167
MXN00016086,-101.5833,20.3000
MXN00016092,-100.6000,19.5667
MXN00016093,-102.4333,20.3000
MXN00016107,-100.7833,19.2333
MXN00016108,-102.4333,20.1833
MXN00016121,-100.3500,19.7167
MXN00016126,-102.3500,20.2667
MXN00016175,-100.2167,19.9833
MXN00016194,-102.5167,19.7000
MXN00016199,-100.5833,19.9833
MXN00016208,-103.2167,18.2667
MXN00016224,-102.3167,20.2667
MXN00016225,-101.7333,19.9167
MXN00016227,-102.1833,18.0333
MXN00016228,-102.3167,19.1333
MXN00016233,-100.2833,20.1333
MXN00016248,-101.8500,19.9167
MXN00016250,-101.2667,19.9833
MXN00016254,-101.4667,19.7833
MXN00016512,-101.1667,19.7667
MXN00016514,-100.4667,19.6500
MXN00016515,-101.6667,19.2500
MXN00017013,-99.0833,18.7000
MXN00017036,-98.7167,18.4833
MXN00017045,-98.7500,18.9000
MXN00017046,-98.6833,18.8833
MXN00017048,-98.7667,18.8667
MXN00017049,-99.0833,18.9833
MXN00017051,-98.9167,18.9833
MXN00017052,-98.8500,18.8833
MXN00017068,-98.8167,18.9333
MXN00017071,-99.1500,18.8667
MXN00017073,-99.3833,18.7000
MXN00017077,-99.2333,18.6833
MXN00018020,-104.0000,21.3167
MXN00018022,-105.4667,21.9000
MXN00018035,-105.2500,22.7833
MXN00018063,-104.5000,21.9333
MXN00018068,-105.2500,22.3667
MXN00018072,-105.6333,22.2167
MXN00018077,-104.7500,21.0333
MXN00018079,-104.7833,21.3667
MXN00018080,-105.3500,20.9500
MXN00018084,-105.1667,22.4333
MXN00018085,-104.8500,22.0333
MXN00019037,-100.0167,24.3000
MXN00019050,-100.2333,24.5667
MXN00019075,-100.1667,23.6667
MXN00019098,-99.4667,26.2167
MXN00019104,-99.7500,26.2500
MXN00019107,-99.9667,27.5333
MXN00019113,-98.9833,25.8667
MXN00019115,-100.6500,25.1000
MXN00019117,-100.0167,25.8500
MXN00019119,-100.6000,26.2667
MXN00019124,-100.0000,25.9500
MXN00019128,-100.4000,24.7000
MXN00019131,-100.0333,26.3333
MXN00019134,-100.2833,25.9500
MXN00019135,-100.1000,24.3500
MXN00019137,-100.4333,24.5667
MXN00019138,-100.3833,24.0833
MXN00019143,-99.9667,23.4000
MXN00019144,-99.9667,24.5167
MXN00019148,-100.1667,24.8833
MXN00019151,-100.4167,24.2500
MXN00019155,-100.0000,24.7000
MXN00019158,-100.4500,26.1667
MXN00019159,-99.9667,23.7333
MXN00019160,-100.1833,24.3000
MXN00019173,-99.9833,25.4167
MXN00019180,-100.2333,24.4500
MXN00019181,-100.5000,25.2000
MXN00019182,-100.3000,24.7000
MXN00020028,-97.6167,17.5667
MXN00020077,-97.6667,16.6000
MXN00020187,-97.6167,16.6000
MXN00020200,-97.7500,16.2500
MXN00020265,-97.2667,17.4167
MXN00020290,-94.6000,16.5500
MXN00020292,-94.3667,16.4667
MXN00020314,-96.1667,17.1833
MXN00020325,-94.7500,16.7500
MXN00020326,-96.7167,15.7833
MXN00020367,-96.6167,17.1333
MXN00020374,-95.4500,17.2167
MXN00020379,-97.3500,17.3667
MXN00020382,-95.3667,16.4333
MXN00021031,-97.4500,18.8500
MXN00021063,-98.2500,18.1833
MXN00021087,-97.9167,18.5833
MXN00021094,-96.7833,18.4500
MXN00021100,-97.7333,19.1167
MXN00021107,-97.9500,19.9500
MXN00021132,-98.4667,18.6000
MXN00021140,-98.0167,19.8333
MXN00021143,-97.2000,20.1333
MXN00021167,-98.4500,19.1000
MXN00021192,-98.5833,18.8500
MXN00021211,-97.8333,20.5667
MXN00021244,-97.4833,19.4833
MXN00022024,-99.2000,21.3167
MXN00022027,-100.4333,20.6000
MXN00022028,-100.0833,20.3833
MXN00022033,-99.9833,20.1167
MXN00022034,-99.9333,20.7333
MXN00022042,-99.9833,20.4500
MXN00022045,-100.4500,20.7000
MXN00022046,-100.1333,20.6833
MXN00022047,-100.0000,20.1167
MXN00022050,-100.3833,20.3667
MXN00022051,-99.7667,21.1333
MXN00022056,-99.7500,20.9000
MXN00023012,-87.7333,20.4833
MXN00023026,-88.5167,19.1833
MXN00023040,-88.5667,18.5000
MXN00023041,-88.8000,19.9000
MXN00023044,-88.6833,19.6167
MXN00023049,-88.4500,18.5667
MXN00023150,-88.5333,20.0167
MXN00023153,-88.3000,18.5167
MXN00023154,-88.8167,18.0000
MXN00023155,-86.8167,21.1500
MXN00024001,-99.3667,21.8500
MXN00024006,-99.6333,22.0000
MXN00024012,-99.0000,21.9667
MXN00024020,-98.6833,21.8667
MXN00024040,-100.6333,23.6667
MXN00024072,-99.0333,21.7000
MXN00024077,-101.7333,23.3167
MXN00024088,-98.9833,21.8000
MXN00024094,-100.9500,23.8833
MXN00024096,-101.0833,22.9167
MXN00024110,-100.0667,21.8500
MXN00024136,-99.2500,21.6333
MXN00024142,-100.7167,23.4833
MXN00024145,-100.9500,23.2333
MXN00024149,-98.8500,21.8833
MXN00024152,-102.1833,22.8500
MXN00024154,-101.4167,23.3000
MXN00024156,-99.0333,22.3500
MXN00024161,-101.7500,23.0167
MXN00024165,-100.9000,23.5833
MXN00024170,-100.3167,22.0167
MXN00024172,-100.0167,21.8500
MXN00024175,-100.7833,24.2833
MXN00024179,-100.7000,22.0833
MXN00024180,-101.1167,23.0500
MXN00024186,-98.9667,21.4667
MXN00024189,-101.2000,23.2333
MXN00025011,-106.0667,23.2667
MXN00025028,-106.7167,23.9667
MXN00025029,-105.8333,23.5667
MXN00025031,-106.4500,23.5500
MXN00025036,-106.5167,24.2667
MXN00025037,-108.0833,25.4667
MXN00025041,-107.2167,25.3333
MXN00025042,-109.3000,25.9667
MXN00025050,-106.9000,23.9000
MXN00025054,-108.2667,26.0667
MXN00025056,-108.7500,26.2500
MXN00025064,-107.9167,25.4667
MXN00025065,-108.9167,25.9333
MXN00025071,-107.6833,25.0833
MXN00025074,-105.8167,23.4500
MXN00025078,-105.8500,22.9833
MXN00025084,-106.4167,23.9333
MXN00025085,-107.8833,26.1500
MXN00025092,-107.3167,25.7500
MXN00025097,-107.4000,25.8667
MXN00025172,-108.0167,25.6667
MXN00025176,-106.4667,23.5500
MXN00025178,-108.3333,25.7167
MXN00025186,-105.6667,23.0000
MXN00026023,-109.0500,30.7167
MXN00026061,-109.4333,27.0667
MXN00026062,-110.9333,31.3167
MXN00026069,-109.3833,30.4333
MXN00026087,-114.7500,32.4667
MXN00026089,-111.1333,30.5500
MXN00026103,-111.5167,30.3833
MXN00026107,-110.3167,27.5833
MXN00026152,-111.1167,30.5333
MXN00026160,-110.9667,30.6167
MXN00026165,-110.7667,28.7500
MXN00026178,-108.7833,26.7500
MXN00026182,-110.8833,29.3667
MXN00026188,-109.3333,30.0500
MXN00026192,-109.5333,31.1333
MXN00026198,-110.1167,29.5333
MXN00026199,-110.1333,29.2000
MXN00026201,-109.9500,28.6167
MXN00026202,-109.5167,29.5333
MXN00026205,-108.9167,30.3500
MXN00026228,-108.7333,27.5000
MXN00026232,-111.1500,30.7333
MXN00026235,-109.9000,27.7667
MXN00026236,-109.3000,29.8500
MXN00026240,-109.9500,29.1000
MXN00026241,-110.6667,30.0167
MXN00026244,-110.3000,29.1167
MXN00026245,-109.7333,28.9167
MXN00026249,-111.4333,30.3833
MXN00026251,-109.6500,29.6667
MXN00026255,-111.2000,30.4500
MXN00026259,-110.8500,30.8833
MXN00026260,-109.0167,26.4167
MXN00026262,-110.7000,30.8000
MXN00026263,-109.1000,28.6333
MXN00026265,-109.5167,28.4500
MXN00026268,-110.3333,28.7000
MXN00026274,-110.6333,29.2667
MXN00026277,-108.9833,26.8000
MXN00026286,-110.9333,30.6000
MXN00026287,-109.8333,27.5500
MXN00026293,-110.2333,27.4000
MXN00026299,-109.9667,27.3000
MXN00026301,-110.0333,27.3500
MXN00026304,-110.0333,27.4500
MXN00026306,-109.3500,27.2833
MXN00027057,-93.2167,18.2667
MXN00027065,-92.8167,17.9833
MXN00027068,-92.9167,17.5167
MXN00027076,-93.4833,18.1000
MXN00027084,-93.0167,18.1500
MXN00027088,-91.5500,17.6167
MXN00027091,-91.8000,17.9333
MXN00027093,-91.5500,18.0000
MXN00028009,-98.7833,24.9333
MXN00028015,-98.8333,23.2500
MXN00028031,-99.0833,22.5500
MXN00028088,-98.0333,23.5500
MXN00028098,-98.3333,23.2000
MXN00028135,-98.4500,22.6500
MXN00028149,-99.0167,24.2000
MXN00028151,-98.6500,23.9500
MXN00028154,-98.2000,23.7000
MXN00028160,-98.0333,23.8000
MXN00028161,-98.4500,23.9667
MXN00028175,-97.9333,22.4167
MXN00028180,-98.3833,24.3833
MXN00028183,-99.5000,23.4500
MXN00028184,-99.5000,24.3667
MXN00028189,-99.6833,23.1333
MXN00028190,-98.5167,23.5667
MXN00028191,-99.3833,24.0333
MXN00028192,-98.9667,24.2500
MXN00028193,-99.3000,23.6167
MXN00028194,-99.3333,24.1833
MXN00028195,-98.8000,22.9333
MXN00028196,-97.9333,22.9500
MXN00028197,-99.1167,23.9000
MXN00028199,-99.0833,24.3667
MXN00028201,-98.1167,22.9500
MXN00028206,-98.0333,22.8667
MXN00028207,-98.8167,24.2333
MXN00028209,-99.2500,24.6667
MXN00028210,-97.9833,24.1667
MXN00028214,-99.4000,24.7167
MXN00028219,-99.1000,23.1333
MXN00028221,-98.9000,23.5333
MXN00028222,-98.8000,23.3833
MXN00028400,-99.6000,22.7167
MXN00029006,-98.6500,19.6000
MXN00029019,-98.5667,19.5500
MXN00029040,-98.3500,19.3167
MXN00029041,-98.3667,19.2500
MXN00029047,-98.4167,19.4500
MXN00029052,-98.2167,19.6500
MXN00030037,-96.7167,18.8000
MXN00030043,-94.6500,18.0333
MXN00030059,-98.4000,22.0333
MXN00030067,-98.4667,20.5333
MXN00030070,-95.4167,17.7833
MXN00030077,-94.7167,17.9500
MXN00030090,-94.9000,17.4167
MXN00030100,-97.2667,18.8000
MXN00030102,-97.0500,20.0667
MXN00030167,-94.0833,17.8667
MXN00030175,-97.1167,19.5000
MXN00030178,-97.2500,19.4833
MXN00030182,-96.3667,18.4500
MXN00030220,-97.9833,21.9667
MXN00030268,-98.1333,22.3167
MXN00030281,-94.5000,17.2667
MXN00030292,-94.3667,17.2667
MXN00030304,-98.1500,21.7333
MXN00030319,-97.9000,21.4833
MXN00030325,-98.0000,21.8000
MXN00030327,-94.1500,17.5667
MXN00030331,-97.4333,21.3000
MXN00030337,-96.9667,20.0500
MXN00030338,-96.8333,19.6833
MXN00030339,-96.6833,19.4167
MXN00030342,-96.9500,19.1333
MXN00030345,-98.1667,21.5000
MXN00030359,-98.5000,20.5000
MXN00030361,-97.8000,20.8833
MXN00030377,-97.4000,21.1000
MXN00030452,-96.9333,19.5000
MXN00030455,-97.0167,19.6000
MXN00031005,-89.7500,20.4167
MXN00031056,-89.4500,21.1000
MXN00031059,-89.2333,20.1667
MXN00031060,-89.3167,20.2333
MXN00031061,-89.3833,20.2833
MXN00031062,-89.5167,20.2167
MXN00031065,-89.4333,20.8000
MXN00031068,-87.7833,20.9833
MXN00031069,-87.9333,20.6333
MXN00031071,-88.9333,20.7500
MXN00031073,-89.0333,20.0667
MXN00031074,-88.1667,21.0167
MXN00031077,-90.2000,20.6333
MXN00031086,-87.8667,20.8500
MXN00031088,-88.5667,20.6833
MXN00032013,-102.8833,22.0000
MXN00032020,-102.8833,23.1667
MXN00032048,-101.7167,23.9000
MXN00032055,-102.8667,22.0833
MXN00032059,-102.3333,23.2833
MXN00032068,-101.5667,22.2667
MXN00032069,-104.1000,22.6333
MXN00032072,-101.9500,22.1500
MXN00032073,-102.8833,22.3500
MXN00032076,-102.4667,23.8000
MXN00032085,-104.2167,22.4667
MXN00032095,-104.3167,22.5167
MXN00032097,-102.6500,21.5000
MXN00032101,-103.2667,22.9000
MXN00032103,-104.0000,22.9167
MXN00032106,-103.3500,22.6500
MXN00032111,-102.9667,21.6500
MXN00032112,-103.6000,21.3167
MXN00032113,-103.5500,22.5333
MXN00032114,-101.9167,22.5167
MXN00032116,-103.4000,22.6167
MXN00032117,-103.8333,22.4833
MXN00032118,-101.8500,22.0167
MXN00032119,-102.7833,22.5333
MXN00032120,-102.4500,22.4833
MXN00032123,-103.5667,23.4667
MXN00032124,-103.3000,21.9167
MXN00032126,-102.3500,22.6500
MXN00032127,-101.3833,22.1167
MXN00032129,-103.0833,22.6000
MXN00032130,-103.6500,22.6167
MXN00032131,-102.4833,22.6500
MXN00032132,-103.1500,22.4500
MXN00032133,-103.5667,23.5500
MXN00032135,-103.6833,22.6333
MXN00032137,-102.5667,23.2333
MXN00032139,-103.6000,21.2167
MXN00032140,-103.3500,21.2000
MXN00032141,-100.8667,24.5167
MXN00032142,-102.3833,23.4500
MXN00032143,-103.4500,21.2000
MXN00032144,-102.8833,24.3167
MXN00032187,-101.4333,22.6000
NLE00100507,3.8667,51.2167
NLE00101932,5.1000,52.4667
NLE00108966,5.8167,53.0500
NLE00108976,6.1331,53.3831
NLE00109056,5.2831,52.2831
NLE00109076,6.4500,53.2831
NLE00109092,5.1500,51.6500
NLE00109128,6.3000,52.0667
NLE00109140,6.4667,52.3000
NLE00109146,4.9667,52.7331
NLE00109178,6.5331,52.9167
NLE00109200,4.2500,51.9667
NLE00109208,6.6167,53.3167
NLE00109224,6.9831,53.2500
NLE00109264,3.6167,51.4667
NLE00109270,6.2331,52.7167
NLE00109280,5.9831,50.9831
NLE00109284,6.0831,51.6500
NLE00109290,5.3167,52.1667
NLE00109304,6.6831,52.6667
NLE00109372,5.3667,52.3831
NLE00109374,5.4167,52.3000
NLE00109380,4.5331,52.0667
NLE00152483,7.1492,53.1942
NLE00152484,3.8833,51.5256
NLE00152486,5.3456,53.3908
NO000001026,18.9281,69.6539
NOE00109543,9.6500,59.6631
NOE00109849,11.1144,59.2856
NOE00109984,10.8117,60.7806
NOE00111102,12.8458,64.7419
NOE00133842,14.8403,67.5383
NOE00134454,5.0442,61.2928
NOM00001492,10.7206,59.9428
RQC00662801,-67.1569,18.3808
RSM00021824,128.9197,71.5800
RSM00022324,34.3300,66.6700
RSM00022602,30.8200,63.8200
RSM00025621,158.9200,64.0000
RSM00026078,31.2330,59.3500
RSM00030692,123.9667,54.0000
RSM00031829,138.9830,47.3167
RSM00032088,142.0300,49.0700
SF000283350,22.2000,-33.6170
SIE00115006,14.3858,46.1000
SIM00014015,14.5169,46.0656
SP000008202,-5.4981,40.9592
SPE00119981,-3.7994,43.4917
SPE00119999,0.0714,39.9500
SPE00120359,-1.6500,42.7767
SPE00120431,-17.8889,27.8189
SPE00120458,-16.2553,28.4631
SPE00120467,-16.3292,28.4775
SPE00120512,-5.8792,37.4167
SV000020107,14.3000,78.1000
SWE00137490,13.4300,55.3600
SWE00137508,13.0100,55.4700
SWE00137510,14.3200,55.4900
SWE00137530,14.1900,55.5600
SWE00137534,13.0731,55.5714
SWE00137552,13.8900,55.6400
SWE00137576,14.1000,55.7200
SWE00137588,13.6700,55.8600
SWE00137604,13.0500,55.9300
SWE00137610,13.8500,55.9300
SWE00137634,12.7400,56.0300
SWE00137636,12.7700,56.0300
SWE00137662,13.9200,56.1000
SWE00137718,12.5400,56.2500
SWE00137748,14.8200,56.3500
SWE00137766,16.4200,56.4300
SWE00137776,12.7000,56.4500
SWE00137816,15.1400,56.6200
SWE00137830,15.1400,56.6600
SWE00137832,16.3500,56.6900
SWE00137890,13.8800,56.8500
SWE00137906,13.7000,56.9000
SWE00137914,15.1700,56.9300
SWE00137936,16.2900,57.0000
SWE00137946,15.5700,57.0100
SWE00137978,12.7800,57.1100
SWE00138038,15.5700,57.2900
SWE00138098,18.4900,57.4400
SWE00138114,16.6497,57.4700
SWE00138122,14.4700,57.5000
SWE00138138,13.2800,57.5600
SWE00138154,14.5200,57.6000
SWE00138158,12.0700,57.6100
SWE00138186,15.8500,57.6700
SWE00138202,16.4600,57.7100
SWE00138228,13.4700,57.7700
SWE00138232,14.1831,57.7667
SWE00138236,13.1700,57.7800
SWE00138244,15.6700,57.8100
SWE00138276,15.3500,57.8800
SWE00138278,15.8700,57.8900
SWE00138302,18.9600,57.9200
SWE00138306,13.0700,57.9400
SWE00138312,16.6497,57.9500
SWE00138314,13.7800,57.9700
SWE00138358,13.4000,58.0800
SWE00138362,11.3300,58.0900
SWE00138390,13.9800,58.1800
SWE00138394,16.0100,58.2000
SWE00138418,17.0106,58.2506
SWE00138442,15.7100,58.3200
SWE00138446,13.0400,58.3200
SWE00138460,16.6300,58.3500
SWE00138568,16.1497,58.5800
SWE00138572,15.8200,58.5900
SWE00138578,12.2000,58.6100
SWE00138596,16.3097,58.6900
SWE00138602,13.1100,58.7000
SWE00138610,15.0300,58.7200
SWE00138624,15.1700,58.7900
SWE00138648,16.4200,58.8400
SWE00138658,16.6800,58.8700
SWE00138662,14.3900,58.8800
SWE00138672,17.1900,58.8900
SWE00138742,16.3997,59.0600
SWE00138790,15.4700,59.1600
SWE00138796,17.9125,59.1789
SWE00138798,17.6300,59.1900
SWE00138814,12.0800,59.2200
SWE00138822,16.7500,59.2400
SWE00138844,16.0797,59.2900
SWE00138856,14.8983,59.3000
SWE00138880,14.5500,59.3300
SWE00138896,17.5200,59.3600
SWE00138928,16.9400,59.4000
SWE00139016,17.0500,59.5500
SWE00139068,14.1800,59.6600
SWE00139072,12.6400,59.6700
SWE00139134,18.6300,59.8300
SWE00139142,14.4800,59.8500
SWE00139156,13.1200,59.8600
SWE00139162,12.6300,59.8800
SWE00139182,16.6900,59.9100
SWE00139190,18.0500,59.9300
SWE00139236,15.5800,60.0600
SWE00139248,12.5200,60.0900
SWE00139250,16.3097,60.1000
SWE00139302,18.3700,60.2600
SWE00139306,16.9800,60.2700
SWE00139322,16.8097,60.3000
SWE00139346,15.2300,60.3800
SWE00139352,17.0200,60.4100
SWE00139452,17.1600,60.7200
SWE00139460,17.1200,60.7300
SWE00139466,12.7000,60.7400
SWE00139480,15.3800,60.8200
SWE00139520,14.5100,60.9600
SWE00139522,16.4308,60.9617
SWE00139528,12.8400,61.0300
SWE00139554,16.7500,61.1300
SWE00139562,14.4200,61.1400
SWE00139582,14.0400,61.2500
SWE00139672,17.5247,61.7031
SWE00139680,16.5500,61.7900
SWE00139684,16.5400,61.8300
SWE00139710,17.0700,61.9500
SWE00139742,16.2300,62.0900
SWE00139744,13.6100,62.0900
SWE00139774,17.7397,62.2200
SWE00139804,16.6600,62.4100
SWE00139814,12.6703,62.4503
SWE00139822,16.2800,62.4900
SWE00139824,14.1600,62.5000
SWE00139844,16.7000,62.5500
SWE00139862,17.4100,62.6300
SWE00139886,15.0900,62.7500
SWE00139888,13.8500,62.7600
SWE00139902,15.9300,62.8100
SWE00139926,16.1000,62.9700
SWE00139956,18.2600,63.1300
SWE00139970,14.3700,63.1500
SWE00139988,19.0203,63.1883
SWE00140004,16.4400,63.2700
SWE00140010,14.7000,63.3100
SWE00140020,14.3200,63.3100
SWE00140036,15.4100,63.3300
SWE00140038,17.0700,63.3300
SWE00140064,16.9200,63.4400
SWE00140070,19.6800,63.4400
SWE00140118,18.5500,63.6500
SWE00140130,14.6100,63.6800
SWE00140162,15.3300,63.7700
SWE00140182,16.4100,63.8100
SWE00140190,13.5000,63.8400
SWE00140230,14.6700,64.0000
SWE00140232,16.8097,64.0100
SWE00140238,20.0800,64.0400
SWE00140252,16.2397,64.0900
SWE00140264,17.3200,64.1700
SWE00140272,15.5600,64.2200
SWE00140280,16.6700,64.2500
SWE00140294,15.2200,64.3000
SWE00140296,20.9600,64.3300
SWE00140330,20.4100,64.4500
SWE00140338,21.5792,64.4808
SWE00140342,17.4600,64.4897
SWE00140352,18.7200,64.5500
SWE00140356,19.7000,64.5697
SWE00140358,16.8400,64.5800
SWE00140386,17.7197,64.7097
SWE00140410,14.2300,64.8797
SWE00140422,14.5600,64.9200
SWE00140428,19.3800,64.9300
SWE00140466,15.0500,65.1400
SWE00140468,16.3000,65.1400
SWE00140470,18.6000,65.1500
SWE00140512,17.4600,65.3400
SWE00140528,14.5200,65.4500
SWE00140552,16.5400,65.5400
SWE00140558,17.8600,65.5600
SWE00140562,19.2700,65.5997
SWE00140564,18.1800,65.5997
SWE00140572,21.4200,65.6400
SWE00140580,21.0700,65.6700
SWE00140582,15.8200,65.6800
SWE00140590,23.1000,65.7000
SWE00140614,15.7200,65.8000
SWE00140652,17.4800,65.9500
SWE00140656,16.2300,65.9700
SWE00140664,18.9200,65.9897
SWE00140672,21.7900,66.0500
SWE00140684,23.2300,66.1900
SWE00140692,22.8500,66.2600
SWE00140698,21.1300,66.2800
SWE00140718,21.6200,66.3900
SWE00140750,23.4700,66.6200
SWE00140758,22.1900,66.6600
SWE00140760,16.1100,66.6800
SWE00140764,22.9000,66.7300
SWE00140822,21.8000,67.1297
SWE00140824,19.5000,67.1297
SWE00140828,20.6500,67.1400
SWE00140844,20.2700,67.2600
SWE00140852,18.9000,67.3100
SWE00140856,22.2300,67.3400
SWE00140882,22.9200,67.6400
SWE00140910,19.0300,67.8497
SWE00140926,19.8400,68.0697
SWM00002584,19.2000,58.4000
TI000038966,74.8330,37.5330
UKE00105880,-2.2000,49.2167
UKE00105931,-5.0639,55.8389
UKE00105932,-3.7589,55.4167
UKE00107663,-2.6000,49.4331
US1COLR0259,-105.1317,40.5857
US1COLR0509,-105.1587,40.3926
USC00018038,-86.2025,32.4392
USC00021330,-110.3481,32.2617
USC00025418,-109.6686,31.6017
USC00026242,-109.2186,31.9353
USC00028329,-111.5436,35.3694
USC00029464,-112.5231,33.7775
USC00035563,-90.4978,36.0336
USC00036403,-91.8036,36.3561
USC00040010,-121.2014,38.2178
USC00040192,-117.8425,33.8647
USC00043573,-121.0681,39.2042
USC00044405,-116.2747,34.1472
USC00045915,-121.9303,37.8792
USC00046390,-116.0006,32.7461
USC00049001,-121.5831,37.7958
USC00051681,-105.3847,39.8958
USC00051996,-102.8031,40.8600
USC00052281,-106.0353,39.6261
USC00052790,-105.3150,39.6381
USC00053006,-105.0236,40.5756
USC00054546,-103.2986,37.1150
USC00054724,-103.5439,37.9825
USC00054945,-102.9906,40.5147
USC00055020,-103.7392,39.0036
USC00055236,-105.0850,40.4350
USC00057309,-104.9742,38.8417
USC00057560,-103.2922,39.5719
USC00060227,-73.0086,41.8417
USC00087020,-80.4361,25.5819
USC00091500,-84.2036,31.1903
USC00093695,-82.5950,33.2261
USC00097827,-83.7342,34.6647
USC00107208,-112.4086,42.8917
USC00109000,-114.8508,45.1017
USC00109963,-115.2514,45.5450
USC00110442,-88.1639,42.1153
USC00110803,-87.9353,41.1758
USC00112344,-88.9433,38.4628
USC00113902,-88.6308,42.4147
USC00115927,-89.2833,40.0075
USC00116837,-90.8033,39.6200
USC00116998,-89.4519,41.3661
USC00117354,-89.0708,41.9117
USC00121417,-86.9550,40.6653
USC00123091,-86.0411,39.4683
USC00123207,-85.1197,41.3367
USC00125613,-85.5778,40.0631
USC00126830,-87.5067,40.0739
USC00127398,-84.9958,40.2553
USC00128784,-86.1086,40.2233
USC00133909,-95.5489,42.4897
USC00134926,-94.0514,41.1247
USC00134963,-90.9222,41.8606
USC00136891,-95.5667,40.8744
USC00140441,-101.0039,39.6981
USC00141999,-99.5886,39.3214
USC00142980,-100.8122,37.9931
USC00144613,-95.3919,39.0464
USC00144708,-96.3331,39.5942
USC00144775,-99.5772,39.6658
USC00145892,-100.8739,38.7853
USC00147904,-100.2186,39.4706
USC00150700,-83.5167,36.7833
USC00155524,-84.8275,36.8667
USC00156136,-82.7883,37.8175
USC00157441,-83.6844,37.8467
USC00160548,-91.1303,30.4192
USC00163695,-90.9225,30.2033
USC00166466,-90.3061,30.9503
USC00166938,-92.7739,30.6036
USC00167366,-91.2517,30.3214
USC00167425,-90.4497,30.4603
USC00170409,-69.8564,43.9317
USC00170833,-67.8442,46.4283
USC00172238,-70.7539,43.8786
USC00173862,-70.6750,43.6475
USC00174193,-70.4697,43.3606
USC00175736,-70.0003,44.6353
USC00176705,-70.3342,44.8247
USC00176881,-69.2167,43.9919
USC00177238,-67.1206,45.0853
USC00182336,-77.2319,39.2647
USC00190213,-72.8508,42.5133
USC00193276,-71.0425,42.7467
USC00195524,-71.6761,42.1150
USC00199972,-72.9211,42.3869
USC00203628,-83.2808,44.6819
USC00215073,-94.0211,44.1542
USC00215488,-91.8122,44.1600
USC00217309,-93.3592,45.3878
USC00227106,-88.9975,34.2486
USC00236745,-94.2647,38.8100
USC00237300,-91.3753,38.4508
USC00238805,-90.6828,38.6989
USC00240802,-108.4811,45.7717
USC00244715,-104.1583,45.8728
USC00245533,-110.1147,45.6628
USC00246691,-105.0350,45.8525
USC00247263,-109.3442,46.5333
USC00247964,-113.9269,45.8478
USC00252306,-98.0592,40.3497
USC00252380,-96.8828,41.7233
USC00253467,-96.1922,41.1586
USC00254035,-97.0031,41.7175
USC00256837,-97.7872,41.0756
USC00258133,-100.5986,41.4581
USC00258795,-96.3672,41.3197
USC00274329,-71.5008,44.4169
USC00275350,-71.4733,43.6931
USC00282805,-74.8294,39.3831
USC00283704,-74.1519,40.7481
USC00292250,-107.5178,35.0883
USC00302829,-75.1833,41.9667
USC00303144,-74.4872,41.3458
USC00311420,-82.6986,35.5453
USC00312631,-79.7433,36.4742
USC00313150,-81.9311,35.2653
USC00315996,-77.0803,36.4522
USC00317165,-79.1622,34.8122
USC00317202,-79.6944,36.3797
USC00318448,-82.3850,35.5733
USC00319555,-81.2275,36.1308
USC00319704,-79.2550,36.3772
USC00333421,-84.4772,41.0192
USC00335029,-82.4822,39.2503
USC00335669,-84.1144,41.3939
USC00337400,-83.9289,40.1392
USC00340818,-97.2764,36.8047
USC00340830,-97.6700,35.1183
USC00349668,-99.5125,35.0522
USC00357127,-122.9133,45.3033
USC00357940,-123.2247,43.1708
USC00361591,-75.8600,39.9847
USC00361838,-77.1567,41.9903
USC00362298,-78.7242,40.2872
USC00363451,-79.9167,39.7833
USC00363665,-77.0325,39.7706
USC00364839,-79.1411,40.1692
USC00364896,-76.4667,40.3333
USC00365344,-76.1353,40.8344
USC00365686,-79.0411,39.7808
USC00366238,-76.0717,40.0750
USC00367103,-78.2872,41.8158
USC00368057,-76.1489,41.1831
USC00368361,-80.4250,41.8161
USC00368400,-75.2781,40.5711
USC00368469,-78.0183,41.4039
USC00369022,-78.2192,40.6644
USC00369823,-78.5239,40.0394
USC00377581,-71.2092,41.6267
USC00389412,-82.1061,34.7636
USC00390778,-98.9508,43.0778
USC00391474,-97.7203,44.1694
USC00391539,-101.0189,43.5772
USC00398116,-97.0625,45.3036
USC00402934,-82.4261,36.1422
USC00407459,-87.0422,35.1842
USC00408868,-83.5603,36.4650
USC00410518,-96.6369,32.2631
USC00411921,-95.9283,33.1997
USC00412585,-97.9878,30.2194
USC00412621,-100.5169,33.8094
USC00412820,-97.3700,30.3642
USC00413285,-97.2975,32.8339
USC00413370,-96.7931,33.1925
USC00414757,-98.5292,29.9639
USC00415454,-98.8433,29.2358
USC00415661,-97.8725,28.0372
USC00415742,-99.2497,29.8100
USC00415904,-95.7150,31.0706
USC00416140,-98.6667,31.5833
USC00416177,-94.6431,31.6164
USC00417060,-100.5319,33.5992
USC00417717,-100.4217,29.6878
USC00418531,-98.1606,30.4814
USC00419207,-95.2969,32.3067
USC00419417,-97.2169,31.6003
USC00419504,-98.0219,30.9297
USC00419655,-96.0847,29.3178
USC00420820,-111.8903,40.8547
USC00429346,-111.9125,41.1092
USC00430661,-72.6344,43.8833
USC00432843,-73.1153,44.5078
USC00441692,-80.4033,37.1278
USC00444148,-79.5250,37.1258
USC00444568,-78.4800,37.0178
USC00444777,-82.0383,36.9028
USC00446692,-80.0272,36.7764
USC00447174,-81.7936,37.0925
USC00450587,-122.5114,48.7178
USC00452505,-120.5400,46.9692
USC00456747,-119.9061,46.6461
USC00460939,-80.8833,37.6414
USC00461215,-80.1336,38.1872
USC00464840,-79.0050,39.4214
USC00467918,-81.5658,38.9817
USC00472826,-88.2583,45.9336
USC00473756,-88.6325,43.4406
USC00474080,-90.7483,45.3497
USC00480951,-109.6897,42.7158
USC00481000,-108.1633,43.4053
USC00482242,-110.1272,42.9281
USC00486852,-104.5561,42.2058
USC00488758,-108.9547,44.0758
USC00488997,-104.1564,42.4881
USC00489805,-105.7331,43.7472
USC00502126,-150.4094,70.4322
USC00502568,-144.6011,63.6772
USC00505604,-148.0930,60.5181
USC00515000,-156.3211,20.7583
USC00515761,-155.5481,19.9742
USS0003E03S,-103.9800,44.1100
USS0003E05S,-103.7900,44.2100
USS0005K05S,-105.9000,39.6700
USS0005K21S,-105.9100,39.7600
USS0005K26S,-105.8000,39.5700
USS0005K27S,-105.5900,39.6600
USS0005K28S,-105.9100,39.4400
USS0005M16S,-105.4400,37.8500
USS0005N19S,-105.1900,36.4700
USS0005P04S,-105.8100,35.7000
USS0006J18S,-106.6000,40.2300
USS0006J38S,-106.7500,40.8200
USS0006K10S,-106.5500,39.2900
USS0006K43S,-106.0800,39.0300
USS0007E32S,-107.2000,44.5800
USS0007E39S,-107.4100,44.8100
USS0007F06S,-107.2400,43.4700
USS0007M35S,-107.8000,37.6600
USS0008G10S,-108.9000,42.5900
USS0008M02S,-108.1700,37.4300
USS0008M10S,-108.0200,37.4400
USS0008P03S,-108.2700,35.2300
USS0009A01S,-109.6500,48.1700
USS0009F28S,-109.8800,43.3800
USS0009S06S,-109.2200,33.6900
USS0010C15S,-110.3300,46.6700
USS0010D10S,-110.9300,45.8700
USS0010D35S,-110.9400,45.8900
USS0011D19S,-111.4300,45.2700
USS0011D28S,-111.9600,45.6000
USS0011E07S,-111.0900,44.6600
USS0011J37S,-111.7200,40.8700
USS0011J42S,-111.6600,40.5600
USS0011J56S,-111.5300,40.6200
USS0011J57S,-111.5800,40.6000
USS0011J64S,-111.7100,40.8400
USS0011J65S,-111.6400,40.6600
USS0011R05S,-111.4100,34.7500
USS0012C22S,-112.5100,46.8400
USS0012J07S,-112.6100,40.4900
USS0012J09S,-112.1700,40.5700
USS0012M26S,-112.2700,37.5200
USS0013B25S,-114.0000,47.6800
USS0013C01S,-113.9300,47.0000
USS0013C36S,-113.3100,46.1300
USS0013E16S,-113.8400,44.8500
USS0014B05S,-114.3300,47.1800
USS0014F19S,-114.4200,43.7700
USS0015A05S,-115.8200,48.9800
USS0015A12S,-115.6200,48.1300
USS0015F09S,-115.3500,43.2700
USS0015G02S,-115.0000,42.0100
USS0016B14S,-116.2700,47.1500
USS0019A13S,-119.0800,48.3600
USS0019L40S,-119.6100,38.6700
USS0020A41S,-120.7800,48.5700
USS0020H02S,-120.7500,41.8900
USS0021A31S,-121.7900,48.8700
USS0021B17S,-121.6000,47.3000
USS0021B20S,-121.4700,47.3300
USS0021B21S,-121.5700,47.3600
USS0021B59S,-121.4700,47.2800
USS0021B60S,-121.6100,47.6800
USS0021B62S,-121.5900,47.0700
USS0021B63S,-121.9400,47.0400
USS0021C39S,-121.0800,46.3600
USS0021C40S,-121.9500,46.9300
USS0021G04S,-121.1300,42.2100
USS0022D03S,-122.0300,45.4500
USS0023B16S,-123.0800,47.8700
USS0023B17S,-123.4300,47.9400
USS0046Q02S,-146.7300,65.1200
USS0049L09S,-149.0600,60.6100
USS0049L13S,-149.1800,60.7800
USS0049L14S,-149.3400,60.2600
USS0050K05S,-150.7600,59.7800
USS0050R04S,-150.6700,66.7500
USS0050S01S,-150.1800,67.2500
USS0051K14S,-151.2500,59.7400
USW00014755,-71.2994,44.2667
USW00014914,-96.8111,46.9253
USW00014944,-96.7289,43.5878
USW00092811,-80.1336,25.8064
USW00094041,-101.4394,47.6458
UZM00038023,56.3330,44.8500
UZM00038339,70.8830,42.1670
UZM00038685,63.8500,39.5000
