reach,scenario,window,flux,value_mm
169,burned,day203,Q,0.312980
169,burned,day203,latqcc,0.055325
169,burned,day203,Dp,0.000110
169,burned,day203,Ep,4.423766
169,burned,day203,Es,4.497013
169,burned,day203,Er,0.000000
169,burned,prior7,Q,0.000000
169,burned,prior7,latqcc,0.000000
169,burned,prior7,Dp,0.000769
169,burned,prior7,Ep,11.596364
169,burned,prior7,Es,9.802727
169,burned,prior7,Er,0.000000
169,burned,prior30,Q,0.000000
169,burned,prior30,latqcc,0.000000
169,burned,prior30,Dp,0.003297
169,burned,prior30,Ep,44.252727
169,burned,prior30,Es,33.117792
169,burned,prior30,Er,0.000000
169,burned,year34,Q,0.312980
169,burned,year34,latqcc,1.163636
169,burned,year34,Dp,34.169027
169,burned,year34,Ep,299.782857
169,burned,year34,Es,156.136494
169,burned,year34,Er,0.000000
169,burned,annual_mean_100y,Q,0.213762
169,burned,annual_mean_100y,latqcc,0.542434
169,burned,annual_mean_100y,Dp,5.714234
169,burned,annual_mean_100y,Ep,192.644487
169,burned,annual_mean_100y,Es,129.523843
169,burned,annual_mean_100y,Er,0.000000
169,undisturbed,day203,Q,22.166779
169,undisturbed,day203,latqcc,0.542208
169,undisturbed,day203,Dp,0.000000
169,undisturbed,day203,Ep,5.428182
169,undisturbed,day203,Es,0.050000
169,undisturbed,day203,Er,0.000000
169,undisturbed,prior7,Q,0.000000
169,undisturbed,prior7,latqcc,0.000000
169,undisturbed,prior7,Dp,0.000000
169,undisturbed,prior7,Ep,11.563506
169,undisturbed,prior7,Es,0.290000
169,undisturbed,prior7,Er,0.000000
169,undisturbed,prior30,Q,0.000000
169,undisturbed,prior30,latqcc,0.000000
169,undisturbed,prior30,Dp,0.000000
169,undisturbed,prior30,Ep,36.714026
169,undisturbed,prior30,Es,1.320000
169,undisturbed,prior30,Er,0.000000
169,undisturbed,year34,Q,22.166779
169,undisturbed,year34,latqcc,0.542208
169,undisturbed,year34,Dp,0.000000
169,undisturbed,year34,Ep,451.209610
169,undisturbed,year34,Es,7.721818
169,undisturbed,year34,Er,0.000000
169,undisturbed,annual_mean_100y,Q,1.182599
169,undisturbed,annual_mean_100y,latqcc,0.080447
169,undisturbed,annual_mean_100y,Dp,0.024607
169,undisturbed,annual_mean_100y,Ep,321.366936
169,undisturbed,annual_mean_100y,Es,7.510519
169,undisturbed,annual_mean_100y,Er,0.000000
169,high_severity,day203,Q,44.280038
169,high_severity,day203,latqcc,0.000000
169,high_severity,day203,Dp,0.000110
169,high_severity,day203,Ep,1.215714
169,high_severity,day203,Es,7.224805
169,high_severity,day203,Er,0.000000
169,high_severity,prior7,Q,2.310598
169,high_severity,prior7,latqcc,0.000000
169,high_severity,prior7,Dp,0.000769
169,high_severity,prior7,Ep,5.026883
169,high_severity,prior7,Es,12.964156
169,high_severity,prior7,Er,0.000000
169,high_severity,prior30,Q,19.870087
169,high_severity,prior30,latqcc,0.000000
169,high_severity,prior30,Dp,0.003297
169,high_severity,prior30,Ep,21.110649
169,high_severity,prior30,Es,32.659870
169,high_severity,prior30,Er,0.000000
169,high_severity,year34,Q,79.108201
169,high_severity,year34,latqcc,2.075195
169,high_severity,year34,Dp,38.667896
169,high_severity,year34,Ep,161.904935
169,high_severity,year34,Es,173.350909
169,high_severity,year34,Er,0.000000
169,high_severity,annual_mean_100y,Q,19.666786
169,high_severity,annual_mean_100y,latqcc,1.915635
169,high_severity,annual_mean_100y,Dp,21.039275
169,high_severity,annual_mean_100y,Ep,136.155909
169,high_severity,annual_mean_100y,Es,148.948262
169,high_severity,annual_mean_100y,Er,0.000000
172,burned,day203,Q,4.944038
172,burned,day203,latqcc,0.034003
172,burned,day203,Dp,0.026256
172,burned,day203,Ep,5.374006
172,burned,day203,Es,3.595658
172,burned,day203,Er,0.000000
172,burned,prior7,Q,0.000000
172,burned,prior7,latqcc,0.000000
172,burned,prior7,Dp,0.183790
172,burned,prior7,Ep,13.619415
172,burned,prior7,Es,8.218018
172,burned,prior7,Er,0.000000
172,burned,prior30,Q,0.001062
172,burned,prior30,latqcc,0.008953
172,burned,prior30,Dp,0.864418
172,burned,prior30,Ep,48.263558
172,burned,prior30,Es,27.735750
172,burned,prior30,Er,0.000000
172,burned,year34,Q,4.945100
172,burned,year34,latqcc,10.379897
172,burned,year34,Dp,22.240104
172,burned,year34,Ep,326.756946
172,burned,year34,Es,126.079439
172,burned,year34,Er,0.000000
172,burned,annual_mean_100y,Q,0.240472
172,burned,annual_mean_100y,latqcc,2.406816
172,burned,annual_mean_100y,Dp,5.013923
172,burned,annual_mean_100y,Ep,213.320201
172,burned,annual_mean_100y,Es,108.058753
172,burned,annual_mean_100y,Er,0.000000
172,undisturbed,day203,Q,10.492600
172,undisturbed,day203,latqcc,0.247626
172,undisturbed,day203,Dp,0.000000
172,undisturbed,day203,Ep,7.605993
172,undisturbed,day203,Es,0.230711
172,undisturbed,day203,Er,0.000000
172,undisturbed,prior7,Q,0.000000
172,undisturbed,prior7,latqcc,0.000000
172,undisturbed,prior7,Dp,0.000000
172,undisturbed,prior7,Ep,15.359805
172,undisturbed,prior7,Es,0.476981
172,undisturbed,prior7,Er,0.000000
172,undisturbed,prior30,Q,0.000000
172,undisturbed,prior30,latqcc,0.000000
172,undisturbed,prior30,Dp,0.000000
172,undisturbed,prior30,Ep,57.030676
172,undisturbed,prior30,Es,1.875599
172,undisturbed,prior30,Er,0.000000
172,undisturbed,year34,Q,10.492600
172,undisturbed,year34,latqcc,0.510377
172,undisturbed,year34,Dp,1.364379
172,undisturbed,year34,Ep,471.458275
172,undisturbed,year34,Es,7.495812
172,undisturbed,year34,Er,0.000000
172,undisturbed,annual_mean_100y,Q,0.520793
172,undisturbed,annual_mean_100y,latqcc,0.474853
172,undisturbed,annual_mean_100y,Dp,0.187534
172,undisturbed,annual_mean_100y,Ep,319.946520
172,undisturbed,annual_mean_100y,Es,8.543420
172,undisturbed,annual_mean_100y,Er,0.000000
172,high_severity,day203,Q,39.827455
172,high_severity,day203,latqcc,0.013700
172,high_severity,day203,Dp,0.057717
172,high_severity,day203,Ep,2.316316
172,high_severity,day203,Es,5.395216
172,high_severity,day203,Er,0.000000
172,high_severity,prior7,Q,4.385086
172,high_severity,prior7,latqcc,0.007433
172,high_severity,prior7,Dp,0.404016
172,high_severity,prior7,Ep,6.476718
172,high_severity,prior7,Es,9.968310
172,high_severity,prior7,Er,0.000000
172,high_severity,prior30,Q,20.532811
172,high_severity,prior30,latqcc,0.078553
172,high_severity,prior30,Dp,1.732335
172,high_severity,prior30,Ep,26.694795
172,high_severity,prior30,Es,26.328297
172,high_severity,prior30,Er,0.000000
172,high_severity,year34,Q,78.575628
172,high_severity,year34,latqcc,17.553944
172,high_severity,year34,Dp,25.052741
172,high_severity,year34,Ep,203.417622
172,high_severity,year34,Es,141.821550
172,high_severity,year34,Er,0.000000
172,high_severity,annual_mean_100y,Q,20.753383
172,high_severity,annual_mean_100y,latqcc,8.904708
172,high_severity,annual_mean_100y,Dp,14.704159
172,high_severity,annual_mean_100y,Ep,157.825089
172,high_severity,annual_mean_100y,Es,126.040003
172,high_severity,annual_mean_100y,Er,0.000000
173,burned,day203,Q,4.236983
173,burned,day203,latqcc,0.032954
173,burned,day203,Dp,0.022319
173,burned,day203,Ep,5.342976
173,burned,day203,Es,3.621725
173,burned,day203,Er,0.000000
173,burned,prior7,Q,0.000000
173,burned,prior7,latqcc,0.000000
173,burned,prior7,Dp,0.156234
173,burned,prior7,Ep,13.470656
173,burned,prior7,Es,8.279336
173,burned,prior7,Er,0.000000
173,burned,prior30,Q,0.000902
173,burned,prior30,latqcc,0.007605
173,burned,prior30,Dp,0.734763
173,burned,prior30,Ep,47.975748
173,burned,prior30,Es,28.201198
173,burned,prior30,Er,0.000000
173,burned,year34,Q,4.237885
173,burned,year34,latqcc,8.906361
173,burned,year34,Dp,22.903889
173,burned,year34,Ep,325.950736
173,burned,year34,Es,128.767689
173,burned,year34,Er,0.000000
173,burned,annual_mean_100y,Q,0.220396
173,burned,annual_mean_100y,latqcc,2.141957
173,burned,annual_mean_100y,Dp,4.971062
173,burned,annual_mean_100y,Ep,211.756071
173,burned,annual_mean_100y,Es,109.996609
173,burned,annual_mean_100y,Er,0.000000
173,undisturbed,day203,Q,10.854929
173,undisturbed,day203,latqcc,0.264337
173,undisturbed,day203,Dp,0.000003
173,undisturbed,day203,Ep,7.317070
173,undisturbed,day203,Es,0.255723
173,undisturbed,day203,Er,0.000000
173,undisturbed,prior7,Q,0.000000
173,undisturbed,prior7,latqcc,0.000000
173,undisturbed,prior7,Dp,0.000019
173,undisturbed,prior7,Ep,14.646154
173,undisturbed,prior7,Es,0.592313
173,undisturbed,prior7,Er,0.000000
173,undisturbed,prior30,Q,0.000000
173,undisturbed,prior30,latqcc,0.000000
173,undisturbed,prior30,Dp,0.000083
173,undisturbed,prior30,Ep,53.740563
173,undisturbed,prior30,Es,2.311377
173,undisturbed,prior30,Er,0.000000
173,undisturbed,year34,Q,10.854929
173,undisturbed,year34,latqcc,0.487519
173,undisturbed,year34,Dp,1.321973
173,undisturbed,year34,Ep,466.740525
173,undisturbed,year34,Es,9.886838
173,undisturbed,year34,Er,0.000000
173,undisturbed,annual_mean_100y,Q,0.538506
173,undisturbed,annual_mean_100y,latqcc,0.424738
173,undisturbed,annual_mean_100y,Dp,0.216449
173,undisturbed,annual_mean_100y,Ep,318.249839
173,undisturbed,annual_mean_100y,Es,10.402240
173,undisturbed,annual_mean_100y,Er,0.000000
173,high_severity,day203,Q,40.140570
173,high_severity,day203,latqcc,0.011813
173,high_severity,day203,Dp,0.049042
173,high_severity,day203,Ep,2.234421
173,high_severity,day203,Es,5.389292
173,high_severity,day203,Er,0.000000
173,high_severity,prior7,Q,4.671605
173,high_severity,prior7,latqcc,0.006314
173,high_severity,prior7,Dp,0.343295
173,high_severity,prior7,Ep,6.336960
173,high_severity,prior7,Es,10.038090
173,high_severity,prior7,Er,0.000000
173,high_severity,prior30,Q,21.199805
173,high_severity,prior30,latqcc,0.066723
173,high_severity,prior30,Dp,1.471976
173,high_severity,prior30,Ep,25.971147
173,high_severity,prior30,Es,26.709906
173,high_severity,prior30,Er,0.000000
173,high_severity,year34,Q,81.001851
173,high_severity,year34,latqcc,15.236372
173,high_severity,year34,Dp,26.018567
173,high_severity,year34,Ep,199.202366
173,high_severity,year34,Es,144.344651
173,high_severity,year34,Er,0.000000
173,high_severity,annual_mean_100y,Q,21.524090
173,high_severity,annual_mean_100y,latqcc,7.875134
173,high_severity,annual_mean_100y,Dp,15.021268
173,high_severity,annual_mean_100y,Ep,155.397399
173,high_severity,annual_mean_100y,Es,128.451105
173,high_severity,annual_mean_100y,Er,0.000000
