ProjectName,Scenario,Watershed,Total contributing area to outlet (ha),Precipitation (m^3/yr),Precipitation per area (mm/yr),Water discharge (m^3/yr),Water discharge per area (mm/yr),Total hillslope soil loss (tonne/yr),Total hillslope soil loss per area (kg/ha/yr),Total channel soil loss (tonne/yr),Total channel soil loss per area (kg/ha/yr),Sediment discharge (tonne/yr),Sediment discharge per area (kg/ha/yr),Sediment delivery ratio for watershed,Phosphorus discharge (kg/yr),Phosphorus discharge per area (kg/ha/yr),Particle Fraction Under 0.016 mm,Sediment Yield of Particles Under 0.016 mm (tonne/yr),Sediment Yield of Particles Under 0.016 mm per area (kg/ha/yr)
CurCond4.1.3b.2_Watershed_1,CurCond4.1.3b.2,Watershed_1,262.83,2411256.0,917.4203858007077,671495.0,255.48643609937983,0.3,1.1414222120762472,4.8,18.262755393219955,5.0,19.023703534604117,0.99,8.4,0.031959821938134916,0.19010000000000002,0.9505000000000001,3.616406041928243
CurCond4.1.3b.2_Watershed_2,CurCond4.1.3b.2,Watershed_2,110.68,1032881.0,933.2137694253704,226651.0,204.78044813877847,0.1,0.9035056017347307,1.7,15.359595229490422,1.8,16.263100831225152,1.004,2.7,0.02439465124683773,0.1932,0.34776,3.1420310805926994
CurCond4.1.3b.2_Watershed_3,CurCond4.1.3b.2,Watershed_3,188.22,1790664.0,951.3675486133249,422890.0,224.67856763362022,0.0,0.0,3.9,20.720433535224736,3.9,20.720433535224736,0.991,5.5,0.029221124216342577,0.19180000000000003,0.7480200000000001,3.974179152056105
CurCond4.1.3b.2_Watershed_4,CurCond4.1.3b.2,Watershed_4,1345.08,13708196.0,1019.1361108632943,4370562.0,324.92952092068873,4.3,3.19683587593303,31.5,23.41868141671871,34.8,25.872067088946384,0.974,53.7,0.03992327593897761,0.19679999999999997,6.848639999999999,5.091622803104647
CurCond4.1.3b.2_Watershed_5,CurCond4.1.3b.2,Watershed_5,268.63,2753813.0,1025.132338160295,840679.0,312.9505267468265,0.2,0.7445184826713324,5.7,21.21877675613297,5.9,21.963295238804303,0.993,9.4,0.03499236868555262,0.19110000000000002,1.12749,4.1971857201355025
CurCond4.1.3b.2_Watershed_8,CurCond4.1.3b.2,Watershed_8,160.26,1925546.0,1201.513790091102,741770.0,462.8541120678897,3.9,24.33545488581056,4.4,27.455384999376015,8.2,51.16685386247348,1.001,10.3,0.0642705603394484,0.21200000000000002,1.7384,10.847373018844378
CurCond4.1.3b.2_Watershed_9_Blackwood,CurCond4.1.3b.2,Watershed_9_Blackwood,2671.07,37575749.0,1406.7676623974662,20443995.0,765.3859689188228,32205.1,12057.003373180036,157157.7,58836.98293193364,7600.1,2845.3391337553862,0.04,6181.6,2.3142785475483607,0.7971,6058.039710000001,2268.019823516419
CurCond4.1.3b.2_Watershed_10,CurCond4.1.3b.2,Watershed_10,1309.41,15380623.0,1174.6223871820132,6673676.0,509.6704622692663,1184.5,904.6058912029081,95.6,73.00998159476406,306.5,234.07488869032616,0.239,417.7,0.3189986329721019,0.3077,94.31004999999999,72.02484325001335
CurCond4.1.3b.2_Watershed_11_General,CurCond4.1.3b.2,Watershed_11_General,1819.7,22100076.0,1214.4900807825466,9939839.0,546.2350387426499,1652.2,907.9518601967357,799.1,439.1383195032148,104.1,57.2072319613123,0.042,163.8,0.09001483761059516,0.48960000000000004,50.96736,28.008660768258505
CurCond4.1.3b.2_Watershed_12_Meeks,CurCond4.1.3b.2,Watershed_12_Meeks,1981.45,23568024.0,1189.4331928638119,9794295.0,494.29937671906936,11609.6,5859.143556486411,1254.3,633.021272300588,229.1,115.6223977390295,0.018,191785.8,96.79063312220848,0.3317,75.99247,38.351949330036085
CurCond4.1.3b.2_Watershed_13,CurCond4.1.3b.2,Watershed_13,211.44,2173747.0,1028.0680098373061,787005.0,372.21197502837686,23.9,113.03443057132047,3.6,17.0261066969353,14.9,70.46916382898222,0.542,23.8,0.11256148316307227,0.2031,3.02619,14.312287173666288
CurCond4.1.3b.2_Watershed_14,CurCond4.1.3b.2,Watershed_14,246.15,2690698.0,1093.1131423928498,1270568.0,516.1763152549258,84.3,342.4741011578306,6.0,24.37538086532602,95.2,386.75604306317285,1.055,83.4,0.3388177940280317,0.047,4.4744,18.177534023969127
CurCond4.1.3b.2_Watershed_15,CurCond4.1.3b.2,Watershed_15,149.32,1489562.0,997.5636217519422,705402.0,472.40959014197693,194.3,1301.2322528797215,2.6,17.412268952585052,166.9,1117.733726225556,0.848,137.6,0.9215108491829628,0.043800000000000006,7.310220000000001,48.95673720867936
CurCond4.1.3b.2_Watershed_16,CurCond4.1.3b.2,Watershed_16,295.18,2955582.0,1001.2812521173521,1462878.0,495.5884545023376,610.4,2067.890778508029,7.6,25.747001829392236,452.9,1534.318043227861,0.733,371.0,1.2568602208821735,0.06490000000000001,29.393210000000003,99.57724100548819
CurCond4.1.3b.2_Watershed_17,CurCond4.1.3b.2,Watershed_17,386.9,3754816.0,970.487464461101,1735077.0,448.4561902300336,2450.9,6334.711811837685,19.0,49.108296717498064,665.8,1720.8581028689584,0.27,542.4,1.4019126389247867,0.148,98.53839999999998,254.6869992246058
CurCond4.1.3b.2_Watershed_18,CurCond4.1.3b.2,Watershed_18,1647.08,20362331.0,1236.2684872623067,10429687.0,633.2228549918644,11109.7,6745.088277436434,306.4,186.02617966340435,568.8,345.33841707749474,0.05,6406758.7,3889.7677708429464,0.3472,197.48736,119.90149840930616
CurCond4.1.3b.2_Watershed_19,CurCond4.1.3b.2,Watershed_19,845.73,10312303.0,1219.3374954181595,5628819.0,665.5574474122947,8161.1,9649.770021165146,23.7,28.023127948636088,402.7,476.15669303441996,0.049,373.6,0.441748548591158,0.21700000000000003,87.3859,103.32600238846913
CurCond4.1.3b.2_Watershed_20,CurCond4.1.3b.2,Watershed_20,877.52,8733199.0,995.2136703436959,3747226.0,427.0245692405871,3733.8,4254.9457562220805,119.7,136.40714741544352,727.4,828.9269760233385,0.189,603.5,0.6877336129091075,0.3834,278.88516,317.81060260734796
CurCond4.1.3b.2_Watershed_6,CurCond4.1.3b.2,Watershed_6,122.51,1216674.0,993.1221941066035,368403.0,300.71259489021304,0.0,0.0,2.2,17.957717737327563,2.2,17.957717737327563,1.001,3.9,0.031834135988898865,0.19180000000000003,0.4219600000000001,3.4442902620194276
CurCond4.1.3b.2_Watershed_7_Ward,CurCond4.1.3b.2,Watershed_7_Ward,2314.23,30688326.0,1326.070701702078,14031258.0,606.3035221218289,6715.5,2901.8291181083987,6107.7,2639.1931657613977,1252.6,541.25994391223,0.098,1093.3,0.4724249534402371,0.4908,614.77608,265.65038047212244
SimFire4.2.2b.2_Watershed_1,SimFire4.2.2b.2,Watershed_1,262.83,2411256.0,917.4203858007077,1207443.0,459.40075333865997,418.4,1591.9035117756725,5.9,22.44797017083286,159.5,606.8561427538714,0.376,134.5,0.5117376250808507,0.2974,47.4353,180.47901685500133
SimFire4.2.2b.2_Watershed_2,SimFire4.2.2b.2,Watershed_2,110.68,1032881.0,933.2137694253704,481539.0,435.0731839537405,85.8,775.207806288399,2.4,21.684134441633535,76.4,690.2782797253343,0.867,63.6,0.5746295627032887,0.17980000000000002,13.736720000000002,124.1120346946151
SimFire4.2.2b.2_Watershed_3,SimFire4.2.2b.2,Watershed_3,188.22,1790664.0,951.3675486133249,863160.0,458.5910105196047,46.8,248.64520242269685,5.2,27.627244713632983,52.6,279.46020614174904,1.012,48.4,0.2571458931038147,0.1711,8.99986,47.81564127085326
SimFire4.2.2b.2_Watershed_4,SimFire4.2.2b.2,Watershed_4,1345.08,13708196.0,1019.1361108632943,7127641.0,529.9046153388646,2456.6,1826.3597704225772,101.0,75.08847057424094,1088.8,809.4685817943914,0.426,912.1,0.678100930799655,0.3173,345.47624,256.8443810033604
SimFire4.2.2b.2_Watershed_5,SimFire4.2.2b.2,Watershed_5,268.63,2753813.0,1025.132338160295,1519472.0,565.6374939507873,330.1,1228.827755649034,9.0,33.50333172020996,213.4,794.4012210103116,0.629,178.7,0.6652272642668354,0.2562,54.67308,203.52559282284184
SimFire4.2.2b.2_Watershed_6,SimFire4.2.2b.2,Watershed_6,122.51,1216674.0,993.1221941066035,701481.0,572.590808913558,100.6,821.1574565341605,2.9,23.671537017386335,67.7,552.6079503713983,0.654,58.2,0.4750632601420292,0.26439999999999997,17.89988,146.1095420781977
SimFire4.2.2b.2_Watershed_7_Ward,SimFire4.2.2b.2,Watershed_7_Ward,2314.23,30688326.0,1326.070701702078,17142528.0,740.7443512529005,65848.6,28453.78376393012,42770.4,18481.481961602778,15106.1,6527.48430363447,0.139,12169.2,5.258422887958414,0.7435,11231.38535,4853.184579752228
SimFire4.2.2b.2_Watershed_8,SimFire4.2.2b.2,Watershed_8,160.26,1925546.0,1201.513790091102,987189.0,615.9921377761139,277.0,1728.4412829152627,4.7,29.32734306751529,160.4,1000.8735804317984,0.569,133.1,0.8305253962311244,0.4101,65.78004,410.4582553350805
SimFire4.2.2b.2_Watershed_9_Blackwood,SimFire4.2.2b.2,Watershed_9_Blackwood,2671.07,37575749.0,1406.7676623974662,23217254.0,869.211739115785,195182.7,73072.85095486078,544825.0,203972.5653015458,37948.5,14207.227815070364,0.051,30469.3,11.407151441182746,0.824,31269.564,11706.75571961798
SimFire4.2.2b.2_Watershed_11_General,SimFire4.2.2b.2,Watershed_11_General,1819.7,22100076.0,1214.4900807825466,13275461.0,729.5411881079299,21264.3,11685.607517722701,9574.4,5261.526625267901,1441.7,792.2734516678573,0.047,1224.0,0.6726383469802715,0.6995,1008.46915,554.1952794416662
SimFire4.2.2b.2_Watershed_12_Meeks,SimFire4.2.2b.2,Watershed_12_Meeks,1981.45,23568024.0,1189.4331928638119,12643711.0,638.1039642685912,23601.4,11911.176158873552,2549.6,1286.7344621363143,561.3,283.2773978651997,0.021,7781.3,3.9270736077115243,0.45130000000000003,253.31469,127.84308965656463
SimFire4.2.2b.2_Watershed_13,SimFire4.2.2b.2,Watershed_13,211.44,2173747.0,1028.0680098373061,1363896.0,645.0510783200908,2615.2,12368.520620506999,4.9,23.174423004161937,696.2,3292.659856223988,0.266,564.7,2.6707340143776013,0.39560000000000006,275.41672000000005,1302.5762391222097
SimFire4.2.2b.2_Watershed_14,SimFire4.2.2b.2,Watershed_14,246.15,2690698.0,1093.1131423928498,1667392.0,677.388584196628,1500.2,6094.657729027016,5.8,23.562868169815154,1294.6,5259.394678041845,0.86,1045.2,4.246191346739793,0.09090000000000001,117.67914,478.0789762340036
SimFire4.2.2b.2_Watershed_15,SimFire4.2.2b.2,Watershed_15,149.32,1489562.0,997.5636217519422,881065.0,590.0515671042058,1181.4,7911.867130993839,3.1,20.760782212697563,777.4,5206.268416822931,0.656,629.2,4.213769086525583,0.0811,63.04714,422.22836860433966
SimFire4.2.2b.2_Watershed_16,SimFire4.2.2b.2,Watershed_16,295.18,2955582.0,1001.2812521173521,1713229.0,580.4014499627345,2778.4,9412.561826682024,7.8,26.424554509113083,1270.8,4305.16972694627,0.456,1027.0,3.479233010366556,0.0883,112.21164,380.14648688935563
SimFire4.2.2b.2_Watershed_17,SimFire4.2.2b.2,Watershed_17,386.9,3754816.0,970.487464461101,2089969.0,540.1832514861721,6480.1,16748.772292582064,32.2,83.22563970018093,1207.4,3120.703024037219,0.185,978.1,2.528043422072887,0.2163,261.16062,675.0080640992505
SimFire4.2.2b.2_Watershed_18,SimFire4.2.2b.2,Watershed_18,1647.08,20362331.0,1236.2684872623067,10871375.0,660.0392816378076,20182.8,12253.685309760303,156.7,95.13806251062486,1084.2,658.2558224251403,0.053,3931510.4,2386.957767685844,0.29510000000000003,319.94742,194.25129319765892
SimFire4.2.2b.2_Watershed_19,SimFire4.2.2b.2,Watershed_19,845.73,10312303.0,1219.3374954181595,5668944.0,670.3018693909404,18820.5,22253.556099464367,84.8,100.26840717486668,1211.1,1432.0173104891633,0.064,1018.4,1.2041668144679745,0.2475,299.74724999999995,354.4242843460678
SimFire4.2.2b.2_Watershed_20,SimFire4.2.2b.2,Watershed_20,877.52,8733199.0,995.2136703436959,4927314.0,561.5044671346521,10791.5,12297.72540796791,920.9,1049.4347707174766,1853.1,2111.746740815024,0.158,1511.3,1.7222399489470326,0.4645,860.76495,980.9063611085787
SimFire4.2.2b.2_Watershed_10,SimFire4.2.2b.2,Watershed_10,1309.41,15380623.0,1174.6223871820132,8825790.0,674.0279973423145,14155.8,10810.823195179508,737.6,563.3071383294766,1835.7,1401.9291131120121,0.123,1526.8,1.1660213378544535,0.5046999999999999,926.4777899999999,707.5536233876325
SimFire4.2fA2p.2b.2.obs_cli_Watershed_1,SimFire4.2fA2p.2b.2.obs,Watershed_1,262.83,2411256.0,917.4203858007077,1194599.0,454.5139443746909,417.9,1590.0011414222122,5.5,20.92607388806453,156.0,593.5395502796484,0.368,131.6,0.5007038770307803,0.2967,46.2852,176.1031845679717
SimFire4.2fA2p.2b.2.obs_cli_Watershed_2,SimFire4.2fA2p.2b.2.obs,Watershed_2,110.68,1032881.0,933.2137694253704,473505.0,427.8144199494037,17.5,158.11348030357786,2.4,21.684134441633535,19.1,172.56956993133358,0.963,17.8,0.16082399710878206,0.1739,3.3214900000000003,30.00984821105891
SimFire4.2fA2p.2b.2.obs_cli_Watershed_3,SimFire4.2fA2p.2b.2.obs,Watershed_3,188.22,1790664.0,951.3675486133249,865287.0,459.72107108702585,46.0,244.39485708213792,5.2,27.627244713632983,52.0,276.27244713632984,1.014,48.1,0.2555520136011051,0.1708,8.8816,47.187333970885135
SimFire4.2fA2p.2b.2.obs_cli_Watershed_4,SimFire4.2fA2p.2b.2.obs,Watershed_4,1345.08,13708196.0,1019.1361108632943,7068560.0,525.512237190353,2416.3,1796.3987272132513,426.5,317.0815118803343,1307.7,972.2098313854939,0.46,1087.7,0.8086507865703156,0.3422,447.49494000000004,332.690204300116
SimFire4.2fA2p.2b.2.obs_cli_Watershed_5,SimFire4.2fA2p.2b.2.obs,Watershed_5,268.63,2753813.0,1025.132338160295,1508859.0,561.6867066224919,250.7,933.253918028515,7.1,26.430406134832296,166.4,619.4393775825484,0.646,141.0,0.5248855302832893,0.24800000000000003,41.2672,153.62096564047204
SimFire4.2fA2p.2b.2.obs_cli_Watershed_6,SimFire4.2fA2p.2b.2.obs,Watershed_6,122.51,1216674.0,993.1221941066035,694533.0,566.9194351481511,96.3,786.0582809566565,2.9,23.671537017386335,65.7,536.2827524283732,0.662,56.6,0.46200310178760917,0.2621,17.21997,140.5597094114766
SimFire4.2fA2p.2b.2.obs_cli_Watershed_7_Ward,SimFire4.2fA2p.2b.2.obs,Watershed_7_Ward,2314.23,30688326.0,1326.070701702078,17102102.0,738.9975067301003,61227.8,26457.09372015746,31314.5,13531.28254322172,10001.8,4321.869477104696,0.108,8085.6,3.4938618892677047,0.7059,7060.270619999999,3050.8076638882044
SimFire4.2fA2p.2b.2.obs_cli_Watershed_8,SimFire4.2fA2p.2b.2.obs,Watershed_8,160.26,1925546.0,1201.513790091102,1000825.0,624.5008111818295,404.6,2524.6474478971672,4.7,29.32734306751529,224.3,1399.6006489454637,0.548,184.3,1.1500062398602273,0.42289999999999994,94.85646999999999,591.8911144390365
SimFire4.2fA2p.2b.2.obs_cli_Watershed_9_Blackwood,SimFire4.2fA2p.2b.2.obs,Watershed_9_Blackwood,2671.07,37575749.0,1406.7676623974662,23205852.0,868.7848689850883,182429.0,68298.09776606379,582140.5,217942.80943591893,52753.6,19749.987832591432,0.069,42313.3,15.841329504655437,0.7893000000000001,41638.41648000001,15588.66539626442
SimFire4.2fA2p.2b.2.obs_cli_Watershed_10,SimFire4.2fA2p.2b.2.obs,Watershed_10,1309.41,15380623.0,1174.6223871820132,8875197.0,677.8012234517836,15249.8,11646.31398874302,1452.2,1109.0491137229744,1827.3,1395.5140101266982,0.109,1521.6,1.1620500836254495,0.5035000000000001,920.04555,702.6413040987926
SimFire4.2fA2p.2b.2.obs_cli_Watershed_11_General,SimFire4.2fA2p.2b.2.obs,Watershed_11_General,1819.7,22100076.0,1214.4900807825466,13232067.0,727.1565093147223,15835.9,8702.478430510524,5653.6,3106.8857503984173,551.0,302.79716436775294,0.026,511.1,0.28087047315491565,0.654,360.35400000000004,198.02934549651044
SimFire4.2fA2p.2b.2.obs_cli_Watershed_14,SimFire4.2fA2p.2b.2.obs,Watershed_14,246.15,2690698.0,1093.1131423928498,1669939.0,678.4233191143611,1500.2,6094.657729027016,5.8,23.562868169815154,1294.7,5259.8009343896,0.86,1045.3,4.246597603087548,0.09090000000000001,117.68823000000002,478.1159049360147
SimFire4.2fA2p.2b.2.obs_cli_Watershed_15,SimFire4.2fA2p.2b.2.obs,Watershed_15,149.32,1489562.0,997.5636217519422,878569.0,588.3799892847576,1175.0,7869.0061612643985,2.7,18.081971604607556,807.2,5405.839807125636,0.685,651.0,4.359764264666488,0.0749,60.45928,404.89740155371015
SimFire4.2fA2p.2b.2.obs_cli_Watershed_16,SimFire4.2fA2p.2b.2.obs,Watershed_16,295.18,2955582.0,1001.2812521173521,1709567.0,579.1608510061658,2778.4,9412.561826682024,7.8,26.424554509113083,1271.4,4307.202384985432,0.456,1027.4,3.480588115725998,0.0883,112.26462000000001,380.32597059421374
SimFire4.2fA2p.2b.2.obs_cli_Watershed_17,SimFire4.2fA2p.2b.2.obs,Watershed_17,386.9,3754816.0,970.487464461101,2081581.0,538.0152494184543,6487.3,16767.3817523908,32.9,85.03489273714139,1212.6,3134.1431894546395,0.186,982.7,2.539932799172913,0.21789999999999998,264.22553999999997,682.929800982166
SimFire4.2fA2p.2b.2.obs_cli_Watershed_18,SimFire4.2fA2p.2b.2.obs,Watershed_18,1647.08,20362331.0,1236.2684872623067,10871495.0,660.046567258421,20182.8,12253.685309760303,156.7,95.13806251062486,1084.2,658.2558224251403,0.053,3931493.9,2386.9477499575005,0.29510000000000003,319.94742,194.25129319765892
SimFire4.2fA2p.2b.2.obs_cli_Watershed_19,SimFire4.2fA2p.2b.2.obs,Watershed_19,845.73,10312303.0,1219.3374954181595,5672917.0,670.7716410674801,18837.0,22273.065872086834,84.8,100.26840717486668,1224.2,1447.5068875409409,0.065,1028.9,1.216582124318636,0.2452,300.17384000000004,354.92868882503876
SimFire4.2fA2p.2b.2.obs_cli_Watershed_20,SimFire4.2fA2p.2b.2.obs,Watershed_20,877.52,8733199.0,995.2136703436959,4956201.0,564.7963579177682,10441.1,11898.418269669068,1249.1,1423.4433403227276,1527.0,1740.1312790591667,0.131,1250.1,1.4245829154891057,0.5458000000000001,833.4366000000001,949.7636521104934
SimFire4.2fA2p.2b.2.obs_cli_Watershed_13,SimFire4.2fA2p.2b.2.obs,Watershed_13,211.44,2173747.0,1028.0680098373061,1362999.0,644.6268444948921,2669.4,12624.858115777526,4.6,21.75558077941733,680.5,3218.40711312902,0.254,552.2,2.611615588346576,0.4031,274.30955,1297.339907302308
SimFire4.2fA2p.2b.2.obs_cli_Watershed_12_Meeks,SimFire4.2fA2p.2b.2.obs,Watershed_12_Meeks,1981.45,23568024.0,1189.4331928638119,12699779.0,640.9336092255671,24223.3,12225.037220217517,2334.5,1178.1775972141613,771.0,389.10898584370034,0.029,7951.1,4.012768427161927,0.43520000000000003,335.53920000000005,169.3402306391784
SimFire4.2fA2p.2b.2.fut_cli_Watershed_14,SimFire4.2fA2p.2b.2.fut,Watershed_14,246.15,2721934.0,1105.8029656713386,1664898.0,676.3753808653261,1490.3,6054.438350599228,5.3,21.531586431037983,1077.0,4375.38086532602,0.72,871.2,3.539305301645338,0.12010000000000001,129.3477,525.4832419256551
SimFire4.2fA2p.2b.2.fut_cli_Watershed_19,SimFire4.2fA2p.2b.2.fut,Watershed_19,845.73,10652018.0,1259.5057524268975,5913459.0,699.2135788017453,18541.3,21923.427098482967,39.2,46.35049010913649,1599.3,1891.0290518250506,0.086,1354.7,1.6018114528277347,0.1956,312.82308,369.8852825369799
SimFire4.2fA2p.2b.2.fut_cli_Watershed_1,SimFire4.2fA2p.2b.2.fut,Watershed_1,262.83,2545386.0,968.4533729026367,1309641.0,498.2844424152494,935.1,3557.8130350416623,5.7,21.687022029448695,347.1,1320.625499372218,0.369,292.6,1.113267130845033,0.37750000000000006,131.03025000000002,498.53612601301234
SimFire4.2fA2p.2b.2.fut_cli_Watershed_2,SimFire4.2fA2p.2b.2.fut,Watershed_2,110.68,1071907.0,968.47397903867,514574.0,464.92049150704736,98.2,887.2425009035055,4.6,41.56125767979761,76.3,689.3747741235995,0.742,63.8,0.5764365739067582,0.2258,17.22854,155.66082399710874
SimFire4.2fA2p.2b.2.fut_cli_Watershed_3,SimFire4.2fA2p.2b.2.fut,Watershed_3,188.22,2203387.0,1170.6444586122623,1203422.0,639.3698863032621,252.9,1343.6404207841888,5.8,30.81500371905217,215.6,1145.4680692806292,0.833,180.3,0.9579215811284667,0.2226,47.99256,254.981192221868
SimFire4.2fA2p.2b.2.fut_cli_Watershed_4,SimFire4.2fA2p.2b.2.fut,Watershed_4,1345.08,15745903.0,1170.6294792874774,8755645.0,650.938605882178,4516.0,3357.421119933387,114.9,85.42242840574539,1406.2,1045.4396764504713,0.304,67706098241.6,50336112.52981236,0.4124,579.91688,431.1393225681744
SimFire4.2fA2p.2b.2.fut_cli_Watershed_5,SimFire4.2fA2p.2b.2.fut,Watershed_5,268.63,3144627.0,1170.616461303652,1838027.0,684.2225365744705,1008.6,3754.606708111529,12.2,45.41562744295127,377.7,1406.0231545248112,0.37,311.4,1.1592152775192643,0.42390000000000005,160.10703,596.0132152030674
SimFire4.2fA2p.2b.2.fut_cli_Watershed_6,SimFire4.2fA2p.2b.2.fut,Watershed_6,122.51,1434095.0,1170.594237205126,877802.0,716.5145702391642,515.5,4207.819769814709,2.6,21.222757325932577,202.5,1652.9262917312872,0.391,166.6,1.3598889886539873,0.42100000000000004,85.25250000000001,695.881968818872
SimFire4.2fA2p.2b.2.fut_cli_Watershed_7_Ward,SimFire4.2fA2p.2b.2.fut,Watershed_7_Ward,2314.23,47261782.0,2042.224930106342,31957149.0,1380.897706796645,150854.5,65185.61249314027,100988.8,43638.18635139982,57938.5,25035.757033656984,0.23,46501.4,20.093681267635457,0.6819000000000001,39508.263150000006,17071.8827212507
SimFire4.2fA2p.2b.2.fut_cli_Watershed_8,SimFire4.2fA2p.2b.2.fut,Watershed_8,160.26,2278195.0,1421.5618370148509,1339401.0,835.7675028079371,1422.3,8874.953201048296,57.7,360.03993510545365,675.7,4216.273555472358,0.457,546.9,3.412579558217896,0.4985,336.83645,2101.8123674029703
SimFire4.2fA2p.2b.2.fut_cli_Watershed_9_Blackwood,SimFire4.2fA2p.2b.2.fut,Watershed_9_Blackwood,2671.07,55831750.0,2090.239117656969,39651939.0,1484.4964377571534,380396.9,142413.67691599246,998187.8,373703.3473476921,286045.9,107090.37951083273,0.207,229019.9,85.74088286716558,0.696,199087.94640000002,74534.90413953958
SimFire4.2fA2p.2b.2.fut_cli_Watershed_10,SimFire4.2fA2p.2b.2.fut,Watershed_10,1309.41,22189929.0,1694.6509496643525,14749054.0,1126.3892898328254,37479.8,28623.425817734704,7539.6,5758.013150961119,5329.7,4070.3064739080955,0.118,4347.9,3.320503127362705,0.604,3219.1387999999997,2458.4651102404896
SimFire4.2fA2p.2b.2.fut_cli_Watershed_11_General,SimFire4.2fA2p.2b.2.fut,Watershed_11_General,1819.7,26939590.0,1480.4412815299224,17652762.0,970.0918832774634,33439.0,18376.105951530473,23252.8,12778.370060999065,2365.2,1299.774688135407,0.042,1984.0,1.090289608177172,0.67,1584.684,870.8490410507226
SimFire4.2fA2p.2b.2.fut_cli_Watershed_12_Meeks,SimFire4.2fA2p.2b.2.fut,Watershed_12_Meeks,1981.45,21910635.0,1105.7879330793105,11953590.0,603.2748744606223,19192.7,9686.189406747584,11752.9,5931.464331676298,1122.5,566.5043276388503,0.036,13074.1,6.598248757223246,0.5338999999999999,599.30275,302.45666052638217
SimFire4.2fA2p.2b.2.fut_cli_Watershed_13,SimFire4.2fA2p.2b.2.fut,Watershed_13,211.44,2338062.0,1105.7803632236096,1458557.0,689.8207529322739,2808.1,13280.836171017783,3.5,16.553159288687098,729.6,3450.6242905788877,0.26,592.0,2.7998486568293606,0.5152000000000001,375.8899200000001,1777.7616345062434
SimFire4.2fA2p.2b.2.fut_cli_Watershed_15,SimFire4.2fA2p.2b.2.fut,Watershed_15,149.32,1584104.0,1060.8786498794536,921201.0,616.9307527457809,1292.4,8655.237074738816,2.5,16.74256630056255,620.6,4156.174658451648,0.479,501.9,3.3612376105009374,0.132,81.9192,548.6150549156175
SimFire4.2fA2p.2b.2.fut_cli_Watershed_16,SimFire4.2fA2p.2b.2.fut,Watershed_16,295.18,3131486.0,1060.8733654041603,1747342.0,591.9581272443933,2144.5,7265.058608306796,7.2,24.391896469950538,744.3,2521.512297581137,0.346,617.8,2.0929602276577004,0.1363,101.44809,343.68212616030894
SimFire4.2fA2p.2b.2.fut_cli_Watershed_17,SimFire4.2fA2p.2b.2.fut,Watershed_17,386.9,4104609.0,1060.8966141121737,2285814.0,590.8022744895321,5277.1,13639.441716205738,136.8,353.57973636598604,945.4,2443.5254587748773,0.175,770.6,1.9917291289738952,0.3318,313.68372,810.7617472215043
SimFire4.2fA2p.2b.2.fut_cli_Watershed_18,SimFire4.2fA2p.2b.2.fut,Watershed_18,1647.08,29719187.0,1804.3560118512762,18984799.0,1152.6336911382568,52754.8,32029.28819486607,2602.4,1580.0082570366953,5366.6,3258.2509653447314,0.097,1945774.2,1181.347718386478,0.3871,2077.41086,1261.2689486849454
SimFire4.2fA2p.2b.2.fut_cli_Watershed_20,SimFire4.2fA2p.2b.2.fut,Watershed_20,877.52,11052482.0,1259.5134014039565,6773331.0,771.871980125809,19697.3,22446.553924696873,1415.4,1612.9546904913848,2962.4,3375.877472878111,0.14,2407.3,2.743299298021698,0.5688,1685.01312,1920.1991065730697
HighSev4.2.2b.2_Watershed_1,HighSev4.2.2b.2,Watershed_1,262.83,2411256.0,917.4203858007077,1355957.0,515.9064794734239,767.7,2920.8994407031164,6.0,22.82844424152494,289.2,1100.3310124415023,0.374,238.9,0.9089525548833848,0.3183,92.05236000000001,350.23536126013016
HighSev4.2.2b.2_Watershed_2,HighSev4.2.2b.2,Watershed_2,110.68,1032881.0,933.2137694253704,564246.0,509.7994217564149,378.5,3419.7687025659557,2.5,22.587640043368268,333.2,3010.4806649801226,0.874,269.4,2.4340440910733645,0.1831,61.00892,551.2190097578605
HighSev4.2.2b.2_Watershed_3,HighSev4.2.2b.2,Watershed_3,188.22,1790664.0,951.3675486133249,1027100.0,545.6912124110085,354.0,1880.7778131973223,6.2,32.94017638933163,328.8,1746.8919349697162,0.913,268.8,1.4281160344277972,0.22510000000000002,74.01288000000001,393.22537456168317
HighSev4.2.2b.2_Watershed_4,HighSev4.2.2b.2,Watershed_4,1345.08,13708196.0,1019.1361108632943,8285398.0,615.9780830879947,13801.3,10260.579296398728,813.5,604.796740714307,2622.5,1949.6981592172958,0.179,2145.3,1.5949237220091002,0.5095000000000001,1336.1637500000002,993.3712121212124
HighSev4.2.2b.2_Watershed_5,HighSev4.2.2b.2,Watershed_5,268.63,2753813.0,1025.132338160295,1688160.0,628.4331608532182,2368.1,8815.47109406991,38.5,143.31980791423146,1070.8,3986.1519562223134,0.445,865.3,3.221159215277519,0.32789999999999997,351.11531999999994,1307.0592264452964
HighSev4.2.2b.2_Watershed_6,HighSev4.2.2b.2,Watershed_6,122.51,1216674.0,993.1221941066035,738557.0,602.8544608603379,205.8,1679.8628683372785,3.9,31.834135988898865,149.6,1221.1248061382744,0.713,123.7,1.0097134927760998,0.244,36.502399999999994,297.9544526977389
HighSev4.2.2b.2_Watershed_10,HighSev4.2.2b.2,Watershed_10,1309.41,15380623.0,1174.6223871820132,9909012.0,756.7539578894311,85403.7,65223.039384150106,11748.0,8971.97974660343,3004.8,2294.773982175178,0.031,2466.2,1.883443688378735,0.6042000000000001,1815.5001600000003,1386.5024400302427
HighSev4.2.2b.2_Watershed_11_General,HighSev4.2.2b.2,Watershed_11_General,1819.7,22100076.0,1214.4900807825466,14678155.0,806.6249931307358,74450.5,40913.61213386822,14872.1,8172.830686376875,3872.3,2127.9881299115236,0.043,3175.8,1.7452327306698907,0.7291000000000001,2823.2939300000003,1551.516145518492
HighSev4.2.2b.2_Watershed_12_Meeks,HighSev4.2.2b.2,Watershed_12_Meeks,1981.45,23568024.0,1189.4331928638119,14630602.0,738.3785611547099,128224.0,64712.20570794115,15666.1,7906.381690176386,1726.5,871.3316005955235,0.012,12090.9,6.102046481112317,0.5780000000000001,997.9170000000001,503.6296651442126
HighSev4.2.2b.2_Watershed_13,HighSev4.2.2b.2,Watershed_13,211.44,2173747.0,1028.0680098373061,1414397.0,668.9353953840333,4075.2,19273.55278093076,7.4,34.99810821036701,846.0,4001.1350737797957,0.207,684.9,3.239216799091941,0.46140000000000003,390.3444,1846.123723041998
HighSev4.2.2b.2_Watershed_14,HighSev4.2.2b.2,Watershed_14,246.15,2690698.0,1093.1131423928498,1841233.0,748.0125939467804,5371.0,21820.028437944344,9.1,36.969327645744464,3649.7,14827.137924030063,0.678,2930.3,11.904529758277473,0.0736,268.61791999999997,1091.2773512086126
HighSev4.2.2b.2_Watershed_15,HighSev4.2.2b.2,Watershed_15,149.32,1489562.0,997.5636217519422,980500.0,656.6434503080632,4549.3,30466.782748459686,2.8,18.751674256630057,1838.5,12312.4832574337,0.404,1476.6,9.888829359764264,0.10440000000000002,191.93940000000003,1285.4232520760784
HighSev4.2.2b.2_Watershed_16,HighSev4.2.2b.2,Watershed_16,295.18,2955582.0,1001.2812521173521,2024979.0,686.0149739142219,15803.0,53536.82498814283,51.0,172.7759333288163,2873.5,9734.738125889287,0.181,2310.4,7.82708855613524,0.1903,546.82705,1852.5206653567311
HighSev4.2.2b.2_Watershed_17,HighSev4.2.2b.2,Watershed_17,386.9,3754816.0,970.487464461101,2484452.0,642.1431894546395,30169.4,77977.25510467822,237.0,612.5613853708969,2348.4,6069.78547428276,0.077,1892.8,4.89222021194107,0.37750000000000006,886.5210000000002,2291.344016541743
HighSev4.2.2b.2_Watershed_18,HighSev4.2.2b.2,Watershed_18,1647.08,20362331.0,1236.2684872623067,12872907.0,781.5593049517935,164567.1,99914.45467129709,2586.3,1570.2333827136508,3635.4,2207.178764844452,0.022,495531.3,300.8544211574423,0.4852,1763.8960800000002,1070.9231367025284
HighSev4.2.2b.2_Watershed_19,HighSev4.2.2b.2,Watershed_19,845.73,10312303.0,1219.3374954181595,6740858.0,797.0461021839121,93263.1,110275.26515554609,1038.5,1227.9332647535266,6225.8,7361.451054118927,0.066,5035.2,5.953673158100102,0.304,1892.6432,2237.8811204521535
HighSev4.2.2b.2_Watershed_20,HighSev4.2.2b.2,Watershed_20,877.52,8733199.0,995.2136703436959,5634962.0,642.1462758683563,57229.5,65217.31698422828,2267.8,2584.32856231197,4405.5,5020.398395478166,0.074,3556.2,4.052557206673352,0.6708000000000001,2955.2094,3367.683243686754
HighSev4.2.2b.2_Watershed_7_Ward,HighSev4.2.2b.2,Watershed_7_Ward,2314.23,30688326.0,1326.070701702078,20499633.0,885.8079361169806,377710.6,163212.21313352606,102437.0,44263.96684858463,44026.3,19024.167865769607,0.092,35321.4,15.26270076872221,0.7537,33182.622310000006,14338.515320430555
HighSev4.2.2b.2_Watershed_8,HighSev4.2.2b.2,Watershed_8,160.26,1925546.0,1201.513790091102,1181939.0,737.5134156994883,4085.4,25492.32497192063,18.1,112.94147011106952,1876.9,11711.593660302009,0.457,1507.2,9.404717334331712,0.4478,840.47582,5244.451641083239
HighSev4.2.2b.2_Watershed_9_Blackwood,HighSev4.2.2b.2,Watershed_9_Blackwood,2671.07,37575749.0,1406.7676623974662,26393464.0,988.1232614645068,899761.3,336854.2569082802,6891016.9,2579871.3249746356,2135206.5,799382.4572175195,0.274,1708291.0,639.5530630047134,0.788,1682542.722,629913.3762874054
ModSev4.2.2b.2_Watershed_1,ModSev4.2.2b.2,Watershed_1,262.83,2411256.0,917.4203858007077,1175016.0,447.0631206483278,162.4,617.8898908039417,8.6,32.720770079519085,70.7,268.9951679793022,0.413,63.2,0.24045961267739607,0.28959999999999997,20.474719999999998,77.90100064680591
ModSev4.2.2b.2_Watershed_2,ModSev4.2.2b.2,Watershed_2,110.68,1032881.0,933.2137694253704,478036.0,431.9082038308637,43.1,389.41091434766895,2.5,22.587640043368268,42.5,383.98988073726053,0.934,36.7,0.3315865558366462,0.1753,7.4502500000000005,67.31342609324179
ModSev4.2.2b.2_Watershed_3,ModSev4.2.2b.2,Watershed_3,188.22,1790664.0,951.3675486133249,866972.0,460.61630007438106,26.8,142.38656890872383,5.3,28.158537881202847,31.6,167.88864095207737,0.985,32.3,0.1716076931250664,0.2092,6.610720000000001,35.122303687174586
ModSev4.2.2b.2_Watershed_9_Blackwood,ModSev4.2.2b.2,Watershed_9_Blackwood,2671.07,37575749.0,1406.7676623974662,24233873.0,907.2721044375475,304812.8,114116.36535171297,38331433.4,14350591.111427255,10415834.9,3899499.0397106777,0.27,8332783.5,3119.642502817223,0.832,8665974.6368,3244383.201039284
ModSev4.2.2b.2_Watershed_10,ModSev4.2.2b.2,Watershed_10,1309.41,15380623.0,1174.6223871820132,8907552.0,680.272183655234,25839.2,19733.46774501493,4707.1,3594.825150258513,1794.5,1370.4645603745198,0.059,1493.2,1.1403609259131975,0.5446,977.2846999999999,746.3549995799634
ModSev4.2.2b.2_Watershed_11_General,ModSev4.2.2b.2,Watershed_11_General,1819.7,22100076.0,1214.4900807825466,13363254.0,734.3657745782272,20842.8,11453.975930098368,10717.5,5889.707094576029,1572.3,864.0435236577457,0.05,1328.8,0.7302302577347914,0.704,1106.8991999999998,608.2866406550529
ModSev4.2.2b.2_Watershed_12_Meeks,ModSev4.2.2b.2,Watershed_12_Meeks,1981.45,23568024.0,1189.4331928638119,13071437.0,659.6904791945293,41330.3,20858.613641525146,3852.2,1944.1318226551261,1165.3,588.1046708218729,0.026,5417.4,2.734058391581922,0.49340000000000006,574.95902,290.17084458351206
ModSev4.2.2b.2_Watershed_13,ModSev4.2.2b.2,Watershed_13,211.44,2173747.0,1028.0680098373061,1286493.0,608.4435300794552,942.1,4455.637533106318,3.3,15.607264472190693,349.8,1654.3700340522134,0.37,287.2,1.3583049564888383,0.3087,107.98326,510.70402951191824
ModSev4.2.2b.2_Watershed_14,ModSev4.2.2b.2,Watershed_14,246.15,2690698.0,1093.1131423928498,1692317.0,687.5145236644322,1977.8,8034.938045906967,5.9,23.969124517570588,1639.5,6660.572821450335,0.826,1322.1,5.371115173674588,0.0576,94.4352,383.6489945155393
ModSev4.2.2b.2_Watershed_15,ModSev4.2.2b.2,Watershed_15,149.32,1489562.0,997.5636217519422,890067.0,596.0802303777123,1991.0,13333.779801768016,2.7,18.081971604607556,1149.4,7697.562282346638,0.577,924.7,6.192740423252077,0.068,78.15920000000001,523.4342351995715
ModSev4.2.2b.2_Watershed_16,ModSev4.2.2b.2,Watershed_16,295.18,2955582.0,1001.2812521173521,1794354.0,607.8846805339115,5927.4,20080.62876888678,29.3,99.26146757910428,1929.9,6538.044582966326,0.324,1554.2,5.2652618741107124,0.10610000000000001,204.76239000000004,693.6865302527273
ModSev4.2.2b.2_Watershed_17,ModSev4.2.2b.2,Watershed_17,386.9,3754816.0,970.487464461101,2160444.0,558.3985525975704,11813.7,30534.246575342466,135.2,349.4443008529336,1642.7,4245.799948307056,0.137,1326.6,3.4287929697596278,0.2436,400.16172,1034.276867407599
ModSev4.2.2b.2_Watershed_18,ModSev4.2.2b.2,Watershed_18,1647.08,20362331.0,1236.2684872623067,11482753.0,697.158182966219,48102.0,29204.410229011344,753.0,457.1726934939408,1888.3,1146.4531170313526,0.039,2665830.6,1618.5191976103165,0.3854000000000001,727.7508200000001,441.8430313038833
ModSev4.2.2b.2_Watershed_19,ModSev4.2.2b.2,Watershed_19,845.73,10312303.0,1219.3374954181595,6005860.0,710.1391697113736,34519.0,40815.62673666536,97.5,115.28502004185732,2334.1,2759.864259278966,0.067,1918.0,2.267863266054178,0.2188,510.70108,603.8582999302378
ModSev4.2.2b.2_Watershed_20,ModSev4.2.2b.2,Watershed_20,877.52,8733199.0,995.2136703436959,4961375.0,565.3859741088522,19925.7,22706.832892697603,1992.3,2270.375603974838,2327.8,2652.703072294649,0.106,1890.4,2.1542528945209227,0.6144000000000001,1430.2003200000001,1629.8207676178322
ModSev4.2.2b.2_Watershed_4,ModSev4.2.2b.2,Watershed_4,1345.08,13708196.0,1019.1361108632943,7332369.0,545.1251226692837,2850.0,2118.833080560264,401.1,298.1978767062182,1060.8,788.6519760906415,0.326,1615.5,1.2010438040860023,0.36240000000000006,384.43392000000006,285.8074761352485
ModSev4.2.2b.2_Watershed_5,ModSev4.2.2b.2,Watershed_5,268.63,2753813.0,1025.132338160295,1480816.0,551.2474407177158,262.0,975.3192122994453,7.3,27.17492461750363,148.4,552.4327141421286,0.551,127.2,0.47351375497896736,0.26970000000000005,40.023480000000006,148.9911030041321
ModSev4.2.2b.2_Watershed_6,ModSev4.2.2b.2,Watershed_6,122.51,1216674.0,993.1221941066035,659712.0,538.4964492694473,42.3,345.27793649498,2.8,22.855277120235083,36.5,297.93486246020734,0.809,32.8,0.26773324626561096,0.2142,7.8183,63.81764753897641
ModSev4.2.2b.2_Watershed_7_Ward,ModSev4.2.2b.2,Watershed_7_Ward,2314.23,30688326.0,1326.070701702078,18179165.0,785.5383864179446,117495.5,50770.88275581943,86788.1,37501.93368852707,10839.4,4683.804116271935,0.053,8760.8,3.7856219995419638,0.6762,7329.60228,3167.1883434230826
ModSev4.2.2b.2_Watershed_8,ModSev4.2.2b.2,Watershed_8,160.26,1925546.0,1201.513790091102,1042221.0,650.3313365780607,578.8,3611.6310994633723,4.4,27.455384999376015,309.2,1929.364782228878,0.53,252.5,1.5755647073505554,0.4331,133.91451999999998,835.6078871833271
LowSev4.2.2b.2_Watershed_5,LowSev4.2.2b.2,Watershed_5,268.63,2753813.0,1025.132338160295,1389495.0,517.2523545397014,49.7,185.0128429438261,6.7,24.941369169489633,44.6,166.0276216357071,0.79,43.2,0.1608159922570078,0.2005,8.942300000000001,33.28853813795928
LowSev4.2.2b.2_Watershed_1,LowSev4.2.2b.2,Watershed_1,262.83,2411256.0,917.4203858007077,1084624.0,412.6713084503291,41.7,158.65768747859835,5.3,20.165125746680364,22.4,85.22619183502646,0.477,24.2,0.09207472510748393,0.23890000000000003,5.351360000000001,20.36053722938782
LowSev4.2.2b.2_Watershed_2,LowSev4.2.2b.2,Watershed_2,110.68,1032881.0,933.2137694253704,439902.0,397.45392121431155,11.8,106.61366100469822,2.4,21.684134441633535,13.6,122.87676183592338,0.957,13.2,0.11926273942898445,0.17450000000000002,2.3732,21.44199494036863
LowSev4.2.2b.2_Watershed_3,LowSev4.2.2b.2,Watershed_3,188.22,1790664.0,951.3675486133249,795947.0,422.8812028477314,7.8,41.44086707044947,5.0,26.564658378493252,13.1,69.59940495165232,1.029,15.5,0.08235044097332908,0.1845,2.41695,12.841090213579852
LowSev4.2.2b.2_Watershed_4,LowSev4.2.2b.2,Watershed_4,1345.08,13708196.0,1019.1361108632943,6808573.0,506.18349837927855,789.5,586.9539358253785,73.6,54.71793499271419,432.0,321.1704880007137,0.501,387.4,0.2880126089154548,0.26970000000000005,116.51040000000002,86.61968061379251
LowSev4.2.2b.2_Watershed_17,LowSev4.2.2b.2,Watershed_17,386.9,3754816.0,970.487464461101,1979229.0,511.5608684414577,5139.1,13282.760403204964,8.8,22.744895321788576,1105.5,2857.32747479969,0.215,895.8,2.315326957870251,0.1647,182.07585,470.60183509950895
LowSev4.2.2b.2_Watershed_8,LowSev4.2.2b.2,Watershed_8,160.26,1925546.0,1201.513790091102,957351.0,597.3736428304006,143.7,896.6679146387121,4.4,27.455384999376015,103.5,645.8255335080495,0.698,87.4,0.5453637838512418,0.32820000000000005,33.968700000000005,211.95994009734187
LowSev4.2.2b.2_Watershed_10,LowSev4.2.2b.2,Watershed_10,1309.41,15380623.0,1174.6223871820132,8279067.0,632.2746122299357,9281.7,7088.459687951062,1873.0,1430.4152251777518,994.6,759.578741570631,0.089,852.0,0.6506747313675625,0.4806,478.00476000000003,365.05354319884526
LowSev4.2.2b.2_Watershed_9_Blackwood,LowSev4.2.2b.2,Watershed_9_Blackwood,2671.07,37575749.0,1406.7676623974662,23001820.0,861.1462822015147,112423.5,42089.31252269689,465062.0,174110.74962468224,101840.0,38127.04272070743,0.176,81581.9,30.542778736611165,0.8273999999999999,84262.416,31546.315147113328
LowSev4.2.2b.2_Watershed_11_General,LowSev4.2.2b.2,Watershed_11_General,1819.7,22100076.0,1214.4900807825466,12595994.0,692.2016815958674,6394.9,3514.2605924053414,4070.4,2236.852228389295,262.6,144.30950156619224,0.025,277.0,0.15222289388360719,0.6082000000000001,159.71332000000004,87.76903885255813
LowSev4.2.2b.2_Watershed_12_Meeks,LowSev4.2.2b.2,Watershed_12_Meeks,1981.45,23568024.0,1189.4331928638119,12229373.0,617.1931161523127,15942.4,8045.825027126599,1801.7,909.2836054404603,472.1,238.2598602033864,0.027,5809.7,2.932044714729112,0.3853,181.90013,91.80152413636479
LowSev4.2.2b.2_Watershed_13,LowSev4.2.2b.2,Watershed_13,211.44,2173747.0,1028.0680098373061,1206457.0,570.590711312902,271.3,1283.1063185773742,3.2,15.13431706394249,138.0,652.6674233825198,0.503,117.3,0.5547673098751419,0.2645,36.501000000000005,172.63053348467653
LowSev4.2.2b.2_Watershed_14,LowSev4.2.2b.2,Watershed_14,246.15,2690698.0,1093.1131423928498,1599255.0,649.7074954296161,910.9,3700.5890717042453,5.8,23.562868169815154,823.2,3344.30225472273,0.898,667.9,2.713386146658541,0.049100000000000005,40.41912000000001,164.2052407068861
LowSev4.2.2b.2_Watershed_15,LowSev4.2.2b.2,Watershed_15,149.32,1489562.0,997.5636217519422,829970.0,555.833110099116,968.5,6486.070184837932,2.7,18.081971604607556,682.9,4573.3994106616665,0.703,551.2,3.6914010179480314,0.0537,36.67173,245.59154835253145
LowSev4.2.2b.2_Watershed_16,LowSev4.2.2b.2,Watershed_16,295.18,2955582.0,1001.2812521173521,1659966.0,562.3572057727488,2232.3,7562.504234704248,7.8,26.424554509113083,1124.3,3808.862389050749,0.502,909.0,3.0794769293312556,0.0799,89.83157,304.3281048851548
LowSev4.2.2b.2_Watershed_18,LowSev4.2.2b.2,Watershed_18,1647.08,20362331.0,1236.2684872623067,10852338.0,658.8834786409889,15705.3,9535.23811836705,125.3,76.07402190543264,1002.4,608.5921752434612,0.063,14075303.2,8545.609927872356,0.27890000000000004,279.56936,169.73635767540134
LowSev4.2.2b.2_Watershed_19,LowSev4.2.2b.2,Watershed_19,845.73,10312303.0,1219.3374954181595,5662757.0,669.570312038121,15550.8,18387.428611968357,20.7,24.475896562732785,932.0,1102.0065505539592,0.06,794.6,0.939543353079588,0.1966,183.2312,216.6544878389084
LowSev4.2.2b.2_Watershed_20,LowSev4.2.2b.2,Watershed_20,877.52,8733199.0,995.2136703436959,4592832.0,523.3877290546085,7629.7,8694.61664691403,341.1,388.709089251527,1289.3,1469.2542620111224,0.162,1057.5,1.2051007384447079,0.40570000000000006,523.06901,596.0764540979123
LowSev4.2.2b.2_Watershed_6,LowSev4.2.2b.2,Watershed_6,122.51,1216674.0,993.1221941066035,620636.0,506.60027752836504,5.6,45.71055424047017,2.6,21.222757325932577,7.2,58.77071259489021,0.876,9.2,0.07509591053791527,0.2066,1.4875200000000002,12.14202922210432
LowSev4.2.2b.2_Watershed_7_Ward,LowSev4.2.2b.2,Watershed_7_Ward,2314.23,30688326.0,1326.070701702078,16972559.0,733.3998349342978,42035.5,18163.924933995324,34760.2,15020.201103606814,9159.7,3957.9903466811857,0.119,7411.2,3.202447466327893,0.7289,6676.505330000001,2884.9791636959167
PrescFire.2.2b.2_Watershed_1,PrescFire.2.2b.2,Watershed_1,262.83,2411256.0,917.4203858007077,951361.0,361.96819236769016,19.9,75.7143400677244,5.4,20.545599817372448,15.0,57.07111060381235,0.593,17.5,0.06658296237111441,0.23240000000000002,3.486,13.26332610432599
PrescFire.2.2b.2_Watershed_2,PrescFire.2.2b.2,Watershed_2,110.68,1032881.0,933.2137694253704,370715.0,334.9430791470907,4.9,44.27177448500181,2.3,20.780628839898807,6.9,62.341886519696416,0.975,7.5,0.0677629201301048,0.17500000000000002,1.2075000000000002,10.909830140946875
PrescFire.2.2b.2_Watershed_3,PrescFire.2.2b.2,Watershed_3,188.22,1790664.0,951.3675486133249,671799.0,356.92221868026775,2.9,15.407501859526086,4.8,25.50207204335352,8.1,43.03474657315907,1.039,38.2,0.20295399001168846,0.1947,1.57707,8.37886515779407
PrescFire.2.2b.2_Watershed_4,PrescFire.2.2b.2,Watershed_4,1345.08,13708196.0,1019.1361108632943,6010843.0,446.8762452790912,472.6,351.35456627115116,43.8,32.563118922294585,328.8,244.446426978321,0.637,297.1,0.22087905552086123,0.2276,74.83488,55.636006780265866
PrescFire.2.2b.2_Watershed_5,PrescFire.2.2b.2,Watershed_5,268.63,2753813.0,1025.132338160295,1245185.0,463.5316234225515,40.5,150.7649927409448,6.9,25.685887652160964,36.4,135.50236384618248,0.767,35.7,0.13289654915683283,0.2058,7.4911200000000004,27.88638647954436
PrescFire.2.2b.2_Watershed_7_Ward,PrescFire.2.2b.2,Watershed_7_Ward,2314.23,30688326.0,1326.070701702078,15263579.0,659.5532423311425,22143.4,9568.366152024648,17885.2,7728.358892590624,3718.9,1606.9707850991474,0.093,3050.8,1.3182786499181154,0.6121,2276.33869,983.6268175591881
PrescFire.2.2b.2_Watershed_8,PrescFire.2.2b.2,Watershed_8,160.26,1925546.0,1201.513790091102,796701.0,497.1302882815425,88.7,553.475602146512,4.6,28.7033570448022,77.0,480.4692374890803,0.825,65.5,0.40871084487707476,0.2808,21.6216,134.91576188693375
PrescFire.2.2b.2_Watershed_9_Blackwood,PrescFire.2.2b.2,Watershed_9_Blackwood,2671.07,37575749.0,1406.7676623974662,21164585.0,792.3635471926981,55282.7,20696.836848154482,3011763.0,1127549.2592856046,792183.1,296578.9365310531,0.258,633846.9,237.30074464540428,0.881,697913.3110999999,261286.04308385772
PrescFire.2.2b.2_Watershed_10,PrescFire.2.2b.2,Watershed_10,1309.41,15380623.0,1174.6223871820132,7602541.0,580.608136488953,5560.6,4246.645435730596,568.0,433.78315424504166,927.4,708.257917688119,0.151,795.3,0.607372786216693,0.5183,480.67141999999996,367.0900787377521
PrescFire.2.2b.2_Watershed_11_General,PrescFire.2.2b.2,Watershed_11_General,1819.7,22100076.0,1214.4900807825466,11690639.0,642.4487003352201,3245.3,1783.4258394240808,3716.4,2042.3146672528437,146.4,80.45282189371875,0.021,179.1,0.09842281694784855,0.5334,78.08976,42.91353519810958
PrescFire.2.2b.2_Watershed_12_Meeks,PrescFire.2.2b.2,Watershed_12_Meeks,1981.45,23568024.0,1189.4331928638119,11505940.0,580.6828332786596,7333.9,3701.27936612077,548.3,276.7165459638144,276.8,139.6956774079588,0.035,217965.8,110.00317948976759,0.3649,101.00432,50.97495268616417
PrescFire.2.2b.2_Watershed_13,PrescFire.2.2b.2,Watershed_13,211.44,2173747.0,1028.0680098373061,1099547.0,520.0279038970866,180.1,851.7782822550132,3.1,14.661369655694287,119.8,566.5909950813469,0.654,102.1,0.48287930382141503,0.2102,25.18196,119.09742716609912
PrescFire.2.2b.2_Watershed_14,PrescFire.2.2b.2,Watershed_14,246.15,2690698.0,1093.1131423928498,1499432.0,609.1537680276255,767.8,3119.23623806622,5.9,23.969124517570588,722.3,2934.3895998374974,0.934,586.4,2.382287223237863,0.0465,33.586949999999995,136.4491163924436
PrescFire.2.2b.2_Watershed_15,PrescFire.2.2b.2,Watershed_15,149.32,1489562.0,997.5636217519422,767306.0,513.8668631127779,756.3,5064.961157246183,2.6,17.412268952585052,598.0,4004.821859094562,0.788,484.1,3.2420305384409325,0.0463,27.6874,185.42325207607823
PrescFire.2.2b.2_Watershed_16,PrescFire.2.2b.2,Watershed_16,295.18,2955582.0,1001.2812521173521,1559609.0,528.3586286333763,1105.7,3745.84998983671,7.6,25.747001829392236,827.6,2803.71298868487,0.743,671.1,2.2735280168033065,0.05360000000000001,44.35936000000001,150.27901619350908
PrescFire.2.2b.2_Watershed_17,PrescFire.2.2b.2,Watershed_17,386.9,3754816.0,970.487464461101,1860161.0,480.7859912121995,2758.7,7130.266218661153,8.1,20.935642284828123,1003.7,2594.2103902817266,0.363,813.5,2.1026104936676147,0.10910000000000002,109.50367000000003,283.02835357973646
PrescFire.2.2b.2_Watershed_18,PrescFire.2.2b.2,Watershed_18,1647.08,20362331.0,1236.2684872623067,10491232.0,636.9594676639872,7365.7,4471.974646040266,62.9,38.18879471549651,620.9,376.97015324088693,0.084,907767.7,551.137588945285,0.2451,152.18259,92.39538455934138
PrescFire.2.2b.2_Watershed_19,PrescFire.2.2b.2,Watershed_19,845.73,10312303.0,1219.3374954181595,5500318.0,650.3633547349627,8152.4,9639.483050146027,19.1,22.58403982358436,589.6,697.1492083761957,0.072,519.7,0.6144987170846488,0.1768,104.24128000000002,123.25598004091141
PrescFire.2.2b.2_Watershed_20,PrescFire.2.2b.2,Watershed_20,877.52,8733199.0,995.2136703436959,4271900.0,486.81511532500684,3515.9,4006.63232746832,160.8,183.24368675357826,759.2,865.1654663141582,0.206,632.0,0.7202115051508797,0.3651,277.18392,315.8719117512991
PrescFire.2.2b.2_Watershed_6,PrescFire.2.2b.2,Watershed_6,122.51,1216674.0,993.1221941066035,561952.0,458.69888172394093,7.9,64.48453187494898,2.8,22.855277120235083,6.8,55.5056730062852,0.632,8.6,0.07019835115500775,0.2622,1.7829599999999999,14.553587462247977
Thinn96.4.2b.2_Watershed_1,Thinn96.4.2b.2,Watershed_1,262.83,2411256.0,917.4203858007077,1653453.0,629.0959936080357,624.0,2374.1582011185938,5.7,21.687022029448695,195.6,744.2072822737131,0.311,165.9,0.6312064832781646,0.2982,58.32792,221.92261157402123
Thinn96.4.2b.2_Watershed_2,Thinn96.4.2b.2,Watershed_2,110.68,1032881.0,933.2137694253704,714398.0,645.4625948680882,248.1,2241.5973979038667,2.3,20.780628839898807,224.5,2028.3700758944703,0.896,183.2,1.6552222623780266,0.1801,40.43245,365.30945066859414
Thinn96.4.2b.2_Watershed_3,Thinn96.4.2b.2,Watershed_3,188.22,1790664.0,951.3675486133249,1266466.0,672.8647327595368,188.0,998.8311550313463,5.6,29.752417383912444,184.2,978.6420146636914,0.951,153.9,0.8176601848900223,0.2126,39.16092,208.0592923175008
Thinn96.4.2b.2_Watershed_4,Thinn96.4.2b.2,Watershed_4,1345.08,13708196.0,1019.1361108632943,10100706.0,750.937193326791,8858.5,6585.853629523895,234.3,174.19038272816488,1942.8,1444.3750557587653,0.214,1765.2,1.3123382995806943,0.4454,865.32312,643.3246498349541
Thinn96.4.2b.2_Watershed_5,Thinn96.4.2b.2,Watershed_5,268.63,2753813.0,1025.132338160295,1999888.0,744.4767896363027,1064.8,3963.816401742173,9.7,36.10914640955962,483.3,1799.1289133752746,0.45,397.0,1.4778691881025947,0.3369,162.82377,606.1265309161299
Thinn96.4.2b.2_Watershed_6,Thinn96.4.2b.2,Watershed_6,122.51,1216674.0,993.1221941066035,885023.0,722.4087829564934,169.0,1379.4792261856173,2.5,20.40649742878132,103.1,841.5639539629418,0.601,87.3,0.7125948902130438,0.281,28.9711,236.47947106358663
Thinn96.4.2b.2_Watershed_10,Thinn96.4.2b.2,Watershed_10,1309.41,15380623.0,1174.6223871820132,11258388.0,859.8061722455152,48067.6,36709.35764962846,3292.2,2514.262148601278,3084.1,2355.3356091674873,0.06,2534.7,1.9357573258184981,0.6432,1983.69312,1514.951863816528
Thinn96.4.2b.2_Watershed_11_General,Thinn96.4.2b.2,Watershed_11_General,1819.7,22100076.0,1214.4900807825466,16332170.0,897.5199208660769,33218.3,18254.822223443425,13592.9,7469.857668846513,1634.5,898.2249821399131,0.035,1393.6,0.7658405231631586,0.6984,1141.5348000000001,627.3203275265154
Thinn96.4.2b.2_Watershed_12_Meeks,Thinn96.4.2b.2,Watershed_12_Meeks,1981.45,23568024.0,1189.4331928638119,15395970.0,777.0052234474754,31822.1,16060.006560851902,8416.2,4247.495520956875,909.8,459.1586969138762,0.023,2161.6,1.0909182669257362,0.48750000000000004,443.52750000000003,223.83986474551466
Thinn96.4.2b.2_Watershed_13,Thinn96.4.2b.2,Watershed_13,211.44,2173747.0,1028.0680098373061,1629065.0,770.4620696178584,2614.5,12365.209988649262,27.7,131.00643208475216,732.5,3464.3397654180853,0.277,595.2,2.8149829738933034,0.3805,278.71625,1318.1812807415815
Thinn96.4.2b.2_Watershed_14,Thinn96.4.2b.2,Watershed_14,246.15,2690698.0,1093.1131423928498,2118108.0,860.4948202315661,3478.4,14131.220800325005,6.3,25.59414990859232,2527.4,10267.722933170831,0.725,2033.9,8.262847856997766,0.0737,186.26938,756.7311801746903
Thinn96.4.2b.2_Watershed_15,Thinn96.4.2b.2,Watershed_15,149.32,1489562.0,997.5636217519422,1147789.0,768.6773372622556,3327.3,22283.01634074471,2.8,18.751674256630057,1532.8,10265.202250200911,0.46,1232.8,8.256094294133405,0.0902,138.25856,925.9212429681222
Thinn96.4.2b.2_Watershed_16,Thinn96.4.2b.2,Watershed_16,295.18,2955582.0,1001.2812521173521,2184254.0,739.9735754454908,5134.4,17394.132393793618,8.4,28.457212548275628,1751.4,5933.328816315468,0.341,1413.5,4.788603563927095,0.10830000000000001,189.67662,642.5795108069653
Thinn96.4.2b.2_Watershed_17,Thinn96.4.2b.2,Watershed_17,386.9,3754816.0,970.487464461101,2541858.0,656.9806151460326,7510.7,19412.509692426986,8.9,23.003360041354355,1597.5,4128.973895063324,0.212,1292.4,3.3403980356681315,0.17980000000000002,287.2305,742.3895063323856
Thinn96.4.2b.2_Watershed_18,Thinn96.4.2b.2,Watershed_18,1647.08,20362331.0,1236.2684872623067,12266737.0,744.7565995580056,35246.3,21399.264152318043,787.5,478.11885275760744,1554.9,944.0342909876873,0.043,121605.3,73.83084003205674,0.38770000000000004,602.8347300000001,366.00209461592647
Thinn96.4.2b.2_Watershed_19,Thinn96.4.2b.2,Watershed_19,845.73,10312303.0,1219.3374954181595,6550228.0,774.5058115474205,21194.8,25060.95325931444,28.4,33.5804571198846,1496.7,1769.7137384271575,0.071,1248.7,1.4764759438591513,0.15860000000000002,237.37662000000003,280.67659891454724
Thinn96.4.2b.2_Watershed_20,Thinn96.4.2b.2,Watershed_20,877.52,8733199.0,995.2136703436959,5922216.0,674.8810283526301,15629.5,17810.990062904548,1761.0,2006.7918679916127,2194.4,2500.683745099827,0.126,1788.4,2.0380162275503695,0.5776000000000001,1267.4854400000004,1444.3949311696604
Thinn96.4.2b.2_Watershed_7_Ward,Thinn96.4.2b.2,Watershed_7_Ward,2314.23,30688326.0,1326.070701702078,22970674.0,992.5838831922497,197894.7,85512.11418052657,160126.6,69192.17191031142,41449.0,17910.492906928008,0.116,33270.0,14.376272021363476,0.7187,29789.3963,12872.271252209159
Thinn96.4.2b.2_Watershed_8,Thinn96.4.2b.2,Watershed_8,160.26,1925546.0,1201.513790091102,1442275.0,899.9594409085237,2404.0,15000.623986022714,4.7,29.32734306751529,1211.4,7558.966679146388,0.503,976.0,6.090103581679771,0.4265,516.6621,3223.8992886559345
Thinn96.4.2b.2_Watershed_9_Blackwood,Thinn96.4.2b.2,Watershed_9_Blackwood,2671.07,37575749.0,1406.7676623974662,29095728.0,1089.2911080578194,367266.8,137498.00641690407,324747.3,121579.47938466606,20934.1,7837.346082281632,0.03,16885.3,6.3215490421441585,0.7128000000000001,14921.826480000002,5586.460287450348
Thinn85.4.2b.2_Watershed_1,Thinn85.4.2b.2,Watershed_1,262.83,2411256.0,917.4203858007077,1623349.0,617.6422021839212,845.5,3216.9082677015563,5.7,21.687022029448695,275.0,1046.3036944032265,0.323,229.2,0.8720465700262527,0.31279999999999997,86.02,327.2837956093292
Thinn85.4.2b.2_Watershed_2,Thinn85.4.2b.2,Watershed_2,110.68,1032881.0,933.2137694253704,700470.0,632.8785688471269,352.4,3183.953740513191,2.4,21.684134441633535,306.2,2766.5341525117456,0.863,251.0,2.2677990603541742,0.18680000000000002,57.19816,516.7885796891941
Thinn85.4.2b.2_Watershed_3,Thinn85.4.2b.2,Watershed_3,188.22,1790664.0,951.3675486133249,1242447.0,660.1036021676762,294.2,1563.064498990543,6.1,32.40888322176177,267.1,1419.0840505791095,0.889,220.1,1.1693762618212729,0.2244,59.93724,318.4424609499522
Thinn85.4.2b.2_Watershed_4,Thinn85.4.2b.2,Watershed_4,1345.08,13708196.0,1019.1361108632943,9917222.0,737.2960716091236,12087.5,8986.45433728849,394.3,293.1424153210218,2463.9,1831.7869569096263,0.197,2029.7,1.5089808784607608,0.4819,1187.35341,882.7381345347488
Thinn85.4.2b.2_Watershed_5,Thinn85.4.2b.2,Watershed_5,268.63,2753813.0,1025.132338160295,1967097.0,732.2700368536649,1787.4,6653.761679633697,9.6,35.73688716822395,745.8,2776.309421881398,0.415,606.8,2.2588690764248223,0.3572,266.39976,991.6977254960354
Thinn85.4.2b.2_Watershed_6,Thinn85.4.2b.2,Watershed_6,122.51,1216674.0,993.1221941066035,871249.0,711.1656191331319,275.5,2248.796016651702,2.7,22.039017223083828,150.8,1230.9199249040894,0.542,125.4,1.0235899110276712,0.3088,46.567040000000006,380.10807281038285
Thinn85.4.2b.2_Watershed_7_Ward,Thinn85.4.2b.2,Watershed_7_Ward,2314.23,30688326.0,1326.070701702078,22632189.0,977.9576360171634,255955.8,110600.84779818774,75851.9,32776.30140478691,11693.8,5052.998189462586,0.035,9465.3,4.090042908440388,0.5949,6956.641619999999,3006.028622911292
Thinn85.4.2b.2_Watershed_8,Thinn85.4.2b.2,Watershed_8,160.26,1925546.0,1201.513790091102,1415808.0,883.4444028453763,3631.9,22662.54835891676,4.7,29.32734306751529,1690.9,10550.97965805566,0.465,1359.5,8.483089978784475,0.4528,765.6395200000001,4777.483589167603
Thinn85.4.2b.2_Watershed_17,Thinn85.4.2b.2,Watershed_17,386.9,3754816.0,970.487464461101,2516823.0,650.5099508917033,8439.7,21813.646937193076,10.5,27.138795554406826,1639.3,4237.01214784182,0.194,1325.7,3.426466787283536,0.19510000000000002,319.82743000000005,826.6410700439392
Thinn85.4.2b.2_Watershed_11_General,Thinn85.4.2b.2,Watershed_11_General,1819.7,22100076.0,1214.4900807825466,16120862.0,885.9076770896302,44940.2,24696.488432159145,14244.9,7828.158487662801,2218.1,1218.9371874484805,0.037,1859.5,1.0218717370995218,0.6977,1547.56837,850.4524756828048
Thinn85.4.2b.2_Watershed_12_Meeks,Thinn85.4.2b.2,Watershed_12_Meeks,1981.45,23568024.0,1189.4331928638119,15215828.0,767.9138004996341,40875.2,20628.93335688511,9397.3,4742.637967145272,1138.3,574.478286103611,0.023,2388.7,1.2055313028337833,0.5195000000000001,591.34685,298.4414696308259
Thinn85.4.2b.2_Watershed_13,Thinn85.4.2b.2,Watershed_13,211.44,2173747.0,1028.0680098373061,1605257.0,759.2021377222853,3588.9,16973.60953461975,74.5,352.3458191449111,836.7,3957.150964812713,0.228,678.4,3.2084752175558076,0.4327,362.04009,1712.259222474461
Thinn85.4.2b.2_Watershed_14,Thinn85.4.2b.2,Watershed_14,246.15,2690698.0,1093.1131423928498,2091494.0,849.682713792403,4439.9,18037.3755839935,10.9,44.28194190534227,3067.7,12462.725980093439,0.689,2466.0,10.018281535648994,0.07730000000000001,237.13321000000002,963.3687182612229
Thinn85.4.2b.2_Watershed_15,Thinn85.4.2b.2,Watershed_15,149.32,1489562.0,997.5636217519422,1133578.0,759.1601928743638,3984.6,26684.971872488615,2.8,18.751674256630057,1669.9,11183.364586123762,0.419,1342.4,8.990088400750068,0.1028,171.66572000000002,1149.649879453523
Thinn85.4.2b.2_Watershed_16,Thinn85.4.2b.2,Watershed_16,295.18,2955582.0,1001.2812521173521,2160293.0,731.8561555660953,6130.8,20769.699844162882,15.7,53.18788535808659,1890.2,6403.550376041737,0.308,1524.5,5.164645301172166,0.11800000000000001,223.04360000000003,755.6189443729251
Thinn85.4.2b.2_Watershed_18,Thinn85.4.2b.2,Watershed_18,1647.08,20362331.0,1236.2684872623067,12181439.0,739.5778589989558,42515.9,25812.893119945602,761.0,462.029773902907,1659.2,1007.3584768195838,0.038,161483.7,98.0424144546713,0.4126,684.5859200000001,415.63610753576035
Thinn85.4.2b.2_Watershed_19,Thinn85.4.2b.2,Watershed_19,845.73,10312303.0,1219.3374954181595,6503320.0,768.9593605524221,23884.7,28241.519160961536,87.4,103.34267437598288,1747.0,2065.6710770576897,0.073,1448.0,1.7121303489293274,0.1925,336.2975,397.6416823336053
Thinn85.4.2b.2_Watershed_20,Thinn85.4.2b.2,Watershed_20,877.52,8733199.0,995.2136703436959,5849839.0,666.6331251709363,19057.5,21717.453733248247,2118.4,2414.0760324551006,2449.2,2791.047497492935,0.116,1992.0,2.270033731424925,0.602,1474.4183999999998,1680.2105934907465
Thinn85.4.2b.2_Watershed_9_Blackwood,Thinn85.4.2b.2,Watershed_9_Blackwood,2671.07,37575749.0,1406.7676623974662,28722042.0,1075.3009842497577,458662.7,171714.96815882772,729845.7,273240.94838398095,32331.8,12104.43754749969,0.027,26002.0,9.734675616887614,0.7762,25095.94316,9395.46442436926
Thinn85.4.2b.2_Watershed_10,Thinn85.4.2b.2,Watershed_10,1309.41,15380623.0,1174.6223871820132,11109558.0,848.4399844204642,60307.1,46056.69729114639,8988.4,6864.465675380515,5902.8,4507.984512108506,0.085,4789.0,3.6573724043653244,0.7304999999999999,4311.9954,3293.082686095264
Thinn93.4.2b.2_Watershed_1,Thinn93.4.2b.2,Watershed_1,262.83,2411256.0,917.4203858007077,1639798.0,623.9006201727352,680.7,2589.8869992010045,5.7,21.687022029448695,215.1,818.3997260586691,0.313,181.2,0.6894190160940532,0.2975,63.99225,243.47391850245407
Thinn93.4.2b.2_Watershed_2,Thinn93.4.2b.2,Watershed_2,110.68,1032881.0,933.2137694253704,708224.0,639.884351282978,271.2,2450.3071919045897,2.4,21.684134441633535,242.1,2187.387061799783,0.885,197.3,1.7826165522226238,0.183,44.3043,400.29183230936025
Thinn93.4.2b.2_Watershed_3,Thinn93.4.2b.2,Watershed_3,188.22,1790664.0,951.3675486133249,1255802.0,667.1990224205716,202.1,1073.7434916586972,5.6,29.752417383912444,191.3,1016.3638295611519,0.921,159.5,0.8474126022739348,0.2225,42.56425,226.14095207735627
Thinn93.4.2b.2_Watershed_5,Thinn93.4.2b.2,Watershed_5,268.63,2753813.0,1025.132338160295,1985465.0,739.1076945985184,1219.5,4539.701448088449,11.5,42.80981275360161,527.7,1964.4120165283105,0.429,434.2,1.6163496258794625,0.33840000000000003,178.57368000000002,664.7570263931804
Thinn93.4.2b.2_Watershed_11_General,Thinn93.4.2b.2,Watershed_11_General,1819.7,22100076.0,1214.4900807825466,16240175.0,892.4644172116283,35802.9,19675.166236192777,24292.1,13349.508160685828,1894.5,1041.1056767599055,0.032,1601.9,0.8803099411990988,0.6768000000000001,1282.1976000000002,704.620322031104
Thinn93.4.2b.2_Watershed_4,Thinn93.4.2b.2,Watershed_4,1345.08,13708196.0,1019.1361108632943,10019145.0,744.8735391203497,9627.5,7157.566836173313,145.4,108.09765961875874,2066.3,1536.191155916377,0.211,1708.2,1.269961637969489,0.45000000000000007,929.8350000000003,691.2860201623697
Thinn93.4.2b.2_Watershed_6,Thinn93.4.2b.2,Watershed_6,122.51,1216674.0,993.1221941066035,878793.0,717.323483797241,166.3,1357.4402089625337,2.5,20.40649742878132,105.1,857.8891519059669,0.622,88.9,0.7256550485674639,0.2713,28.513629999999996,232.74532691208879
Thinn93.4.2b.2_Watershed_7_Ward,Thinn93.4.2b.2,Watershed_7_Ward,2314.23,30688326.0,1326.070701702078,22823918.0,986.2424218854651,211416.5,91355.00792920323,115431.5,49879.00943294314,27453.8,11863.038678091632,0.084,22073.5,9.538161721177238,0.7313,20076.963939999998,8675.44018528841
Thinn93.4.2b.2_Watershed_8,Thinn93.4.2b.2,Watershed_8,160.26,1925546.0,1201.513790091102,1430866.0,892.84038437539,2660.0,16598.028204168226,4.9,30.57531511294147,1308.5,8164.857107200799,0.491,1053.7,6.574940721327843,0.4377,572.73045,3573.7579558217903
Thinn93.4.2b.2_Watershed_9_Blackwood,Thinn93.4.2b.2,Watershed_9_Blackwood,2671.07,37575749.0,1406.7676623974662,28933762.0,1083.2273957627467,388909.8,145600.7517586585,6160076.6,2306220.5782701313,181459.0,67934.9474180759,0.028,145304.5,54.3993605558821,0.8023,145584.5557,54504.208313522286
Thinn93.4.2b.2_Watershed_10,Thinn93.4.2b.2,Watershed_10,1309.41,15380623.0,1174.6223871820132,11192415.0,854.7677961830137,50859.5,38841.53931923538,3763.4,2874.1188779679396,3510.3,2680.8257153985383,0.064,2875.6,2.1961035886391578,0.6544000000000001,2297.1403200000004,1754.3323481568036
Thinn93.4.2b.2_Watershed_13,Thinn93.4.2b.2,Watershed_13,211.44,2173747.0,1028.0680098373061,1618463.0,765.4478811956111,2854.5,13500.28376844495,1464.7,6927.260688611426,773.3,3657.3023079833524,0.179,627.7,2.9686908815739694,0.39740000000000003,307.30942,1453.4119371925842
Thinn93.4.2b.2_Watershed_12_Meeks,Thinn93.4.2b.2,Watershed_12_Meeks,1981.45,23568024.0,1189.4331928638119,15318034.0,773.0719422645033,33984.2,17151.177168235383,8396.3,4237.452370738601,793.7,400.5652426253501,0.019,2864.9,1.4458603547906836,0.47350000000000003,375.81695,189.66764238310327
Thinn93.4.2b.2_Watershed_14,Thinn93.4.2b.2,Watershed_14,246.15,2690698.0,1093.1131423928498,2106211.0,855.6615884623197,3702.7,15042.453788340443,6.2,25.187893560836887,2661.8,10813.731464554134,0.718,2141.4,8.699573430834857,0.0737,196.17466000000002,796.9720089376397
Thinn93.4.2b.2_Watershed_15,Thinn93.4.2b.2,Watershed_15,149.32,1489562.0,997.5636217519422,1141282.0,764.3195821055451,3481.2,23313.688722207342,2.8,18.751674256630057,1564.6,10478.167693544066,0.449,1258.3,8.426868470399143,0.09310000000000002,145.66426,975.5174122689527
Thinn93.4.2b.2_Watershed_16,Thinn93.4.2b.2,Watershed_16,295.18,2955582.0,1001.2812521173521,2173192.0,736.2260315739549,5371.0,18195.677213903382,188.1,637.2382952774578,1786.0,6050.545429907175,0.321,1441.1,4.882105833728572,0.1109,198.0674,671.0054881767057
Thinn93.4.2b.2_Watershed_17,Thinn93.4.2b.2,Watershed_17,386.9,3754816.0,970.487464461101,2530389.0,654.0162832773326,7731.1,19982.165934349963,32.0,82.70871026104938,1606.3,4151.718790385113,0.207,1299.4,3.3584905660377364,0.185,297.1655,768.0679762212459
Thinn93.4.2b.2_Watershed_18,Thinn93.4.2b.2,Watershed_18,1647.08,20362331.0,1236.2684872623067,12230500.0,742.5565242732594,36983.7,22454.10059013527,630.0,382.49508220608595,1555.1,944.1557179979116,0.041,80701.5,48.99670932802293,0.3928,610.8432799999999,370.86436602957957
Thinn93.4.2b.2_Watershed_19,Thinn93.4.2b.2,Watershed_19,845.73,10312303.0,1219.3374954181595,6529889.0,772.1009069088243,21834.6,25817.459472881415,28.6,33.81693921227815,1540.8,1821.858039799936,0.07,1283.5,1.5176238279356296,0.1592,245.29536000000002,290.03979993614985
Thinn93.4.2b.2_Watershed_20,Thinn93.4.2b.2,Watershed_20,877.52,8733199.0,995.2136703436959,5890639.0,671.2825918497584,16419.3,18711.026529309875,581.7,662.8908742820677,2231.7,2543.189898805725,0.131,1818.1,2.071861609991795,0.5728,1278.31776,1456.7391740359194
