ProjectName,Scenario,Watershed,Channel Class 1,Channel Class 2,Channel Class 3,Channel Class 4,Channel Class 5,Channel Clay,Channel Silt,Channel Sand,Channel Organic Matter,Hillslopes Class 1,Hillslopes Class 2,Hillslopes Class 3,Hillslopes Class 4,Hillslopes Class 5,Hillslopes Clay,Hillslopes Silt,Hillslopes Sand,Hillslopes Organic Matter,Average Annual Sediment Discharge from Outlet (tonnes/yr),Average Annual Sediment Delivery from Hillslopes (tonnes/yr),Index of specific surface (m**2/g of total sediment),Enrichment ratio of specific surface
lt_Watershed_20_SimFire.2020.ki5krcs.chn_12_fccsFuels_obs_cli,SimFire.2020.ki5krcs.chn_12_fccsFuels_obs_cli,lt_Watershed_20,0.032,0.174,0.146,0.29,0.358,0.092,0.319,0.589,0.039,0.021120361098145902,0.14808392398870743,0.11195108696664434,0.2811262261857816,0.4377184017607209,0.07257353684050025,0.2656504591287111,0.6617760040307888,0.03094353423790541,1053.4,1673.8048550532365,41.67,1.3
lt_Watershed_1_SimFire.2020.ki5krcs.chn_12_fccsFuels_obs_cli,SimFire.2020.ki5krcs.chn_12_fccsFuels_obs_cli,lt_Watershed_1,0.088,0.023,0.039,0.69,0.16,0.164,0.126,0.71,0.07,0.10197376040139951,0.00012395579735546147,0.02178631394003124,0.7783840346322825,0.09773193522893113,0.18363069207134208,0.0982652970977975,0.7181040108308603,0.07839964092135907,258.9,215.16938521514834,71.94,2.25
lt_Watershed_2_SimFire.2020.ki5krcs.chn_12_fccsFuels_obs_cli,SimFire.2020.ki5krcs.chn_12_fccsFuels_obs_cli,lt_Watershed_2,0.057,0.034,0.111,0.578,0.22,0.137,0.182,0.681,0.059,0.06940618063604762,0.00010060731931362561,0.10600998602654922,0.6869261460065551,0.13755708001153436,0.15977997614229844,0.1551828054789427,0.6850372183787587,0.06816704836752917,42.2,31.473859456817287,60.58,1.89
lt_Watershed_3_SimFire.2020.ki5krcs.chn_12_fccsFuels_obs_cli,SimFire.2020.ki5krcs.chn_12_fccsFuels_obs_cli,lt_Watershed_3,0.052,0.065,0.068,0.542,0.273,0.12,0.175,0.705,0.052,0.08280635856380053,0.0004408025655630548,0.016856319585902408,0.7986925981097776,0.10120392117495641,0.16543360920929392,0.09680446892225693,0.7377619218684492,0.07058608570721231,80.1,42.16014441583379,53.37,1.67
lt_Watershed_10_SimFire.2020.ki5krcs.chn_12_fccsFuels_obs_cli,SimFire.2020.ki5krcs.chn_12_fccsFuels_obs_cli,lt_Watershed_10,0.028,0.12,0.108,0.28,0.464,0.078,0.235,0.687,0.033,0.019370100328692196,0.08487024447374598,0.06834569196061893,0.25351002399697964,0.5739039392399629,0.05888853370808378,0.16516003792636022,0.7759514283655556,0.025108306325337802,704.7,797.1721762554585,35.38,1.11
lt_Watershed_5_SimFire.2020.ki5krcs.chn_12_fccsFuels_obs_cli,SimFire.2020.ki5krcs.chn_12_fccsFuels_obs_cli,lt_Watershed_5,0.073,0.018,0.045,0.708,0.156,0.153,0.127,0.721,0.065,0.08098462610420873,0.00010342729176248537,0.03375563088346139,0.7745922425218357,0.1105640731987315,0.1647916962302808,0.10729421328108445,0.7279140904886345,0.07031328556413416,419.4,364.93413787697915,66.92,2.09
lt_Watershed_4_SimFire.2020.ki5krcs.chn_12_fccsFuels_obs_cli,SimFire.2020.ki5krcs.chn_12_fccsFuels_obs_cli,lt_Watershed_4,0.076,0.025,0.064,0.65,0.185,0.154,0.144,0.703,0.066,0.07733058701981142,0.0002966652640680344,0.04616520971603476,0.7528122952482436,0.1233952427518423,0.16159986349947086,0.11501349443583679,0.7233866420646925,0.06894780710636846,1616.6,1514.7667645295971,67.57,2.11
lt_Watershed_6_SimFire.2020.ki5krcs.chn_12_fccsFuels_obs_cli,SimFire.2020.ki5krcs.chn_12_fccsFuels_obs_cli,lt_Watershed_6,0.072,0.013,0.038,0.723,0.153,0.152,0.119,0.73,0.065,0.07782962281657599,0.00010056059235446489,0.02873780997207167,0.773389950069909,0.11994205654908896,0.1604589057776041,0.10320724746758955,0.7363338467548064,0.06845768898873372,169.6,140.74034421878585,66.52,2.08
lt_Watershed_8_SimFire.2020.ki5krcs.chn_12_fccsFuels_obs_cli,SimFire.2020.ki5krcs.chn_12_fccsFuels_obs_cli,lt_Watershed_8,0.027,0.102,0.129,0.339,0.404,0.087,0.239,0.674,0.037,0.05076966609585299,0.0037217921264532184,0.13713158015330432,0.5812989695992334,0.22707799202515666,0.1372530274985243,0.17237370170573063,0.6903732707957457,0.05853658569208613,55.3,14.00651891951179,39.41,1.23
lt_Watershed_7_Ward_SimFire.2020.ki5krcs.chn_12_fccsFuels_obs_cli,SimFire.2020.ki5krcs.chn_12_fccsFuels_obs_cli,lt_Watershed_7_Ward,0.133,0.162,0.244,0.26,0.202,0.21,0.381,0.409,0.09,0.042790028585441515,0.10994798957414073,0.14621823596496691,0.3843699294480172,0.3166738164274337,0.11169469938940324,0.2652886504130934,0.6230166501975034,0.047660100536818156,11884.0,15475.318124031093,92.06,2.88
lt_Watershed_9_Blackwood_SimFire.2020.ki5krcs.chn_12_fccsFuels_obs_cli,SimFire.2020.ki5krcs.chn_12_fccsFuels_obs_cli,lt_Watershed_9_Blackwood,0.073,0.131,0.269,0.33,0.197,0.162,0.378,0.46,0.069,0.03496178006357793,0.09821974528710813,0.15665944234571597,0.3835363141985045,0.3266227181050936,0.10598701750417594,0.2617118219745225,0.6323011605213016,0.04520647865472656,15332.4,49985.24251511593,71.84,2.25
lt_Watershed_11_General_SimFire.2020.ki5krcs.chn_12_fccsFuels_obs_cli,SimFire.2020.ki5krcs.chn_12_fccsFuels_obs_cli,lt_Watershed_11_General,0.093,0.181,0.28,0.22,0.225,0.174,0.425,0.401,0.075,0.02941141906160997,0.0357350797446357,0.08655463700112968,0.32621112047471745,0.5220877437179071,0.07996934839584535,0.13795264486789766,0.7820780067362569,0.034108283167470485,398.6,1005.107065264584,77.03,2.41
lt_Watershed_12_Meeks_SimFire.2020.ki5krcs.chn_12_fccsFuels_obs_cli,SimFire.2020.ki5krcs.chn_12_fccsFuels_obs_cli,lt_Watershed_12_Meeks,0.086,0.162,0.196,0.305,0.252,0.157,0.348,0.494,0.067,0.018052076509120354,0.053389980309210154,0.036727534668632676,0.22568792960191678,0.6661424789111202,0.04814469135479161,0.10583954984136068,0.8460157588038479,0.020528711985870078,267.0,1707.0135646918015,69.73,2.18
lt_Watershed_14_SimFire.2020.ki5krcs.chn_12_fccsFuels_obs_cli,SimFire.2020.ki5krcs.chn_12_fccsFuels_obs_cli,lt_Watershed_14,0.029,0.094,0.088,0.389,0.4,0.086,0.204,0.71,0.037,0.053355142718402235,0.00010018762264589846,0.0001001301963775841,0.6936065950767312,0.25283794438584334,0.12204332310243429,0.07231427623556787,0.8056424006619982,0.05202984493709126,84.5,25.623569471215884,38.66,1.21
lt_Watershed_13_SimFire.2020.ki5krcs.chn_12_fccsFuels_obs_cli,SimFire.2020.ki5krcs.chn_12_fccsFuels_obs_cli,lt_Watershed_13,0.045,0.038,0.036,0.581,0.3,0.11,0.127,0.763,0.047,0.05485572222143085,0.00010316637183709755,0.00010315673739996173,0.7084656377369195,0.23647231693241277,0.12501558642897728,0.07386498336228531,0.8011194302087377,0.05329794572431045,153.8,107.1860898226515,48.67,1.52
lt_Watershed_16_SimFire.2020.ki5krcs.chn_12_fccsFuels_obs_cli,SimFire.2020.ki5krcs.chn_12_fccsFuels_obs_cli,lt_Watershed_16,0.019,0.109,0.12,0.271,0.482,0.071,0.232,0.698,0.03,0.019971938161477798,0.0009993407533806936,0.09551201760887071,0.3329129739566879,0.5506037295195828,0.07308335829866162,0.11098127193827523,0.8159353697630631,0.031146387962253233,65.3,12.996040962640084,32.13,1.0
lt_Watershed_15_SimFire.2020.ki5krcs.chn_12_fccsFuels_obs_cli,SimFire.2020.ki5krcs.chn_12_fccsFuels_obs_cli,lt_Watershed_15,0.027,0.096,0.109,0.344,0.425,0.083,0.217,0.699,0.036,0.044996556677249736,0.0005948221078712096,0.06576902407128021,0.5584311293125804,0.33020846783101826,0.11415850255823533,0.11056341954861967,0.775278077893145,0.04867684241208373,34.9,10.593834838216422,37.66,1.18
lt_Watershed_18_SimFire.2020.ki5krcs.chn_12_fccsFuels_obs_cli,SimFire.2020.ki5krcs.chn_12_fccsFuels_obs_cli,lt_Watershed_18,0.036,0.119,0.153,0.225,0.467,0.091,0.263,0.646,0.039,0.016611523372802774,0.0899866032245764,0.08936527641942921,0.232605433360392,0.5714311636227997,0.05849553459998115,0.18468677138898681,0.756817694011032,0.02493864660581748,489.4,1777.782774164625,41.01,1.28
lt_Watershed_17_SimFire.2020.ki5krcs.chn_12_fccsFuels_obs_cli,SimFire.2020.ki5krcs.chn_12_fccsFuels_obs_cli,lt_Watershed_17,0.019,0.085,0.118,0.283,0.496,0.072,0.207,0.721,0.031,0.01948358703326625,0.0024089022405889317,0.10448465321505943,0.32846057573311876,0.5451622817779672,0.07404744585922254,0.11900719350351519,0.806945360637263,0.03155742180741756,101.3,38.39254847847899,32.45,1.01
lt_Watershed_19_SimFire.2020.ki5krcs.chn_12_fccsFuels_obs_cli,SimFire.2020.ki5krcs.chn_12_fccsFuels_obs_cli,lt_Watershed_19,0.037,0.171,0.154,0.168,0.47,0.086,0.31,0.604,0.037,0.009028783458791054,0.08948700736678097,0.060833529823287505,0.14624943929914944,0.6944012400519912,0.03634335274212051,0.15269460408446636,0.8109620431734134,0.015490842238481514,170.9,1326.7554362084431,39.33,1.23
lt_Watershed_1_SimFire.2020.ki5krcs.chn_12_landisFuels_obs_cli,SimFire.2020.ki5krcs.chn_12_landisFuels_obs_cli,lt_Watershed_1,0.088,0.023,0.041,0.689,0.159,0.164,0.127,0.709,0.07,0.1014415141602129,0.0001236469424365708,0.02386339197533973,0.7761120856829465,0.09845936123906417,0.18331178634962128,0.09966752012200607,0.7170206935283726,0.07826282245119567,260.0,217.97182037072514,71.98,2.25
lt_Watershed_2_SimFire.2020.ki5krcs.chn_12_landisFuels_obs_cli,SimFire.2020.ki5krcs.chn_12_landisFuels_obs_cli,lt_Watershed_2,0.053,0.057,0.078,0.549,0.264,0.124,0.175,0.701,0.053,0.07733002480363967,0.0001012174445698594,0.04474794574508284,0.7568887174522418,0.12093209455446621,0.16170382438362407,0.11412377325247339,0.724172402363903,0.06899122189081303,25.1,14.715495836660612,54.79,1.71
lt_Watershed_3_SimFire.2020.ki5krcs.chn_12_landisFuels_obs_cli,SimFire.2020.ki5krcs.chn_12_landisFuels_obs_cli,lt_Watershed_3,0.052,0.065,0.068,0.543,0.273,0.12,0.175,0.705,0.052,0.08311918788377923,0.00043997668278539416,0.015425278581685338,0.8011534670386947,0.09986208981305524,0.1656881149013456,0.09593048205575938,0.7383814030428949,0.07069485229011815,80.1,42.253564230250554,53.4,1.67
lt_Watershed_5_SimFire.2020.ki5krcs.chn_12_landisFuels_obs_cli,SimFire.2020.ki5krcs.chn_12_landisFuels_obs_cli,lt_Watershed_5,0.07,0.022,0.055,0.683,0.17,0.149,0.136,0.714,0.064,0.08016390783312104,0.0001043797017908632,0.04216690711796054,0.7627907846062124,0.11477402074091528,0.16457741291102573,0.11270431101690784,0.7227182760720666,0.0702225510544863,338.2,283.91285710930924,65.65,2.05
lt_Watershed_4_SimFire.2020.ki5krcs.chn_12_landisFuels_obs_cli,SimFire.2020.ki5krcs.chn_12_landisFuels_obs_cli,lt_Watershed_4,0.075,0.026,0.066,0.647,0.187,0.153,0.145,0.702,0.065,0.07714398855750695,0.0003052503690715732,0.047764050592716406,0.7505062532987895,0.12428045718191555,0.16152232230915028,0.11604373662979893,0.7224339410610507,0.06891479828306413,1562.8,1451.9552339328056,67.11,2.1
lt_Watershed_6_SimFire.2020.ki5krcs.chn_12_landisFuels_obs_cli,SimFire.2020.ki5krcs.chn_12_landisFuels_obs_cli,lt_Watershed_6,0.072,0.014,0.037,0.723,0.154,0.151,0.119,0.73,0.065,0.07808415831381699,0.00010057601167260844,0.027822047233406165,0.7750401650790604,0.11895305336204404,0.16068358662289267,0.10265634844705235,0.7366600649300552,0.06855377510095458,162.8,134.37303974345855,66.46,2.08
lt_Watershed_8_SimFire.2020.ki5krcs.chn_12_landisFuels_obs_cli,SimFire.2020.ki5krcs.chn_12_landisFuels_obs_cli,lt_Watershed_8,0.028,0.095,0.129,0.358,0.39,0.091,0.234,0.675,0.039,0.05118384518341616,0.002892935959864943,0.13610466772416285,0.585534022692855,0.22428452843970156,0.13786979831980717,0.17117505715428638,0.690955144525907,0.05879971863196011,59.9,18.36171451329469,41.02,1.28
lt_Watershed_7_Ward_SimFire.2020.ki5krcs.chn_12_landisFuels_obs_cli,SimFire.2020.ki5krcs.chn_12_landisFuels_obs_cli,lt_Watershed_7_Ward,0.054,0.132,0.17,0.346,0.298,0.124,0.302,0.574,0.053,0.03735834261253702,0.11554801088719538,0.1386664894011544,0.37935188166453815,0.32907527543457515,0.10417280816096988,0.2644084667178182,0.631418725121212,0.04443949205679287,7818.1,14724.089520174737,55.44,1.73
lt_Watershed_10_SimFire.2020.ki5krcs.chn_12_landisFuels_obs_cli,SimFire.2020.ki5krcs.chn_12_landisFuels_obs_cli,lt_Watershed_10,0.029,0.116,0.109,0.286,0.461,0.08,0.231,0.689,0.034,0.020385790468518798,0.08104199295754021,0.07003860567033973,0.26562796187161725,0.5629056490319841,0.06146110449025059,0.16392776086608646,0.774611134643663,0.026205353019933063,734.1,837.1289293626616,36.14,1.13
lt_Watershed_9_Blackwood_SimFire.2020.ki5krcs.chn_12_landisFuels_obs_cli,SimFire.2020.ki5krcs.chn_12_landisFuels_obs_cli,lt_Watershed_9_Blackwood,0.086,0.17,0.302,0.279,0.163,0.177,0.437,0.385,0.076,0.03397179417267506,0.10492105805720543,0.1522936938954066,0.37191863551517146,0.3368948183595413,0.10292570850060782,0.2637603206342591,0.633313970865133,0.043900914842301395,10087.1,43076.58653643198,78.6,2.46
lt_Watershed_11_General_SimFire.2020.ki5krcs.chn_12_landisFuels_obs_cli,SimFire.2020.ki5krcs.chn_12_landisFuels_obs_cli,lt_Watershed_11_General,0.1,0.188,0.25,0.238,0.224,0.176,0.41,0.414,0.076,0.026154560975025085,0.03742422468947787,0.06766270949710483,0.29877203950488046,0.5699864653335122,0.07000982458989738,0.12188239459120115,0.8081077808189019,0.029858376172230177,364.4,858.8034303120879,77.99,2.44
lt_Watershed_12_Meeks_SimFire.2020.ki5krcs.chn_12_landisFuels_obs_cli,SimFire.2020.ki5krcs.chn_12_landisFuels_obs_cli,lt_Watershed_12_Meeks,0.087,0.16,0.194,0.307,0.253,0.158,0.345,0.497,0.068,0.018732125801964043,0.05259520386936717,0.036181420895822394,0.23321909039024705,0.6592721590425994,0.049455095559617024,0.10539713035675673,0.8451477740836263,0.021087611646056968,272.7,1732.86665829256,70.06,2.19
lt_Watershed_20_SimFire.2020.ki5krcs.chn_12_landisFuels_obs_cli,SimFire.2020.ki5krcs.chn_12_landisFuels_obs_cli,lt_Watershed_20,0.03,0.175,0.145,0.287,0.362,0.089,0.32,0.591,0.038,0.02033820297257493,0.15174842082170958,0.11328750514422223,0.2721930701817826,0.4424328008797107,0.07118898050600231,0.26944034167940634,0.6593706778145915,0.030353073485849515,1032.0,1630.5020439856346,40.63,1.27
lt_Watershed_13_SimFire.2020.ki5krcs.chn_12_landisFuels_obs_cli,SimFire.2020.ki5krcs.chn_12_landisFuels_obs_cli,lt_Watershed_13,0.044,0.043,0.04,0.568,0.306,0.108,0.133,0.759,0.046,0.05513486175283644,0.00010368867860213194,0.00010367359594439973,0.7110308147299113,0.23362696124270585,0.12554878753984194,0.07413269187771303,0.8003185205824451,0.0535254805342581,138.8,92.14340294135329,48.11,1.5
lt_Watershed_14_SimFire.2020.ki5krcs.chn_12_landisFuels_obs_cli,SimFire.2020.ki5krcs.chn_12_landisFuels_obs_cli,lt_Watershed_14,0.029,0.094,0.087,0.389,0.4,0.086,0.204,0.71,0.037,0.05335446346654759,0.00010018693570979603,0.00010012972054938821,0.6936033667616353,0.25284185311555807,0.1220423241469854,0.07231393942843332,0.8056437364245814,0.052029417905987044,84.7,25.718113261192375,38.68,1.21
lt_Watershed_15_SimFire.2020.ki5krcs.chn_12_landisFuels_obs_cli,SimFire.2020.ki5krcs.chn_12_landisFuels_obs_cli,lt_Watershed_15,0.021,0.109,0.124,0.288,0.459,0.075,0.237,0.688,0.032,0.03046497623567228,0.0009698888690386951,0.1155450464646667,0.41699717053240054,0.4360229178982217,0.09612770092242462,0.1355026362650304,0.7683696628125449,0.040982410149284235,30.4,6.026129452799204,34.18,1.07
lt_Watershed_16_SimFire.2020.ki5krcs.chn_12_landisFuels_obs_cli,SimFire.2020.ki5krcs.chn_12_landisFuels_obs_cli,lt_Watershed_16,0.019,0.109,0.12,0.271,0.482,0.071,0.232,0.698,0.03,0.019971007414706726,0.0009994846961104498,0.09551218822396211,0.332912183688755,0.5506051359764659,0.07308238531514949,0.11098146830844709,0.8159361463764037,0.031145970835993485,65.2,12.993927063049954,32.13,1.0
lt_Watershed_17_SimFire.2020.ki5krcs.chn_12_landisFuels_obs_cli,SimFire.2020.ki5krcs.chn_12_landisFuels_obs_cli,lt_Watershed_17,0.019,0.085,0.118,0.283,0.495,0.072,0.207,0.721,0.031,0.019488414258010713,0.002406766533706083,0.10446394042662795,0.32850195393647197,0.5451389248451828,0.07405199912773994,0.11899301873970863,0.806954982132551,0.03155936642041494,101.1,38.42812078125508,32.45,1.01
lt_Watershed_18_SimFire.2020.ki5krcs.chn_12_landisFuels_obs_cli,SimFire.2020.ki5krcs.chn_12_landisFuels_obs_cli,lt_Watershed_18,0.036,0.119,0.153,0.225,0.467,0.091,0.263,0.646,0.039,0.01661152196580465,0.08998660335130258,0.08936527654617887,0.2326054336941026,0.5714311644426112,0.05849553325276455,0.18468677165042438,0.7568176950968111,0.0249386460276386,488.9,1777.7827716141046,41.03,1.28
lt_Watershed_19_SimFire.2020.ki5krcs.chn_12_landisFuels_obs_cli,SimFire.2020.ki5krcs.chn_12_landisFuels_obs_cli,lt_Watershed_19,0.038,0.17,0.153,0.171,0.468,0.087,0.309,0.604,0.037,0.009058135588479557,0.08942787180614284,0.06079335038456685,0.14661086415009902,0.694109778070712,0.036400008070482964,0.15264135513117638,0.8109586367983409,0.015514997996372903,171.6,1327.6337578065802,39.43,1.23
lt_Watershed_1_SimFire.2020.ki5krcs.chn_12_landisFuels_fut_cli_A2,SimFire.2020.ki5krcs.chn_12_landisFuels_fut_cli_A2,lt_Watershed_1,0.085,0.012,0.051,0.714,0.137,0.167,0.127,0.706,0.071,0.09205349808346634,0.00011516010357475346,0.04305398696794518,0.7601968966436728,0.1045804582013409,0.1763973821014264,0.11314523307222549,0.7104573848263481,0.07529407916395639,472.4,431.79898753312705,72.95,2.28
lt_Watershed_2_SimFire.2020.ki5krcs.chn_12_landisFuels_fut_cli_A2,SimFire.2020.ki5krcs.chn_12_landisFuels_fut_cli_A2,lt_Watershed_2,0.069,0.02,0.068,0.672,0.171,0.15,0.144,0.707,0.064,0.07795027688039892,0.00010293702828951713,0.05741814642126856,0.7446431640636642,0.11988547560637881,0.16378517901758935,0.12284874361729148,0.7133660773651193,0.0698833148502792,70.3,59.657350571598556,65.81,2.06
lt_Watershed_3_SimFire.2020.ki5krcs.chn_12_landisFuels_fut_cli_A2,SimFire.2020.ki5krcs.chn_12_landisFuels_fut_cli_A2,lt_Watershed_3,0.069,0.034,0.07,0.651,0.175,0.149,0.157,0.695,0.064,0.07791511904842419,0.009311048017531067,0.05380839018115694,0.748982664815957,0.10998277793693076,0.16341797319342805,0.12966006501132343,0.7069219617952486,0.06972561311034829,230.9,195.48671842400748,65.35,2.04
lt_Watershed_5_SimFire.2020.ki5krcs.chn_12_landisFuels_fut_cli_A2,SimFire.2020.ki5krcs.chn_12_landisFuels_fut_cli_A2,lt_Watershed_5,0.077,0.01,0.063,0.702,0.148,0.16,0.133,0.707,0.069,0.07818074497356962,0.00010615559691941135,0.05782455428212101,0.7408102550421652,0.12307829010522471,0.16372194117627153,0.12277399544989809,0.7135040633738304,0.0698577801908232,831.1,798.9098053982857,70.11,2.19
lt_Watershed_4_SimFire.2020.ki5krcs.chn_12_landisFuels_fut_cli_A2,SimFire.2020.ki5krcs.chn_12_landisFuels_fut_cli_A2,lt_Watershed_4,0.092,0.02,0.094,0.63,0.164,0.174,0.16,0.666,0.075,0.07606387693561316,0.0018930432998072357,0.06536682020466132,0.733235887458282,0.12344037210163605,0.16244662885716663,0.12972399673694637,0.7078293744058869,0.06931032429704541,2396.3,2774.992718345895,76.08,2.38
lt_Watershed_6_SimFire.2020.ki5krcs.chn_12_landisFuels_fut_cli_A2,SimFire.2020.ki5krcs.chn_12_landisFuels_fut_cli_A2,lt_Watershed_6,0.074,0.006,0.043,0.736,0.141,0.156,0.117,0.727,0.067,0.0764113111457073,0.00010234348645588769,0.0397586613799749,0.7581957531828855,0.12553193080497665,0.15986176826198767,0.11032428564627618,0.7298139460917363,0.06820295363938736,426.1,385.7120054046963,68.21,2.13
lt_Watershed_8_SimFire.2020.ki5krcs.chn_12_landisFuels_fut_cli_A2,SimFire.2020.ki5krcs.chn_12_landisFuels_fut_cli_A2,lt_Watershed_8,0.046,0.032,0.14,0.514,0.268,0.126,0.196,0.678,0.054,0.051312703303403304,0.0033883916493605,0.13759937967570754,0.5859692920743054,0.2217302332972236,0.13835713233033384,0.17289510858922152,0.688747759080445,0.059007804155094525,203.4,164.37756446749106,55.96,1.75
lt_Watershed_7_Ward_SimFire.2020.ki5krcs.chn_12_landisFuels_fut_cli_A2,SimFire.2020.ki5krcs.chn_12_landisFuels_fut_cli_A2,lt_Watershed_7_Ward,0.179,0.153,0.239,0.276,0.152,0.257,0.371,0.372,0.11,0.04876525896402847,0.08667632819586665,0.14307659755799731,0.4472049570982349,0.27427685818387276,0.12322771180149117,0.24607307920734298,0.630699208991166,0.05257979807391383,20243.6,37766.91776643722,111.21,3.48
lt_Watershed_10_SimFire.2020.ki5krcs.chn_12_landisFuels_fut_cli_A2,SimFire.2020.ki5krcs.chn_12_landisFuels_fut_cli_A2,lt_Watershed_10,0.07,0.131,0.169,0.301,0.329,0.136,0.296,0.568,0.058,0.02989914466845547,0.06498628565802245,0.08789518885543773,0.3676545171766701,0.4495648636414145,0.08484282671744317,0.17257165945133654,0.7425855138312205,0.03617878978117694,1587.5,3269.5813555483664,60.46,1.89
lt_Watershed_9_Blackwood_SimFire.2020.ki5krcs.chn_12_landisFuels_fut_cli_A2,SimFire.2020.ki5krcs.chn_12_landisFuels_fut_cli_A2,lt_Watershed_9_Blackwood,0.147,0.136,0.291,0.271,0.154,0.236,0.394,0.371,0.101,0.03604107919015152,0.09568571277770378,0.1575189140548859,0.383255924385092,0.32749836959216655,0.10721990656985657,0.25982675210305833,0.6329533413270849,0.0457350740616886,28242.7,99931.59410201853,102.6,3.21
lt_Watershed_11_General_SimFire.2020.ki5krcs.chn_12_landisFuels_fut_cli_A2,SimFire.2020.ki5krcs.chn_12_landisFuels_fut_cli_A2,lt_Watershed_11_General,0.12,0.137,0.229,0.259,0.255,0.194,0.344,0.461,0.083,0.03183260281756389,0.03182608944030731,0.07930126696085552,0.35371100230933045,0.5033290384719424,0.08358255937492812,0.1311807333125927,0.7852367073124789,0.03564916273220378,816.5,2912.189797668893,85.26,2.67
lt_Watershed_12_Meeks_SimFire.2020.ki5krcs.chn_12_landisFuels_fut_cli_A2,SimFire.2020.ki5krcs.chn_12_landisFuels_fut_cli_A2,lt_Watershed_12_Meeks,0.11,0.082,0.118,0.383,0.306,0.173,0.215,0.612,0.074,0.03207859151855511,0.038817622832487166,0.03664066375279307,0.3570751956404119,0.535387926255753,0.07516021593879522,0.10486292688004374,0.8199768571811614,0.032056533716108816,630.7,2275.17796317961,75.91,2.37
lt_Watershed_13_SimFire.2020.ki5krcs.chn_12_landisFuels_fut_cli_A2,SimFire.2020.ki5krcs.chn_12_landisFuels_fut_cli_A2,lt_Watershed_13,0.051,0.022,0.019,0.63,0.278,0.117,0.103,0.78,0.05,0.05392772049120042,0.0019966097299274716,0.0010645011477460368,0.6966034856234634,0.24640768300766225,0.12311607531009772,0.07528326364033928,0.8016006610495626,0.05248814359020759,293.4,254.74738924768926,51.75,1.62
lt_Watershed_14_SimFire.2020.ki5krcs.chn_12_landisFuels_fut_cli_A2,SimFire.2020.ki5krcs.chn_12_landisFuels_fut_cli_A2,lt_Watershed_14,0.051,0.053,0.049,0.525,0.322,0.113,0.147,0.74,0.048,0.05525100922793236,0.0021036073700917476,0.0011176545152588287,0.6975308767135056,0.24399685217321146,0.12454239112528903,0.07552864796083555,0.7999289609138754,0.05309956868712351,144.6,114.74414939033306,50.14,1.57
lt_Watershed_15_SimFire.2020.ki5krcs.chn_12_landisFuels_fut_cli_A2,SimFire.2020.ki5krcs.chn_12_landisFuels_fut_cli_A2,lt_Watershed_15,0.034,0.05,0.09,0.435,0.392,0.096,0.166,0.738,0.041,0.04304636906244163,0.0001881131426162947,0.06915723765300628,0.5385413195958121,0.34906696054612407,0.11095413684721137,0.11076147088880273,0.7782843922639864,0.047309779139582134,63.8,40.0555614693117,42.85,1.34
lt_Watershed_16_SimFire.2020.ki5krcs.chn_12_landisFuels_fut_cli_A2,SimFire.2020.ki5krcs.chn_12_landisFuels_fut_cli_A2,lt_Watershed_16,0.028,0.045,0.087,0.387,0.453,0.085,0.154,0.761,0.036,0.033132200366315485,0.0009732434530567773,0.0677624766480903,0.4525025147965158,0.4456295647360215,0.09222783190391762,0.10149809906723768,0.8062740690288446,0.039317442476931135,150.0,99.74612212003368,38.01,1.19
lt_Watershed_17_SimFire.2020.ki5krcs.chn_12_landisFuels_fut_cli_A2,SimFire.2020.ki5krcs.chn_12_landisFuels_fut_cli_A2,lt_Watershed_17,0.022,0.036,0.102,0.334,0.507,0.076,0.151,0.773,0.033,0.022994050221684346,0.0018543713147851858,0.09331564653694302,0.3577986658422321,0.5240372660843556,0.0781057195593603,0.11269147768002538,0.8092028027606146,0.0332903996988012,242.6,177.28119173066543,34.35,1.07
lt_Watershed_18_SimFire.2020.ki5krcs.chn_12_landisFuels_fut_cli_A2,SimFire.2020.ki5krcs.chn_12_landisFuels_fut_cli_A2,lt_Watershed_18,0.04,0.101,0.152,0.28,0.426,0.1,0.25,0.649,0.043,0.01760161077406518,0.07165097869149054,0.08744449557769055,0.23486686794852762,0.5884360470082263,0.05930421926786213,0.16507083996893526,0.7756249407632028,0.025285504077904274,2264.1,6649.429570585845,45.04,1.41
lt_Watershed_19_SimFire.2020.ki5krcs.chn_12_landisFuels_fut_cli_A2,SimFire.2020.ki5krcs.chn_12_landisFuels_fut_cli_A2,lt_Watershed_19,0.029,0.136,0.123,0.189,0.523,0.073,0.253,0.674,0.031,0.008879075229752736,0.0793430978198242,0.055129131854245415,0.14449151318085005,0.7121571819153273,0.03481598185590268,0.13786710022363224,0.8273169179204648,0.014839388694041713,375.7,1525.3370110471171,33.39,1.04
lt_Watershed_20_SimFire.2020.ki5krcs.chn_12_landisFuels_fut_cli_A2,SimFire.2020.ki5krcs.chn_12_landisFuels_fut_cli_A2,lt_Watershed_20,0.033,0.16,0.142,0.327,0.338,0.095,0.306,0.599,0.041,0.023945151558446388,0.13666130311717012,0.11282789307650283,0.3144836471181069,0.4120820051297741,0.07888571806228108,0.25838881005481396,0.6627254718829053,0.033635293574419245,2657.0,3785.829445022676,43.01,1.34
lt_Watershed_20_CurCond.2020.ki5krcs.chn_cs12,CurCond.2020.ki5krcs.chn_cs12,lt_Watershed_20,0.028,0.183,0.155,0.246,0.388,0.085,0.331,0.584,0.036,0.01616107412521773,0.16225298614806105,0.11049102355533671,0.2271854939994065,0.48390942217197813,0.06196604400133501,0.27305769510916,0.6649762608895051,0.02641908366767378,272.9,341.7580973651779,38.58,1.21
lt_Watershed_1_CurCond.2020.ki5krcs.chn_cs12,CurCond.2020.ki5krcs.chn_cs12,lt_Watershed_1,0.018,0.135,0.126,0.257,0.463,0.07,0.261,0.668,0.03,0.07665595194869222,0.00010027538643688761,0.06052481172258556,0.7480546522032008,0.11466430873908481,0.16348409779027465,0.1256520356646898,0.7108638665450359,0.0697509318335561,27.8,0.11653488554857212,32.15,1.01
lt_Watershed_2_CurCond.2020.ki5krcs.chn_cs12,CurCond.2020.ki5krcs.chn_cs12,lt_Watershed_2,0.018,0.136,0.126,0.255,0.465,0.07,0.262,0.668,0.03,0.11739592263391357,0.00018797704964459896,0.29860049859416166,0.46973015395276424,0.11408544776951582,0.22690391307860536,0.28463570645152564,0.48846038046986895,0.09696556214943958,4.7,0.0005184580556695154,31.99,1.0
lt_Watershed_3_CurCond.2020.ki5krcs.chn_cs12,CurCond.2020.ki5krcs.chn_cs12,lt_Watershed_3,0.018,0.136,0.126,0.255,0.465,0.07,0.262,0.668,0.03,0.05257176809835834,0.07482621504044941,0.24027614461235464,0.47631413838809,0.15601173386074768,0.1504251343119861,0.3139407635319586,0.5356341021560554,0.06418333534160742,25.3,0.007809588818461538,32.0,1.0
lt_Watershed_5_CurCond.2020.ki5krcs.chn_cs12,CurCond.2020.ki5krcs.chn_cs12,lt_Watershed_5,0.019,0.135,0.126,0.258,0.463,0.071,0.261,0.668,0.03,0.07713873410365851,0.0001000004853489965,0.047623306540959684,0.7607003691360504,0.11443758973398144,0.16249658832827002,0.11678762773631544,0.7207157839354137,0.06932803002287,32.0,0.175088321359497,32.2,1.01
lt_Watershed_4_CurCond.2020.ki5krcs.chn_cs12,CurCond.2020.ki5krcs.chn_cs12,lt_Watershed_4,0.018,0.136,0.126,0.257,0.463,0.07,0.262,0.668,0.03,0.06782422671686306,0.002277024228228845,0.10094747371565428,0.6864809092402284,0.14247036609902558,0.15708575368564873,0.15331859555086386,0.6895956507634877,0.06701406408403274,216.2,0.8639880502549913,32.13,1.0
lt_Watershed_6_CurCond.2020.ki5krcs.chn_cs12,CurCond.2020.ki5krcs.chn_cs12,lt_Watershed_6,0.018,0.136,0.126,0.255,0.465,0.07,0.262,0.668,0.03,0.0,0.0,0.0,0.0,0.0,0.0,0.0,0.0,0.0,8.1,0.0,31.98,1.0
lt_Watershed_8_CurCond.2020.ki5krcs.chn_cs12,CurCond.2020.ki5krcs.chn_cs12,lt_Watershed_8,0.018,0.136,0.126,0.255,0.465,0.07,0.262,0.668,0.03,0.07294240105597743,0.00010941908629472891,0.06958960971717584,0.7049645970983984,0.15239397304215355,0.157417303819043,0.12833193925137992,0.7142507569295771,0.06716386800569288,38.7,0.011648391156699092,31.99,1.0
lt_Watershed_10_CurCond.2020.ki5krcs.chn_cs12,CurCond.2020.ki5krcs.chn_cs12,lt_Watershed_10,0.02,0.151,0.139,0.257,0.433,0.075,0.287,0.637,0.032,0.009561420575085246,0.07456897132966614,0.05419338339267803,0.15222683875726215,0.7094493859453084,0.03606668150790926,0.13315914205724436,0.8307741764348463,0.015372781159857605,271.8,16.169256917040624,34.32,1.07
lt_Watershed_9_Blackwood_CurCond.2020.ki5krcs.chn_cs12,CurCond.2020.ki5krcs.chn_cs12,lt_Watershed_9_Blackwood,0.186,0.203,0.192,0.196,0.223,0.246,0.375,0.379,0.106,0.01934942168370408,0.14968257330741883,0.1234275230075942,0.258904650793962,0.44863583120732065,0.0710241894669087,0.2739929726429827,0.6549828378901084,0.030283374306338935,1714.8,4255.192527203483,106.9,3.34
lt_Watershed_11_General_CurCond.2020.ki5krcs.chn_cs12,CurCond.2020.ki5krcs.chn_cs12,lt_Watershed_11_General,0.038,0.243,0.235,0.208,0.276,0.108,0.45,0.442,0.046,0.006300870642850015,0.06380254199164655,0.033343866594246596,0.11168885479039393,0.7848638659808628,0.024393623118485044,0.10172649363270808,0.8738798832488067,0.010394953400461395,209.6,69.23408160202845,49.19,1.54
lt_Watershed_13_CurCond.2020.ki5krcs.chn_cs12,CurCond.2020.ki5krcs.chn_cs12,lt_Watershed_13,0.02,0.131,0.121,0.274,0.454,0.072,0.255,0.672,0.031,0.05737362506786766,0.00010789537697151812,0.00011091752922405939,0.7336450304447579,0.2087625315811798,0.13002788668056497,0.07649449247378413,0.793477620845652,0.05543635901042522,37.4,1.450913053413587,33.01,1.03
lt_Watershed_14_CurCond.2020.ki5krcs.chn_cs12,CurCond.2020.ki5krcs.chn_cs12,lt_Watershed_14,0.018,0.136,0.126,0.255,0.465,0.07,0.262,0.668,0.03,0.053169230476379024,9.999649441073472e-05,9.999649441073472e-05,0.6927358039080709,0.25389497262672855,0.12177117432359871,0.07222341733494018,0.8060054083414611,0.05191350332300254,55.8,1.0855597744976924e-05,31.98,1.0
lt_Watershed_15_CurCond.2020.ki5krcs.chn_cs12,CurCond.2020.ki5krcs.chn_cs12,lt_Watershed_15,0.018,0.136,0.126,0.256,0.464,0.07,0.263,0.667,0.03,0.05039101586496494,0.00011682595390657929,0.17144526817346625,0.5324803333526095,0.2455665566550529,0.13928152045147466,0.19076509721144286,0.6699533823370827,0.059411993942491526,22.3,0.0030839262713076537,32.05,1.0
lt_Watershed_16_CurCond.2020.ki5krcs.chn_cs12,CurCond.2020.ki5krcs.chn_cs12,lt_Watershed_16,0.018,0.134,0.126,0.255,0.467,0.07,0.259,0.671,0.03,0.01573422751762614,0.0025531470433995903,0.09605611896124883,0.2701661924491015,0.6154903140286239,0.06274852167091069,0.10643870891853148,0.8308127694105578,0.02674201439443627,50.3,0.8718373900088804,31.93,1.0
lt_Watershed_17_CurCond.2020.ki5krcs.chn_cs12,CurCond.2020.ki5krcs.chn_cs12,lt_Watershed_17,0.018,0.128,0.125,0.258,0.47,0.07,0.254,0.676,0.03,0.01758070500940176,0.0028535319536355567,0.1073483183692124,0.30195770027518354,0.5702597443925668,0.07012501251254875,0.11895495597556323,0.8109200315118881,0.029885694513820178,59.2,3.3579429949589077,31.98,1.0
lt_Watershed_18_CurCond.2020.ki5krcs.chn_cs12,CurCond.2020.ki5krcs.chn_cs12,lt_Watershed_18,0.044,0.219,0.18,0.185,0.372,0.1,0.381,0.519,0.043,0.016472525936840312,0.15750410659547662,0.11114383003846717,0.22282214280895432,0.49205739462026166,0.06198326621304337,0.2683700913479585,0.6696466424389983,0.026428188328342622,286.4,2218.111238074672,45.46,1.42
lt_Watershed_19_CurCond.2020.ki5krcs.chn_cs12,CurCond.2020.ki5krcs.chn_cs12,lt_Watershed_19,0.05,0.205,0.214,0.203,0.328,0.116,0.395,0.489,0.05,0.010004019983664346,0.09194587399559735,0.0679867702269957,0.15577020572577485,0.6742931300679676,0.03977047886841215,0.16178753710017754,0.7984419840314102,0.016952882533904163,102.9,467.9219921829718,52.16,1.63
lt_Watershed_7_Ward_CurCond.2020.ki5krcs.chn_cs12,CurCond.2020.ki5krcs.chn_cs12,lt_Watershed_7_Ward,0.024,0.148,0.123,0.273,0.433,0.077,0.273,0.65,0.033,0.02381066203911571,0.1493666424271857,0.10649651993906607,0.283776110303445,0.4365500652911875,0.07437526266629971,0.2629051121306671,0.6627196252030332,0.03171805744204128,1372.4,961.1304688046254,34.93,1.09
lt_Watershed_12_Meeks_CurCond.2020.ki5krcs.chn_cs12,CurCond.2020.ki5krcs.chn_cs12,lt_Watershed_12_Meeks,0.052,0.22,0.234,0.258,0.236,0.127,0.432,0.442,0.054,0.005779675642308954,0.06117737620425436,0.03342462895614208,0.10056353702946012,0.7990547821678343,0.022788062517971483,0.09800801630171431,0.879203921180314,0.009711366011840653,184.1,1402.610238426878,57.07,1.78
lt_Watershed_20_PrescFireS.2020.ki5krcs.chn_12,PrescFireS.2020.ki5krcs.chn_12,lt_Watershed_20,0.026,0.179,0.143,0.253,0.399,0.081,0.318,0.601,0.035,0.0177776002263789,0.15624771902918672,0.11180564462276348,0.2446903659318198,0.46947867018985096,0.06559293746903216,0.26991017069345635,0.6644968918375114,0.027966093882301694,596.1,811.7362566751888,37.11,1.16
lt_Watershed_1_PrescFireS.2020.ki5krcs.chn_12,PrescFireS.2020.ki5krcs.chn_12,lt_Watershed_1,0.043,0.082,0.113,0.434,0.328,0.11,0.216,0.674,0.047,0.08163559166858948,0.00011168213349802425,0.09223983758169309,0.7027224928616818,0.12329039575453708,0.17066772419163323,0.14597205324306878,0.6833602225652974,0.0728375989083679,62.2,24.81758591432008,49.18,1.54
lt_Watershed_2_PrescFireS.2020.ki5krcs.chn_12,PrescFireS.2020.ki5krcs.chn_12,lt_Watershed_2,0.039,0.086,0.108,0.429,0.339,0.104,0.216,0.68,0.045,0.07456486289099064,0.00010146529456898081,0.07561259832876101,0.7302315934866263,0.11948947999905324,0.1628120488935352,0.13570389109857056,0.7014840600078944,0.06946318695626177,12.6,4.589029528734149,46.49,1.45
lt_Watershed_3_PrescFireS.2020.ki5krcs.chn_12,PrescFireS.2020.ki5krcs.chn_12,lt_Watershed_3,0.024,0.12,0.127,0.304,0.424,0.081,0.252,0.667,0.035,0.06652252700145161,0.009556913031146743,0.13541242410537485,0.6490319414857961,0.13947619437623116,0.15934871069477952,0.1838966375648103,0.6567546517404107,0.06798462379550992,38.6,4.775939366994827,36.78,1.15
lt_Watershed_5_PrescFireS.2020.ki5krcs.chn_12,PrescFireS.2020.ki5krcs.chn_12,lt_Watershed_5,0.043,0.066,0.113,0.475,0.303,0.114,0.205,0.681,0.049,0.06711247793514917,0.00010138497003496943,0.10070697888529734,0.6820974122592469,0.14998174595027144,0.15588929429361237,0.15049732218549627,0.6936133835208913,0.06650297244874412,93.5,47.90659840139125,50.89,1.59
lt_Watershed_4_PrescFireS.2020.ki5krcs.chn_12,PrescFireS.2020.ki5krcs.chn_12,lt_Watershed_4,0.043,0.071,0.112,0.466,0.308,0.113,0.207,0.68,0.048,0.06807296016156746,0.0015914701415183773,0.09593895913410692,0.6907743977018005,0.14362221286100674,0.15670274591134226,0.14912784625931602,0.6941694078293418,0.06685033093485768,532.5,276.8584940850765,50.38,1.58
lt_Watershed_6_PrescFireS.2020.ki5krcs.chn_12,PrescFireS.2020.ki5krcs.chn_12,lt_Watershed_6,0.036,0.083,0.11,0.42,0.351,0.1,0.213,0.686,0.043,0.06336782241990943,0.00010075073368835375,0.08409592180207767,0.6792979301276697,0.17313757491665446,0.1483625570027871,0.1370994177688053,0.7145380252284073,0.06328394184569026,21.4,8.162368399229571,44.99,1.41
lt_Watershed_8_PrescFireS.2020.ki5krcs.chn_12,PrescFireS.2020.ki5krcs.chn_12,lt_Watershed_8,0.026,0.104,0.128,0.334,0.407,0.086,0.24,0.674,0.037,0.05109039808888848,0.002788078544841091,0.13577912308068477,0.5863918433269143,0.22395055695867044,0.1377925855482775,0.17090255836150045,0.6913048560902212,0.05876635927712519,52.7,12.518175646759337,38.95,1.22
lt_Watershed_10_PrescFireS.2020.ki5krcs.chn_12,PrescFireS.2020.ki5krcs.chn_12,lt_Watershed_10,0.022,0.136,0.117,0.232,0.493,0.07,0.252,0.678,0.03,0.015261667451819701,0.09064188095806658,0.06627362085935566,0.20660479163056752,0.6212180391001907,0.049699275824569934,0.16441866614567724,0.785882058029753,0.0211892824626565,454.1,367.68823514152183,31.74,0.99
lt_Watershed_13_PrescFireS.2020.ki5krcs.chn_12,PrescFireS.2020.ki5krcs.chn_12,lt_Watershed_13,0.031,0.086,0.079,0.42,0.383,0.09,0.192,0.718,0.038,0.05369319282414814,0.00010098201608402119,0.00010098010315755105,0.6983436247465538,0.24776122031005762,0.1228505184758232,0.07280839229111692,0.804341089233061,0.052373900170198995,61.9,22.53144673424616,40.31,1.26
lt_Watershed_14_PrescFireS.2020.ki5krcs.chn_12,PrescFireS.2020.ki5krcs.chn_12,lt_Watershed_14,0.021,0.127,0.118,0.285,0.45,0.074,0.25,0.677,0.032,0.05533252801985872,0.00010002102008385841,0.0001000000350917801,0.7028759992624275,0.24159145166253812,0.12493835195424341,0.07327802497106374,0.8017836230746929,0.053267446492699606,62.3,4.09669665785355,33.51,1.05
lt_Watershed_15_PrescFireS.2020.ki5krcs.chn_12,PrescFireS.2020.ki5krcs.chn_12,lt_Watershed_15,0.02,0.124,0.125,0.279,0.451,0.074,0.252,0.674,0.032,0.043911644510601734,0.0006065927943725282,0.10767415346552241,0.5329709811966907,0.3148366280328126,0.11939501803029937,0.14099048192312555,0.7396145000465751,0.05091355051720617,25.3,2.1716230077290373,33.83,1.06
lt_Watershed_16_PrescFireS.2020.ki5krcs.chn_12,PrescFireS.2020.ki5krcs.chn_12,lt_Watershed_16,0.02,0.126,0.12,0.275,0.46,0.072,0.249,0.679,0.031,0.0404533957274295,0.0013040828873000674,0.04746406100639662,0.5127848420863383,0.3979936182925353,0.10123401196632668,0.09208285059832619,0.806683137435347,0.043163235625269164,54.9,4.153962800432808,32.98,1.03
lt_Watershed_17_PrescFireS.2020.ki5krcs.chn_12,PrescFireS.2020.ki5krcs.chn_12,lt_Watershed_17,0.018,0.123,0.124,0.26,0.475,0.07,0.248,0.682,0.03,0.018277205011966738,0.0025537090266933957,0.10075627277415324,0.30465510460722217,0.5737577085799643,0.06969763392342807,0.11373453912465142,0.8165678269519204,0.029704499893310855,63.9,6.038485641251273,31.93,1.0
lt_Watershed_18_PrescFireS.2020.ki5krcs.chn_12,PrescFireS.2020.ki5krcs.chn_12,lt_Watershed_18,0.04,0.135,0.167,0.24,0.418,0.099,0.291,0.61,0.042,0.01602014650925139,0.0883778327055687,0.08672098718000161,0.2319613235283211,0.576919710076857,0.05728244583353552,0.18092466923753536,0.761792884928929,0.02441990728685848,341.8,763.3463762021071,44.53,1.39
lt_Watershed_19_PrescFireS.2020.ki5krcs.chn_12,PrescFireS.2020.ki5krcs.chn_12,lt_Watershed_19,0.047,0.195,0.196,0.192,0.369,0.108,0.37,0.522,0.046,0.00939473410948953,0.08919259516297193,0.06364377706443673,0.14907407572041045,0.6886948179426913,0.03758190456640632,0.1549112391417352,0.8075068562918584,0.016019392049027553,111.5,639.1629735571687,48.68,1.52
lt_Watershed_7_Ward_PrescFireS.2020.ki5krcs.chn_12,PrescFireS.2020.ki5krcs.chn_12,lt_Watershed_7_Ward,0.049,0.137,0.168,0.326,0.32,0.116,0.304,0.579,0.05,0.03321744903548,0.11064354871364192,0.12515042993123077,0.3724157188467221,0.3585728534729252,0.09649334591679518,0.2481184726894421,0.6553881813937628,0.04115528452159402,4569.0,7370.143816673941,52.24,1.63
lt_Watershed_9_Blackwood_PrescFireS.2020.ki5krcs.chn_12,PrescFireS.2020.ki5krcs.chn_12,lt_Watershed_9_Blackwood,0.081,0.18,0.266,0.287,0.186,0.166,0.42,0.415,0.071,0.027968947613033292,0.12326206887611563,0.14230152661005435,0.3278585098440806,0.37860894705671627,0.09045256220231875,0.2696352583952329,0.6399121794024485,0.03857587333434756,5589.3,16200.510332119886,73.6,2.3
lt_Watershed_11_General_PrescFireS.2020.ki5krcs.chn_12,PrescFireS.2020.ki5krcs.chn_12,lt_Watershed_11_General,0.048,0.202,0.219,0.261,0.27,0.12,0.402,0.478,0.051,0.020485280597913186,0.041580917808711065,0.053844765812226525,0.2567852054021091,0.62730383037904,0.05726826151910178,0.11077009939637714,0.831961639084521,0.024419192926493728,287.0,351.9315978724525,54.12,1.69
lt_Watershed_12_Meeks_PrescFireS.2020.ki5krcs.chn_12,PrescFireS.2020.ki5krcs.chn_12,lt_Watershed_12_Meeks,0.064,0.182,0.211,0.294,0.248,0.138,0.379,0.483,0.059,0.015061440303753526,0.052738727643989625,0.036159650263529186,0.20051488162533404,0.6955253001633935,0.042542099790266255,0.1021222393909489,0.8553356608187848,0.01813735144229192,210.7,711.3570837515833,61.63,1.93
lt_Watershed_20_LowSevS.2020.ki5krcs.chn_12,LowSevS.2020.ki5krcs.chn_12,lt_Watershed_20,0.027,0.192,0.153,0.26,0.368,0.085,0.339,0.575,0.037,0.018273954169151202,0.15976320413347714,0.11731486693354454,0.2506289159649183,0.45401905879890875,0.06783965377265602,0.27839004140439527,0.6537703048229486,0.028924278833111442,959.6,1545.7801416921632,38.97,1.22
lt_Watershed_1_LowSevS.2020.ki5krcs.chn_12,LowSevS.2020.ki5krcs.chn_12,lt_Watershed_1,0.055,0.076,0.083,0.482,0.304,0.121,0.192,0.688,0.052,0.10311727852520577,0.00012692520200818024,0.027270511047438162,0.7713656096099996,0.09811967561534879,0.18523655170760517,0.10186538181787685,0.7128980664745184,0.07908901408520269,73.7,32.532499737112786,53.58,1.68
lt_Watershed_2_LowSevS.2020.ki5krcs.chn_12,LowSevS.2020.ki5krcs.chn_12,lt_Watershed_2,0.049,0.067,0.082,0.515,0.287,0.117,0.186,0.697,0.05,0.07896727946743955,0.00010085742822444489,0.040259314446813424,0.7690576005746348,0.11161494808288777,0.163598697272606,0.11184744698652227,0.7245538557408717,0.06980072041587944,19.3,9.76904336030549,52.08,1.63
lt_Watershed_3_LowSevS.2020.ki5krcs.chn_12,LowSevS.2020.ki5krcs.chn_12,lt_Watershed_3,0.029,0.113,0.114,0.341,0.404,0.086,0.238,0.675,0.037,0.07732330075399219,0.0019306226718828405,0.05827883530333434,0.7467267633165704,0.1157404779542203,0.1635460845713362,0.12557220711113698,0.710881708317527,0.0697793152600587,44.8,7.827040384451049,38.98,1.22
lt_Watershed_5_LowSevS.2020.ki5krcs.chn_12,LowSevS.2020.ki5krcs.chn_12,lt_Watershed_5,0.058,0.052,0.107,0.529,0.254,0.133,0.192,0.675,0.057,0.0763918630704104,0.00010924354568606376,0.0962315388479755,0.7032425976560588,0.12402475687986977,0.16631773493528307,0.14917315785296886,0.6845091072117487,0.07096913685507833,130.5,83.25982509355265,58.83,1.84
lt_Watershed_4_LowSevS.2020.ki5krcs.chn_12,LowSevS.2020.ki5krcs.chn_12,lt_Watershed_4,0.052,0.054,0.101,0.526,0.267,0.125,0.189,0.686,0.054,0.06977861549588311,0.0007039996469484035,0.08326011179588946,0.7054977738153458,0.1407594992459332,0.15719077869253503,0.13976799633070117,0.7030412249767639,0.06705934260960844,736.7,487.02665447259784,55.5,1.74
lt_Watershed_6_LowSevS.2020.ki5krcs.chn_12,LowSevS.2020.ki5krcs.chn_12,lt_Watershed_6,0.044,0.073,0.088,0.482,0.312,0.111,0.193,0.696,0.047,0.07407318039546254,0.00010162791859941132,0.04634997027621921,0.7430004178090931,0.13647480360062608,0.157410065486845,0.11394379791868206,0.7286461365944734,0.06715490926249507,27.1,11.887089369062451,49.3,1.54
lt_Watershed_8_LowSevS.2020.ki5krcs.chn_12,LowSevS.2020.ki5krcs.chn_12,lt_Watershed_8,0.024,0.113,0.128,0.31,0.424,0.081,0.247,0.672,0.035,0.049481170807774734,0.005969682260980485,0.14003207456770017,0.5697183577881366,0.23479871457540788,0.135430055962585,0.17570569830486216,0.6888642457325528,0.05775848001473011,49.5,8.642242943320857,36.91,1.15
lt_Watershed_7_Ward_LowSevS.2020.ki5krcs.chn_12,LowSevS.2020.ki5krcs.chn_12,lt_Watershed_7_Ward,0.052,0.145,0.17,0.322,0.311,0.119,0.313,0.568,0.051,0.03493561600954869,0.12166128273448625,0.13787017622200082,0.3655010855624126,0.34003183947155186,0.10021083066306972,0.2684529646721358,0.6313362046647948,0.04274674072169779,7272.4,13983.456381651291,53.45,1.67
lt_Watershed_10_LowSevS.2020.ki5krcs.chn_12,LowSevS.2020.ki5krcs.chn_12,lt_Watershed_10,0.023,0.14,0.116,0.216,0.505,0.069,0.254,0.677,0.029,0.014626300240767538,0.09590255300138975,0.06991048106077558,0.19840214007717144,0.6211585256198958,0.049019223612231155,0.17169574512636748,0.7792850312614015,0.020899515982000273,597.6,698.505082897885,31.37,0.98
lt_Watershed_9_Blackwood_LowSevS.2020.ki5krcs.chn_12,LowSevS.2020.ki5krcs.chn_12,lt_Watershed_9_Blackwood,0.104,0.172,0.278,0.279,0.166,0.19,0.421,0.389,0.082,0.029130251187147363,0.12675750613645223,0.1514616445982224,0.32377597509141415,0.3688746229867637,0.09314247973142228,0.2799334451339568,0.6269240751346208,0.03972701672696563,9147.3,31208.6936968774,83.95,2.62
lt_Watershed_13_LowSevS.2020.ki5krcs.chn_12,LowSevS.2020.ki5krcs.chn_12,lt_Watershed_13,0.034,0.08,0.074,0.444,0.367,0.093,0.185,0.721,0.04,0.05567434767516217,0.00010470379580084357,0.0001046851312486222,0.7152692759317449,0.22884698746604312,0.12650809455509837,0.07457530506125748,0.7989166003836439,0.053935026403590235,68.2,27.272377713713933,41.78,1.31
lt_Watershed_14_LowSevS.2020.ki5krcs.chn_12,LowSevS.2020.ki5krcs.chn_12,lt_Watershed_14,0.022,0.122,0.113,0.299,0.444,0.075,0.243,0.682,0.032,0.05377641071743594,0.00010049216609484683,0.00010022160182561253,0.693594052697434,0.25242882281721213,0.12246336869246711,0.0723133484904684,0.8052232828170671,0.052210050355236556,64.6,6.443399078034954,34.19,1.07
lt_Watershed_15_LowSevS.2020.ki5krcs.chn_12,LowSevS.2020.ki5krcs.chn_12,lt_Watershed_15,0.021,0.123,0.129,0.281,0.447,0.076,0.254,0.671,0.032,0.0424930579831106,0.0004028149402225256,0.15391407575379426,0.5096368089044844,0.29355324241838815,0.12542297204870517,0.17484324883603258,0.6997337791152622,0.053486534666584276,26.3,2.593336709273947,34.38,1.07
lt_Watershed_16_LowSevS.2020.ki5krcs.chn_12,LowSevS.2020.ki5krcs.chn_12,lt_Watershed_16,0.018,0.125,0.123,0.256,0.478,0.069,0.249,0.682,0.03,0.015780884547178145,0.002552257232090037,0.096010583604072,0.27032719656614485,0.6153290780505151,0.06280151014768567,0.10641863613858192,0.8307798537137325,0.026764694250883986,56.5,4.739736680945058,31.67,0.99
lt_Watershed_17_LowSevS.2020.ki5krcs.chn_12,LowSevS.2020.ki5krcs.chn_12,lt_Watershed_17,0.018,0.096,0.122,0.275,0.488,0.071,0.221,0.707,0.031,0.018693284269477,0.00299912022509596,0.11349364101574516,0.3205596350885827,0.544254319401099,0.07437584639756892,0.1258838050357315,0.7997403485666994,0.03169735131674317,85.1,25.14141087628618,32.4,1.01
lt_Watershed_18_LowSevS.2020.ki5krcs.chn_12,LowSevS.2020.ki5krcs.chn_12,lt_Watershed_18,0.037,0.121,0.157,0.231,0.455,0.093,0.269,0.639,0.04,0.016525383361601666,0.09007481829594921,0.08942536717966122,0.23203524731656694,0.5719391838462208,0.058365625320850316,0.18476309872162489,0.7568712759575247,0.02488315289559244,497.1,1775.0075957548881,41.86,1.31
lt_Watershed_19_LowSevS.2020.ki5krcs.chn_12,LowSevS.2020.ki5krcs.chn_12,lt_Watershed_19,0.037,0.172,0.154,0.168,0.469,0.087,0.311,0.603,0.037,0.009028783458791054,0.08948700736678097,0.060833529823287505,0.14624943929914944,0.6944012400519912,0.03634335274212051,0.15269460408446636,0.8109620431734134,0.015490842238481514,171.3,1326.7554362084431,39.34,1.23
lt_Watershed_11_General_LowSevS.2020.ki5krcs.chn_12,LowSevS.2020.ki5krcs.chn_12,lt_Watershed_11_General,0.065,0.189,0.21,0.259,0.277,0.135,0.381,0.483,0.058,0.017399211137798867,0.04465003970579638,0.05233509290233338,0.22363979377560922,0.6619758624784622,0.050582255323976526,0.10920096655840078,0.8402167781176227,0.02156729127790131,330.9,675.750398469119,60.54,1.89
lt_Watershed_12_Meeks_LowSevS.2020.ki5krcs.chn_12,LowSevS.2020.ki5krcs.chn_12,lt_Watershed_12_Meeks,0.068,0.179,0.21,0.287,0.256,0.14,0.375,0.485,0.06,0.011866967130366573,0.05974543120513698,0.04078821031639848,0.1674238364273907,0.7201755549207074,0.037048239313438334,0.10933940813322401,0.8536123525533378,0.015793668957353534,245.0,1525.0724567161947,62.74,1.96
lt_Watershed_20_ModSevS.2020.ki5krcs.chn_12,ModSevS.2020.ki5krcs.chn_12,lt_Watershed_20,0.036,0.235,0.183,0.25,0.296,0.099,0.406,0.495,0.042,0.018573397962420995,0.15710027310187505,0.11852576160251638,0.2535312106383402,0.4522693566948473,0.06868192351374763,0.2769843449126479,0.6543337315736044,0.02928361711691537,3234.8,6667.160885389065,45.14,1.41
lt_Watershed_1_ModSevS.2020.ki5krcs.chn_12,ModSevS.2020.ki5krcs.chn_12,lt_Watershed_1,0.085,0.022,0.048,0.684,0.161,0.163,0.131,0.706,0.07,0.09827663080806773,0.00012138944403157752,0.0328048854605201,0.766608345244842,0.10218874904253845,0.18109268781947685,0.1057317119778455,0.7131756002026776,0.07731066480839124,287.9,240.91427986393145,71.38,2.23
lt_Watershed_2_ModSevS.2020.ki5krcs.chn_12,ModSevS.2020.ki5krcs.chn_12,lt_Watershed_2,0.075,0.011,0.039,0.739,0.136,0.156,0.119,0.725,0.067,0.0802248730526227,0.00010047440492266201,0.030763675045846102,0.7821436107732626,0.10676736672334596,0.16414822595384923,0.10571594953651454,0.7301358245096362,0.07003523294617832,137.0,125.57313719188615,68.51,2.14
lt_Watershed_3_ModSevS.2020.ki5krcs.chn_12,ModSevS.2020.ki5krcs.chn_12,lt_Watershed_3,0.062,0.041,0.073,0.62,0.204,0.139,0.163,0.698,0.059,0.07760095353079689,0.007680975048287601,0.05341369014689512,0.7498729100968626,0.11143147117715767,0.16310866025138115,0.12781115922426156,0.7090801805243573,0.06959270340200066,158.1,116.42664583343353,61.17,1.91
lt_Watershed_5_ModSevS.2020.ki5krcs.chn_12,ModSevS.2020.ki5krcs.chn_12,lt_Watershed_5,0.077,0.007,0.08,0.7,0.135,0.164,0.143,0.693,0.07,0.07920231249684206,0.00010852225937527124,0.07747759135295412,0.7256633325763825,0.1175482413144459,0.16739075419737726,0.13670732842479988,0.6959019173778227,0.07142863525111919,1107.5,1060.2986183207024,71.65,2.24
lt_Watershed_4_ModSevS.2020.ki5krcs.chn_12,ModSevS.2020.ki5krcs.chn_12,lt_Watershed_4,0.084,0.014,0.1,0.636,0.165,0.168,0.159,0.672,0.072,0.0709602551820714,0.0012590191973624737,0.08416714273621705,0.704558489402878,0.13905509348147124,0.15847081275029812,0.14094097771413705,0.7005882095355651,0.06760844887428905,3390.8,4036.176295434844,73.67,2.3
lt_Watershed_6_ModSevS.2020.ki5krcs.chn_12,ModSevS.2020.ki5krcs.chn_12,lt_Watershed_6,0.072,0.013,0.037,0.724,0.153,0.152,0.118,0.73,0.065,0.0779954377881007,0.00010056855141907674,0.028136981577010358,0.7744479802427808,0.11931903184068908,0.1606026909448852,0.10284323696092945,0.7365540720941854,0.06851918632322293,168.7,140.14272196425034,66.56,2.08
lt_Watershed_8_ModSevS.2020.ki5krcs.chn_12,ModSevS.2020.ki5krcs.chn_12,lt_Watershed_8,0.036,0.063,0.136,0.43,0.335,0.107,0.215,0.678,0.046,0.0486321417911129,0.008122059403747751,0.14355466799945113,0.562406953331557,0.23728417747413136,0.13460046511882123,0.17987701560179664,0.6855225192793823,0.05740420098826343,100.9,56.52069038963551,47.73,1.49
lt_Watershed_7_Ward_ModSevS.2020.ki5krcs.chn_12,ModSevS.2020.ki5krcs.chn_12,lt_Watershed_7_Ward,0.082,0.157,0.226,0.329,0.206,0.162,0.37,0.468,0.07,0.04107215117711923,0.10755852580206428,0.14635888334893882,0.40102196464431683,0.30398847502756104,0.1116550500635327,0.26474196908738595,0.6236029808490815,0.047635174871449956,23854.3,55667.79380325035,71.91,2.25
lt_Watershed_10_ModSevS.2020.ki5krcs.chn_12,ModSevS.2020.ki5krcs.chn_12,lt_Watershed_10,0.027,0.176,0.12,0.168,0.509,0.069,0.288,0.643,0.029,0.01385007693313635,0.10445766921388579,0.07434784738862536,0.19159710839181718,0.6157472980725353,0.04850558646292621,0.1830442200762602,0.7684501934608136,0.020680067821748097,1838.2,4411.231227952315,31.54,0.99
lt_Watershed_9_Blackwood_ModSevS.2020.ki5krcs.chn_12,ModSevS.2020.ki5krcs.chn_12,lt_Watershed_9_Blackwood,0.075,0.176,0.304,0.285,0.16,0.168,0.445,0.387,0.072,0.030627572445544156,0.12043408697624429,0.156093977164302,0.3354796911287739,0.35736467228513574,0.0967758910489605,0.27848212283627105,0.6247419861147685,0.04127783355133413,28585.1,117735.79790716483,74.48,2.33
lt_Watershed_13_ModSevS.2020.ki5krcs.chn_12,ModSevS.2020.ki5krcs.chn_12,lt_Watershed_13,0.044,0.042,0.039,0.57,0.305,0.109,0.132,0.759,0.047,0.05510014516915222,0.00010362302679944937,0.00010360689844151609,0.7106907156011416,0.234001909304465,0.12548038706923642,0.07409720329218854,0.8004224096385748,0.053496296953673986,140.6,93.88203997544608,48.18,1.51
lt_Watershed_14_ModSevS.2020.ki5krcs.chn_12,ModSevS.2020.ki5krcs.chn_12,lt_Watershed_14,0.031,0.088,0.082,0.412,0.386,0.089,0.196,0.715,0.038,0.055571404473015784,0.00010018262630707858,0.00010010208949002654,0.70393965739956,0.24028865341162664,0.1252825520964546,0.07338888754446896,0.801328560359076,0.05341460731775939,93.6,32.47246674350943,40.14,1.25
lt_Watershed_15_ModSevS.2020.ki5krcs.chn_12,ModSevS.2020.ki5krcs.chn_12,lt_Watershed_15,0.031,0.064,0.115,0.391,0.399,0.094,0.195,0.711,0.04,0.041327225901622786,0.0007303784059540028,0.10456388264012914,0.5115107530822436,0.3418677599700507,0.11402976969383216,0.13642840012956922,0.7495418301765988,0.048623580978862026,54.5,29.28733488909206,42.06,1.32
lt_Watershed_16_ModSevS.2020.ki5krcs.chn_12,ModSevS.2020.ki5krcs.chn_12,lt_Watershed_16,0.023,0.075,0.106,0.321,0.476,0.077,0.192,0.731,0.033,0.02649506739879165,0.001648579938668146,0.0770862581462818,0.3816569405308243,0.5131131539854342,0.08054430498020872,0.10216195943129022,0.8172937355885012,0.034333738649541604,99.7,47.66811142813453,34.71,1.09
lt_Watershed_17_ModSevS.2020.ki5krcs.chn_12,ModSevS.2020.ki5krcs.chn_12,lt_Watershed_17,0.023,0.051,0.128,0.308,0.49,0.081,0.184,0.735,0.035,0.020838494857851345,0.0024729552280657965,0.10418658355175903,0.33653703138955954,0.5359649349727643,0.0761390300948389,0.11967602091491786,0.8041849489902433,0.03245106213203804,177.5,139.9491594943059,36.33,1.14
lt_Watershed_18_ModSevS.2020.ki5krcs.chn_12,ModSevS.2020.ki5krcs.chn_12,lt_Watershed_18,0.067,0.157,0.225,0.181,0.37,0.133,0.353,0.515,0.057,0.01747542095682268,0.08487802810675671,0.09391608135071855,0.24606184052572583,0.557668629059976,0.06165183633387115,0.18456824770714914,0.7537799159589795,0.026284000214122083,1141.2,9302.631918113302,59.3,1.85
lt_Watershed_19_ModSevS.2020.ki5krcs.chn_12,ModSevS.2020.ki5krcs.chn_12,lt_Watershed_19,0.028,0.176,0.13,0.144,0.522,0.07,0.294,0.637,0.03,0.008798533701567733,0.0881806464872393,0.05776316836598262,0.14340729251379306,0.7018503589314173,0.03518388418565558,0.14867014474943407,0.8161459710649104,0.014996362396490303,447.4,3883.074844390023,31.92,1.0
lt_Watershed_11_General_ModSevS.2020.ki5krcs.chn_12,ModSevS.2020.ki5krcs.chn_12,lt_Watershed_11_General,0.135,0.226,0.302,0.201,0.136,0.219,0.485,0.296,0.094,0.014554524787723906,0.04030677038151127,0.05773514021491448,0.21443449219724983,0.6729690724186004,0.047965654100598595,0.10816098319959278,0.8438733626998085,0.02044630242556035,464.1,4984.066023043892,95.98,3.0
lt_Watershed_12_Meeks_ModSevS.2020.ki5krcs.chn_12,ModSevS.2020.ki5krcs.chn_12,lt_Watershed_12_Meeks,0.079,0.195,0.212,0.275,0.239,0.151,0.391,0.458,0.065,0.011860720985347687,0.05889285701827804,0.044089120130439176,0.17423757497118253,0.7109197268947526,0.038413045255017424,0.11179988059819754,0.849787074146785,0.01637424826324335,507.9,6333.594240191285,67.09,2.1
lt_Watershed_20_HighSevS.2020.ki5krcs.chn_12,HighSevS.2020.ki5krcs.chn_12,lt_Watershed_20,0.059,0.356,0.298,0.174,0.113,0.139,0.609,0.252,0.06,0.020673513267238174,0.17057336172613094,0.1318518540080879,0.2810278185531135,0.39587345244542965,0.07631600849970296,0.30383136766803615,0.6198526238322611,0.03253877243160386,6180.1,19684.870258712435,63.04,1.97
lt_Watershed_1_HighSevS.2020.ki5krcs.chn_12,HighSevS.2020.ki5krcs.chn_12,lt_Watershed_1,0.096,0.006,0.044,0.73,0.123,0.178,0.117,0.705,0.076,0.09047224634424042,0.00011259028198856405,0.036236192820903006,0.7676024033902225,0.1055765671626455,0.17411072096508298,0.10853359637026418,0.7173556826646529,0.07431315197794974,1196.5,1257.0092514858188,77.57,2.43
lt_Watershed_2_HighSevS.2020.ki5krcs.chn_12,HighSevS.2020.ki5krcs.chn_12,lt_Watershed_2,0.078,0.004,0.042,0.757,0.119,0.162,0.116,0.723,0.069,0.07993908965474171,0.00010142333046818677,0.03918000229909857,0.7716678960424915,0.10911158867320024,0.1646011918480582,0.11126790633287609,0.724130901819066,0.07023012130258771,453.9,440.34683030640605,70.8,2.21
lt_Watershed_3_HighSevS.2020.ki5krcs.chn_12,HighSevS.2020.ki5krcs.chn_12,lt_Watershed_3,0.078,0.014,0.05,0.732,0.126,0.161,0.129,0.709,0.069,0.0796211761685856,0.0085493284377582,0.05070646532232185,0.7512900844564379,0.10983294561489665,0.16469795871278287,0.12669089836053968,0.7086111429266777,0.07027525000250259,886.6,866.0332900268975,70.6,2.21
lt_Watershed_5_HighSevS.2020.ki5krcs.chn_12,HighSevS.2020.ki5krcs.chn_12,lt_Watershed_5,0.09,0.002,0.09,0.697,0.122,0.178,0.145,0.677,0.076,0.08253555093453607,0.00011310685296184586,0.084994065760408,0.7143157569056227,0.11804151954647121,0.1711865587436388,0.14146226345610852,0.6873511778002526,0.07305847905938885,5969.5,6430.96361496688,77.59,2.43
lt_Watershed_6_HighSevS.2020.ki5krcs.chn_12,HighSevS.2020.ki5krcs.chn_12,lt_Watershed_6,0.077,0.002,0.028,0.769,0.123,0.159,0.104,0.736,0.068,0.07837043727813954,0.00010046029634407302,0.02638275404660834,0.7775225369694596,0.11762381140944854,0.1609119295419504,0.10177879708394187,0.7373092733741079,0.06865131200923393,1066.0,974.5015522522884,69.74,2.18
lt_Watershed_4_HighSevS.2020.ki5krcs.chn_12,HighSevS.2020.ki5krcs.chn_12,lt_Watershed_4,0.11,0.007,0.107,0.642,0.133,0.197,0.158,0.645,0.084,0.07522537146002954,0.001777650890901914,0.07968357840696913,0.7112641357057927,0.1320492635363069,0.1624537559387735,0.13861946436740302,0.6989267796938237,0.06931630011262319,10899.7,17320.889119515323,85.57,2.68
lt_Watershed_8_HighSevS.2020.ki5krcs.chn_12,HighSevS.2020.ki5krcs.chn_12,lt_Watershed_8,0.048,0.025,0.147,0.532,0.249,0.131,0.196,0.672,0.056,0.05133015479445518,0.007178162329191661,0.14793437618071933,0.573005274747999,0.22055203194763554,0.13927183036863885,0.18349093370957112,0.6772372359217907,0.059400951802501975,327.9,279.6272077648066,58.17,1.82
lt_Watershed_7_Ward_HighSevS.2020.ki5krcs.chn_12,HighSevS.2020.ki5krcs.chn_12,lt_Watershed_7_Ward,0.151,0.277,0.326,0.169,0.077,0.236,0.552,0.212,0.101,0.04592560837620929,0.10678147952604895,0.15956920361622046,0.4130361502502495,0.27468755823127183,0.12048528921400653,0.27563734080527286,0.6038773699807207,0.0514108326293641,57060.8,152230.6823643677,103.41,3.23
lt_Watershed_10_HighSevS.2020.ki5krcs.chn_12,HighSevS.2020.ki5krcs.chn_12,lt_Watershed_10,0.041,0.225,0.155,0.17,0.409,0.09,0.365,0.544,0.039,0.014337827065544758,0.09753707723859809,0.07487024303538546,0.20004600200615122,0.6132088506543205,0.04994000254462007,0.17741448320215697,0.772645514253223,0.021291181768561745,4146.4,15470.861149546849,41.26,1.29
lt_Watershed_9_Blackwood_HighSevS.2020.ki5krcs.chn_12,HighSevS.2020.ki5krcs.chn_12,lt_Watershed_9_Blackwood,0.091,0.235,0.371,0.202,0.102,0.189,0.549,0.263,0.081,0.0315345186101387,0.12165555620348596,0.15864253816167023,0.33527924967758077,0.35288813734712443,0.09820073988033162,0.2816935607795122,0.6201056993401564,0.041887865404758216,61499.0,329656.6234606923,83.73,2.62
lt_Watershed_12_Meeks_HighSevS.2020.ki5krcs.chn_12,HighSevS.2020.ki5krcs.chn_12,lt_Watershed_12_Meeks,0.097,0.227,0.248,0.234,0.193,0.173,0.448,0.38,0.074,0.01262005290402254,0.05728873893614283,0.053159906908851695,0.190047407773826,0.6868838934771567,0.042651486631399026,0.11899683589570473,0.8383516774728961,0.018180385444123016,1373.7,26301.378708329623,76.67,2.4
lt_Watershed_13_HighSevS.2020.ki5krcs.chn_12,HighSevS.2020.ki5krcs.chn_12,lt_Watershed_13,0.053,0.026,0.023,0.612,0.286,0.118,0.108,0.774,0.051,0.053359577349200014,0.004363924287629476,0.002266927167381668,0.6888536929966361,0.2511558781991521,0.12203441458818454,0.07779331389434377,0.8001722715174711,0.05202713723372988,275.4,244.5528758057101,52.09,1.63
lt_Watershed_14_HighSevS.2020.ki5krcs.chn_12,HighSevS.2020.ki5krcs.chn_12,lt_Watershed_14,0.048,0.049,0.045,0.544,0.313,0.112,0.142,0.747,0.048,0.05835844829378736,0.0001009817224537534,0.00010095454698867261,0.7165911840274203,0.22484843140935012,0.12932227692191658,0.07470611799887952,0.7959716050792041,0.05514168995641541,171.0,120.5971950064563,49.62,1.55
lt_Watershed_15_HighSevS.2020.ki5krcs.chn_12,HighSevS.2020.ki5krcs.chn_12,lt_Watershed_15,0.038,0.024,0.087,0.461,0.39,0.102,0.141,0.757,0.044,0.040096615174860975,0.005647858671523917,0.07935839462943557,0.5064271655192985,0.368469966004882,0.10697752582808243,0.12093005724815561,0.7720924169237628,0.04561364437847509,181.8,158.24951654975123,45.39,1.42
lt_Watershed_16_HighSevS.2020.ki5krcs.chn_12,HighSevS.2020.ki5krcs.chn_12,lt_Watershed_16,0.028,0.024,0.083,0.386,0.48,0.084,0.129,0.787,0.036,0.02948313267507445,0.001481197228648851,0.07233317912197659,0.4118108724922194,0.4848916184820812,0.08551470984654123,0.10138040629507922,0.8131048838583801,0.03645430668325805,335.5,281.0376101307456,37.44,1.17
lt_Watershed_17_HighSevS.2020.ki5krcs.chn_12,HighSevS.2020.ki5krcs.chn_12,lt_Watershed_17,0.023,0.02,0.113,0.346,0.498,0.081,0.145,0.774,0.035,0.02160634165985174,0.004070259610509121,0.10690143458133468,0.3466262498266805,0.5207957143216243,0.07847854308935473,0.12446462147715696,0.7970568354334886,0.0334485521771171,559.5,532.6442642097632,36.35,1.14
lt_Watershed_18_HighSevS.2020.ki5krcs.chn_12,HighSevS.2020.ki5krcs.chn_12,lt_Watershed_18,0.128,0.178,0.25,0.137,0.307,0.195,0.39,0.416,0.083,0.01891593333792554,0.07438797950261906,0.0976821697816402,0.25634626350433276,0.5526676538734825,0.06490515124878056,0.17811922286478382,0.7569756258864357,0.02767287374949965,3062.5,36170.24678428926,85.58,2.68
lt_Watershed_19_HighSevS.2020.ki5krcs.chn_12,HighSevS.2020.ki5krcs.chn_12,lt_Watershed_19,0.026,0.152,0.117,0.158,0.547,0.067,0.261,0.673,0.029,0.009213820133919463,0.08448139367506402,0.05795246764231533,0.1461710836488694,0.7021812348998318,0.03591272808768607,0.14540768334433324,0.8186795885679807,0.015307636438512344,1819.8,13670.017783534871,30.51,0.95
lt_Watershed_11_General_HighSevS.2020.ki5krcs.chn_12,HighSevS.2020.ki5krcs.chn_12,lt_Watershed_11_General,0.133,0.304,0.4,0.097,0.066,0.227,0.63,0.143,0.097,0.01443625913630111,0.03989730801288312,0.06305716120628757,0.21907798127206077,0.6635312903724674,0.049430040296761804,0.11243351825693833,0.8381364414462998,0.02106957489146561,1382.1,27655.685983962907,99.89,3.12
lt_Watershed_20_Thinn96.2020.ki5krcs.chn_12,Thinn96.2020.ki5krcs.chn_12,lt_Watershed_20,0.026,0.174,0.147,0.251,0.402,0.082,0.316,0.602,0.035,0.01677014655292863,0.1601320360260069,0.11091951548645003,0.2341312807183545,0.4780470212162598,0.06335316111168668,0.27199718693952485,0.6646496519487883,0.02701066305515777,349.5,424.25618277147083,37.33,1.17
lt_Watershed_1_Thinn96.2020.ki5krcs.chn_12,Thinn96.2020.ki5krcs.chn_12,lt_Watershed_1,0.031,0.11,0.103,0.361,0.395,0.088,0.229,0.682,0.038,0.08433991394999917,0.00010111371405863216,0.006156386924585405,0.813366223069785,0.09603636234157191,0.16616216767499542,0.08954859019681416,0.7442892421281906,0.0708972792766933,48.2,9.12880682985865,39.74,1.24
lt_Watershed_2_Thinn96.2020.ki5krcs.chn_12,Thinn96.2020.ki5krcs.chn_12,lt_Watershed_2,0.032,0.107,0.103,0.37,0.388,0.09,0.227,0.683,0.039,0.0819727639724831,9.999998989111191e-05,0.016522516858019302,0.800330396249991,0.1010743229296157,0.16469172425827427,0.09637062700086742,0.7389376487408585,0.07026721890391661,10.7,2.2458806402295224,40.51,1.27
lt_Watershed_3_Thinn96.2020.ki5krcs.chn_12,Thinn96.2020.ki5krcs.chn_12,lt_Watershed_3,0.019,0.134,0.124,0.262,0.46,0.071,0.26,0.669,0.031,0.08351225941306104,0.00010000018947037165,0.005300011065288498,0.8140403403215211,0.09704738901065875,0.16522055543966752,0.0889419043134212,0.7458375402469111,0.07049345457758303,35.4,0.45768495084330646,32.51,1.02
lt_Watershed_5_Thinn96.2020.ki5krcs.chn_12,Thinn96.2020.ki5krcs.chn_12,lt_Watershed_5,0.026,0.116,0.121,0.32,0.417,0.083,0.245,0.672,0.036,0.07046430080767727,9.999984766604103e-05,0.09116431168542354,0.705315933287337,0.13295545437189638,0.15952624796874798,0.14538149882934825,0.695092253201904,0.06805724229624982,54.7,7.818394358515287,37.52,1.17
lt_Watershed_6_Thinn96.2020.ki5krcs.chn_12,Thinn96.2020.ki5krcs.chn_12,lt_Watershed_6,0.02,0.133,0.123,0.267,0.457,0.072,0.258,0.67,0.031,0.08244586466674934,9.999943020600506e-05,0.0093375399521796,0.8069337154584993,0.10118288049236575,0.16430252342705068,0.09138842486015965,0.7443090517127898,0.0701008705869886,13.5,0.2715366238477229,32.86,1.03
lt_Watershed_4_Thinn96.2020.ki5krcs.chn_12,Thinn96.2020.ki5krcs.chn_12,lt_Watershed_4,0.028,0.111,0.115,0.341,0.405,0.086,0.238,0.676,0.037,0.07057462361684137,0.0006041794129988305,0.06759165447249561,0.7226007726152697,0.13862876988239442,0.15637393919944964,0.12908447514378593,0.7145415856567643,0.06670899488399087,340.8,64.47584788751598,38.81,1.21
lt_Watershed_8_Thinn96.2020.ki5krcs.chn_12,Thinn96.2020.ki5krcs.chn_12,lt_Watershed_8,0.018,0.135,0.126,0.258,0.463,0.071,0.261,0.668,0.03,0.04570504761610517,0.012211710436412188,0.14735919035606215,0.538372002260069,0.2563520493313513,0.13009666500498113,0.18446879986239242,0.6854345351326263,0.05548141665427761,41.1,0.38621148896698826,32.23,1.01
lt_Watershed_7_Ward_Thinn96.2020.ki5krcs.chn_12,Thinn96.2020.ki5krcs.chn_12,lt_Watershed_7_Ward,0.035,0.133,0.138,0.32,0.374,0.096,0.275,0.629,0.041,0.030806998685659063,0.11641023947021488,0.11776880529189089,0.355407752673771,0.3796062038784643,0.09084158411695137,0.24629223312358897,0.6628661827594597,0.0387425205247163,2220.9,2436.787250539127,43.29,1.35
lt_Watershed_10_Thinn96.2020.ki5krcs.chn_12,Thinn96.2020.ki5krcs.chn_12,lt_Watershed_10,0.021,0.152,0.135,0.245,0.447,0.074,0.284,0.643,0.032,0.013773055829710282,0.09488982053342004,0.06680121861948851,0.1829828276336699,0.6415530773837113,0.04598341289415568,0.16662619609809817,0.7873903910077462,0.019606029387313813,320.7,79.32392576917441,33.62,1.05
lt_Watershed_9_Blackwood_Thinn96.2020.ki5krcs.chn_12,Thinn96.2020.ki5krcs.chn_12,lt_Watershed_9_Blackwood,0.07,0.174,0.223,0.289,0.244,0.145,0.38,0.475,0.062,0.02344018346902033,0.1302547940283222,0.13098619667673353,0.2986608438826418,0.4166579819432821,0.08064569451219264,0.26466363097005974,0.6546906745177477,0.034388351852186694,2961.7,7217.988511821926,64.73,2.02
lt_Watershed_12_Meeks_Thinn96.2020.ki5krcs.chn_12,Thinn96.2020.ki5krcs.chn_12,lt_Watershed_12_Meeks,0.049,0.196,0.222,0.275,0.258,0.123,0.4,0.477,0.053,0.009973033976892847,0.05664075513750911,0.038899001569542464,0.15675326995674255,0.7377339393593133,0.03369929703378382,0.10363440745137935,0.8626662955148371,0.014362979055529041,190.9,367.91623482730216,55.56,1.74
lt_Watershed_13_Thinn96.2020.ki5krcs.chn_12,Thinn96.2020.ki5krcs.chn_12,lt_Watershed_13,0.022,0.124,0.115,0.297,0.443,0.075,0.245,0.68,0.032,0.05468649378067691,0.00010284869598121602,0.00010284470532563227,0.7075343270048587,0.23757348581315724,0.12475409238698164,0.07376756317698846,0.8014783444360296,0.05318620358959377,44.3,4.011237977023446,34.17,1.07
lt_Watershed_14_Thinn96.2020.ki5krcs.chn_12,Thinn96.2020.ki5krcs.chn_12,lt_Watershed_14,0.018,0.135,0.125,0.257,0.464,0.07,0.261,0.669,0.03,0.053170228871922805,0.00010000315755024406,0.00010000315755024406,0.6927333304923076,0.25389643432066916,0.12177192925690436,0.07222317202005739,0.8060048987230384,0.05191382835091132,58.8,0.23580953526082846,32.07,1.0
lt_Watershed_15_Thinn96.2020.ki5krcs.chn_12,Thinn96.2020.ki5krcs.chn_12,lt_Watershed_15,0.019,0.134,0.127,0.259,0.462,0.071,0.261,0.668,0.03,0.04058659930639298,0.0005468804880840917,0.15047613437580265,0.4929901022277861,0.315400283601934,0.12114308378023816,0.17054352114228213,0.7083133950774796,0.05166008748983184,24.3,0.37443226633418036,32.36,1.01
lt_Watershed_16_Thinn96.2020.ki5krcs.chn_12,Thinn96.2020.ki5krcs.chn_12,lt_Watershed_16,0.018,0.133,0.125,0.256,0.468,0.07,0.259,0.671,0.03,0.015730164658188318,0.002553194443541661,0.09604804525631355,0.2701700617246617,0.6154985339172948,0.06274313831801198,0.10643278857013787,0.8308240731118501,0.0267397073038668,52.2,1.1232729824602394,31.91,1.0
lt_Watershed_17_Thinn96.2020.ki5krcs.chn_12,Thinn96.2020.ki5krcs.chn_12,lt_Watershed_17,0.018,0.126,0.124,0.258,0.473,0.07,0.251,0.679,0.03,0.017199112909128993,0.002730581571422025,0.10426696453077548,0.29490519700214307,0.5808981439865303,0.06839505692833478,0.11566735707442677,0.8159375859972383,0.02914846451987614,63.9,4.5858689706041735,31.91,1.0
lt_Watershed_18_Thinn96.2020.ki5krcs.chn_12,Thinn96.2020.ki5krcs.chn_12,lt_Watershed_18,0.037,0.154,0.169,0.221,0.419,0.094,0.31,0.595,0.04,0.013178683069059163,0.07562183754635056,0.06806297180209785,0.1919985844622009,0.6511379231202916,0.0465478299810597,0.14929137508227466,0.8041607949366657,0.019843263046227626,262.7,305.5069906982525,42.7,1.34
lt_Watershed_19_Thinn96.2020.ki5krcs.chn_12,Thinn96.2020.ki5krcs.chn_12,lt_Watershed_19,0.044,0.197,0.205,0.209,0.346,0.108,0.38,0.512,0.046,0.009633684757948565,0.08972074411706203,0.06535327704582224,0.15131591550074677,0.6839763785784202,0.03840350184919099,0.15702133491829343,0.8045751632325153,0.0163699141463153,105.6,456.82476058794197,48.86,1.53
lt_Watershed_11_General_Thinn96.2020.ki5krcs.chn_12,Thinn96.2020.ki5krcs.chn_12,lt_Watershed_11_General,0.037,0.219,0.215,0.23,0.299,0.105,0.413,0.482,0.045,0.011609818070797081,0.05305170986096315,0.04050003678881447,0.1790282055730163,0.7158102297064091,0.037879118184965546,0.10362517226693146,0.8584957095481031,0.016144799897431936,256.6,110.19919838121643,47.65,1.49
lt_Watershed_20_Thinn93.2020.ki5krcs.chn_12,Thinn93.2020.ki5krcs.chn_12,lt_Watershed_20,0.026,0.174,0.146,0.251,0.402,0.082,0.316,0.602,0.035,0.016805272239308337,0.1600180803193653,0.11098137531580012,0.2345178629093222,0.47767740921620394,0.06343961085896506,0.2719722431861011,0.6645881459549338,0.02704753581127682,355.3,431.9032842681911,37.31,1.17
lt_Watershed_1_Thinn93.2020.ki5krcs.chn_12,Thinn93.2020.ki5krcs.chn_12,lt_Watershed_1,0.031,0.109,0.102,0.367,0.391,0.089,0.227,0.683,0.038,0.08439824449508539,0.00010118436437917188,0.006165981658127175,0.8134069953306701,0.09592759415173822,0.16622655916268658,0.0895604714070312,0.7442129694302824,0.07092487904151122,48.8,9.80450943010543,40.22,1.26
lt_Watershed_2_Thinn93.2020.ki5krcs.chn_12,Thinn93.2020.ki5krcs.chn_12,lt_Watershed_2,0.033,0.105,0.101,0.379,0.382,0.091,0.225,0.684,0.039,0.08193650749004792,9.999982392770505e-05,0.0167920960594463,0.8000010859246972,0.10117031070188072,0.16467974726513612,0.09654907655099934,0.7387711761838645,0.07026209596741802,10.9,2.460041036715879,41.15,1.29
lt_Watershed_3_Thinn93.2020.ki5krcs.chn_12,Thinn93.2020.ki5krcs.chn_12,lt_Watershed_3,0.019,0.134,0.124,0.263,0.459,0.071,0.26,0.669,0.031,0.08345585701368388,0.0002351994261539082,0.0057251170503829305,0.813430120424656,0.09715370608512301,0.16519343863335562,0.08934904930307028,0.7454575120635738,0.07048188825124041,35.4,0.5107010974491435,32.57,1.02
lt_Watershed_5_Thinn93.2020.ki5krcs.chn_12,Thinn93.2020.ki5krcs.chn_12,lt_Watershed_5,0.026,0.114,0.12,0.327,0.412,0.084,0.244,0.672,0.036,0.07048600272917621,0.00010000006421021258,0.0909720636832018,0.7055249818127547,0.13291695171065726,0.1595280813657945,0.14525155641878293,0.6952203622154227,0.06805803013844046,55.6,8.745900262479303,38.08,1.19
lt_Watershed_6_Thinn93.2020.ki5krcs.chn_12,Thinn93.2020.ki5krcs.chn_12,lt_Watershed_6,0.02,0.132,0.123,0.27,0.455,0.072,0.257,0.67,0.031,0.0821703519348257,0.00010000040092290069,0.010384901564114939,0.805088737914391,0.10225600818574508,0.16406535121837867,0.09202291647810626,0.7439117323035147,0.069999449113215,13.6,0.3350958042604122,33.05,1.03
lt_Watershed_4_Thinn93.2020.ki5krcs.chn_12,Thinn93.2020.ki5krcs.chn_12,lt_Watershed_4,0.028,0.11,0.115,0.346,0.401,0.087,0.236,0.677,0.037,0.07033671561836953,0.0006266217298935204,0.06896538130614892,0.7207452064737779,0.13932607487181026,0.15624218651487098,0.12999780905371794,0.7137600044314113,0.0666526339897326,344.5,69.47301812043388,39.2,1.23
lt_Watershed_8_Thinn93.2020.ki5krcs.chn_12,Thinn93.2020.ki5krcs.chn_12,lt_Watershed_8,0.019,0.135,0.126,0.258,0.462,0.071,0.261,0.668,0.03,0.046052619669240145,0.01160003500378693,0.14661693491687047,0.5414723484487936,0.2542580619613088,0.13059455543313037,0.1835939208918723,0.6858115236749973,0.0556939366154717,41.1,0.4539861145870912,32.27,1.01
lt_Watershed_7_Ward_Thinn93.2020.ki5krcs.chn_12,Thinn93.2020.ki5krcs.chn_12,lt_Watershed_7_Ward,0.038,0.131,0.139,0.322,0.369,0.1,0.275,0.626,0.043,0.031176017968880615,0.11484627640636025,0.11820691791946819,0.35898569285954396,0.3767850948457472,0.09165726124298326,0.24544604670221323,0.6628966920548037,0.03909053342150277,2283.1,2565.5775467537783,44.86,1.4
lt_Watershed_10_Thinn93.2020.ki5krcs.chn_12,Thinn93.2020.ki5krcs.chn_12,lt_Watershed_10,0.021,0.152,0.135,0.244,0.448,0.073,0.284,0.643,0.031,0.013833240645576731,0.09552004005983211,0.06690580715338983,0.18271889594522286,0.6410220161959785,0.04603953665351905,0.16731148708215987,0.7866489762643212,0.019630176510456863,323.5,85.90799024190446,33.53,1.05
lt_Watershed_9_Blackwood_Thinn93.2020.ki5krcs.chn_12,Thinn93.2020.ki5krcs.chn_12,lt_Watershed_9_Blackwood,0.086,0.172,0.218,0.287,0.237,0.16,0.374,0.466,0.069,0.02362701785306018,0.12930095169529696,0.13146015920032475,0.3004921851528483,0.4151196860984696,0.08111383777446068,0.2642742045602494,0.6546119576652898,0.034588076763411676,3137.1,7454.940236397524,71.08,2.22
lt_Watershed_13_Thinn93.2020.ki5krcs.chn_12,Thinn93.2020.ki5krcs.chn_12,lt_Watershed_13,0.022,0.123,0.114,0.299,0.442,0.075,0.244,0.68,0.032,0.05462212536507673,0.00010272667781061144,0.00010272285640891595,0.7069077641568698,0.23826466094383358,0.12462766853930912,0.07370218248383172,0.8016701489768588,0.053132262933283256,44.4,4.1888999132557645,34.25,1.07
lt_Watershed_14_Thinn93.2020.ki5krcs.chn_12,Thinn93.2020.ki5krcs.chn_12,lt_Watershed_14,0.018,0.135,0.125,0.257,0.464,0.07,0.261,0.669,0.03,0.05316917206271061,0.00010000142870453043,0.00010000142870453043,0.6927322732414454,0.25389855183843485,0.12177076741507036,0.07222305897306273,0.8060061736118669,0.051913330419626966,58.8,0.25959502339260154,32.08,1.0
lt_Watershed_15_Thinn93.2020.ki5krcs.chn_12,Thinn93.2020.ki5krcs.chn_12,lt_Watershed_15,0.019,0.134,0.127,0.259,0.461,0.071,0.261,0.668,0.03,0.040445649455622464,0.0005583748198659543,0.15016550651452226,0.49170938748903836,0.31712108172095105,0.12080980069160147,0.17017673575868403,0.7090134635497146,0.05151787347730866,24.3,0.41518458785141416,32.4,1.01
lt_Watershed_16_Thinn93.2020.ki5krcs.chn_12,Thinn93.2020.ki5krcs.chn_12,lt_Watershed_16,0.018,0.133,0.125,0.256,0.468,0.07,0.259,0.672,0.03,0.015730152423803684,0.0025531652322264738,0.09604824249720408,0.2701699533676675,0.6154984864790983,0.06274315697411284,0.10643290371275792,0.8308239393131294,0.026739715256002182,52.1,1.1396400567477352,31.91,1.0
lt_Watershed_17_Thinn93.2020.ki5krcs.chn_12,Thinn93.2020.ki5krcs.chn_12,lt_Watershed_17,0.018,0.126,0.124,0.258,0.473,0.07,0.251,0.679,0.03,0.01719762630683336,0.0027045741201225503,0.10394809719090305,0.29471986175818066,0.5814298406239605,0.06830794112817379,0.11537048842659586,0.8163215704452305,0.029111344626656373,64.0,4.743870851659042,31.9,1.0
lt_Watershed_18_Thinn93.2020.ki5krcs.chn_12,Thinn93.2020.ki5krcs.chn_12,lt_Watershed_18,0.035,0.143,0.158,0.211,0.453,0.089,0.29,0.621,0.038,0.013308573965876055,0.07636932674195002,0.06904519564727177,0.19415463656582962,0.6471222670790724,0.04709841926746753,0.1510380683104937,0.8018635124220386,0.02007794057538013,282.2,314.86745610211335,40.2,1.26
lt_Watershed_19_Thinn93.2020.ki5krcs.chn_12,Thinn93.2020.ki5krcs.chn_12,lt_Watershed_19,0.044,0.196,0.205,0.209,0.346,0.108,0.38,0.512,0.046,0.009627753192330375,0.08964203221212569,0.06530909615903906,0.15124945114530874,0.6841716672911963,0.03838166814527318,0.15690085200071963,0.8047174798540073,0.016360601721926212,105.7,457.8873355456467,48.86,1.53
lt_Watershed_11_General_Thinn93.2020.ki5krcs.chn_12,Thinn93.2020.ki5krcs.chn_12,lt_Watershed_11_General,0.037,0.22,0.218,0.232,0.292,0.106,0.416,0.477,0.046,0.01179214893591327,0.05250060982277664,0.04093826810432562,0.18146746438752212,0.7133015087494621,0.038395402480290663,0.10367351965339186,0.8579310778663172,0.016364909527172025,257.8,114.69328393394383,48.32,1.51
lt_Watershed_12_Meeks_Thinn93.2020.ki5krcs.chn_12,Thinn93.2020.ki5krcs.chn_12,lt_Watershed_12_Meeks,0.05,0.196,0.223,0.275,0.256,0.124,0.401,0.475,0.053,0.010003476805889696,0.05657722136445228,0.03878971725663218,0.1570536783869193,0.7375759061861067,0.0337364213073441,0.10351589083217469,0.8627476878604814,0.014378820595074187,189.9,372.79651611365307,55.79,1.74
lt_Watershed_20_Thinn85.2020.ki5krcs.chn_12,Thinn85.2020.ki5krcs.chn_12,lt_Watershed_20,0.026,0.174,0.146,0.251,0.403,0.082,0.316,0.603,0.035,0.016898267538444738,0.15973491142935098,0.11115220647929527,0.23553589214722612,0.47667872240568276,0.06366943642815143,0.2719297351248265,0.664400828447022,0.027145562827312866,372.2,455.45171199704333,37.22,1.16
lt_Watershed_1_Thinn85.2020.ki5krcs.chn_12,Thinn85.2020.ki5krcs.chn_12,lt_Watershed_1,0.034,0.104,0.098,0.387,0.378,0.093,0.221,0.686,0.04,0.08458009815639256,0.00010140926051017736,0.006221410557688599,0.8131502761893225,0.09594680583608589,0.16639469312680777,0.08957773091421603,0.7440275759589758,0.07099710065923592,50.9,12.016389685317204,41.68,1.3
lt_Watershed_2_Thinn85.2020.ki5krcs.chn_12,Thinn85.2020.ki5krcs.chn_12,lt_Watershed_2,0.036,0.099,0.096,0.404,0.365,0.096,0.217,0.687,0.041,0.08184780881059285,9.999937373287611e-05,0.01743119579360926,0.7992206887535577,0.10140030726850745,0.16464863930964663,0.09697216448526058,0.738379196205093,0.0702487865288186,11.5,3.1430480119649444,43.02,1.34
lt_Watershed_3_Thinn85.2020.ki5krcs.chn_12,Thinn85.2020.ki5krcs.chn_12,lt_Watershed_3,0.019,0.134,0.124,0.264,0.459,0.071,0.259,0.669,0.031,0.08246471814254529,0.0026300444379045006,0.013255817781722138,0.8026059290153409,0.099043490622487,0.16471968266700743,0.09655990128527872,0.7387204160477137,0.07027983670215124,35.4,0.5481471525430097,32.61,1.02
lt_Watershed_5_Thinn85.2020.ki5krcs.chn_12,Thinn85.2020.ki5krcs.chn_12,lt_Watershed_5,0.029,0.109,0.119,0.347,0.398,0.088,0.238,0.674,0.038,0.07077629605873642,9.999995510401004e-05,0.08900763038219581,0.7079776066941875,0.1321384669097761,0.1596466891321043,0.143956691422852,0.6963966194450435,0.06810877722475142,58.5,11.742937249806989,39.76,1.24
lt_Watershed_6_Thinn85.2020.ki5krcs.chn_12,Thinn85.2020.ki5krcs.chn_12,lt_Watershed_6,0.021,0.13,0.121,0.279,0.449,0.074,0.254,0.671,0.032,0.0815511082497852,0.00010000025099959706,0.012725003795153856,0.8009713710731323,0.10465251663092898,0.16353224978680275,0.09344105083698176,0.7430266993762155,0.06977147336579326,13.8,0.5760478492022196,33.77,1.06
lt_Watershed_4_Thinn85.2020.ki5krcs.chn_12,Thinn85.2020.ki5krcs.chn_12,lt_Watershed_4,0.03,0.105,0.113,0.361,0.39,0.09,0.232,0.678,0.038,0.06993522379585977,0.0006804335015231319,0.07102888678925173,0.7178003155121113,0.1405551404012538,0.1559845501440909,0.13137345799150232,0.7126419918644066,0.06654242407096517,359.2,85.78396522931426,40.48,1.27
lt_Watershed_8_Thinn85.2020.ki5krcs.chn_12,Thinn85.2020.ki5krcs.chn_12,lt_Watershed_8,0.019,0.134,0.126,0.26,0.461,0.071,0.261,0.668,0.03,0.04685795873723735,0.01018252179058575,0.14489509623904653,0.548663758325057,0.24940066490807336,0.1317485361178568,0.1815657835889994,0.6866856802931438,0.0561865008094414,41.3,0.675855902315173,32.42,1.01
lt_Watershed_7_Ward_Thinn85.2020.ki5krcs.chn_12,Thinn85.2020.ki5krcs.chn_12,lt_Watershed_7_Ward,0.038,0.13,0.141,0.332,0.36,0.1,0.275,0.624,0.043,0.03204270884471008,0.11116666099926126,0.11924579327080599,0.3673952525434056,0.3701495843418173,0.0935757012266473,0.24346069815444138,0.6629636006189116,0.039909044095576204,2521.2,2945.0231400037133,45.24,1.41
lt_Watershed_10_Thinn85.2020.ki5krcs.chn_12,Thinn85.2020.ki5krcs.chn_12,lt_Watershed_10,0.021,0.152,0.134,0.241,0.453,0.073,0.283,0.645,0.031,0.014026532828869353,0.09643206263941514,0.06739646886019866,0.1830519309072323,0.6390930047642849,0.04636932891818727,0.16864527738446405,0.784985393697349,0.019771245879106586,333.8,107.43252440724025,33.32,1.04
lt_Watershed_9_Blackwood_Thinn85.2020.ki5krcs.chn_12,Thinn85.2020.ki5krcs.chn_12,lt_Watershed_9_Blackwood,0.087,0.164,0.21,0.298,0.242,0.16,0.36,0.48,0.069,0.024161295246548,0.12666401038318317,0.1326952953170815,0.305682719697081,0.4107966793561062,0.08242259180846322,0.2631516012368569,0.6544258069546798,0.035146446466583825,3325.6,8171.017186561455,71.07,2.22
lt_Watershed_13_Thinn85.2020.ki5krcs.chn_12,Thinn85.2020.ki5krcs.chn_12,lt_Watershed_13,0.022,0.122,0.113,0.304,0.44,0.076,0.242,0.682,0.033,0.05446301415065975,0.00010242884506455572,0.00010242544274622875,0.7053524199740234,0.239979711587506,0.12431451549650752,0.07353989419668978,0.8021455903068027,0.05299865299938918,44.9,4.704871117997181,34.48,1.08
lt_Watershed_14_Thinn85.2020.ki5krcs.chn_12,Thinn85.2020.ki5krcs.chn_12,lt_Watershed_14,0.018,0.135,0.125,0.258,0.464,0.07,0.261,0.669,0.03,0.05317018083163947,9.999765880148256e-05,9.999765880148256e-05,0.6927298325142038,0.2538999913365537,0.12177153375655277,0.07222279839307306,0.8060056678503742,0.05191366033166203,58.9,0.3290971374903808,32.11,1.0
lt_Watershed_15_Thinn85.2020.ki5krcs.chn_12,Thinn85.2020.ki5krcs.chn_12,lt_Watershed_15,0.019,0.133,0.127,0.261,0.461,0.071,0.26,0.669,0.031,0.04021556172442644,0.000576875107162265,0.1496630455677767,0.48965585158529484,0.31988866601534005,0.12027039364617152,0.16958522662500877,0.71014437972882,0.051287695847461234,24.5,0.5680762943172797,32.53,1.02
lt_Watershed_16_Thinn85.2020.ki5krcs.chn_12,Thinn85.2020.ki5krcs.chn_12,lt_Watershed_16,0.018,0.133,0.125,0.256,0.468,0.07,0.258,0.672,0.03,0.01573176614318532,0.0025523227873877,0.09604478069790112,0.27019456291057187,0.6154765674609539,0.06274647659858906,0.10643188930073116,0.8308216341006798,0.026741129580481623,52.2,1.1951839021952033,31.91,1.0
lt_Watershed_17_Thinn85.2020.ki5krcs.chn_12,Thinn85.2020.ki5krcs.chn_12,lt_Watershed_17,0.018,0.125,0.124,0.258,0.474,0.07,0.25,0.68,0.03,0.017190143374603298,0.002636033614083834,0.10309101729384666,0.2941590365393962,0.5829237691780702,0.06806409264100517,0.11456738605902606,0.817368521299969,0.029007442598805656,64.4,5.2349533102279775,31.89,1.0
lt_Watershed_18_Thinn85.2020.ki5krcs.chn_12,Thinn85.2020.ki5krcs.chn_12,lt_Watershed_18,0.035,0.142,0.157,0.212,0.455,0.089,0.287,0.624,0.038,0.013685773359190596,0.07806631799064465,0.07176092855134247,0.20051509625332745,0.6359718838454951,0.04867832381260328,0.15553926062799991,0.7957824155593971,0.020751314383353342,287.0,344.6371486646185,40.27,1.26
lt_Watershed_19_Thinn85.2020.ki5krcs.chn_12,Thinn85.2020.ki5krcs.chn_12,lt_Watershed_19,0.044,0.196,0.204,0.208,0.348,0.108,0.379,0.513,0.046,0.009608094035369127,0.08939414160118603,0.06516359822249486,0.15103014063302173,0.6848040255079284,0.0383095971829847,0.15651535522456875,0.8051750475924467,0.016329862087784808,106.0,461.565454783474,48.79,1.53
lt_Watershed_11_General_Thinn85.2020.ki5krcs.chn_12,Thinn85.2020.ki5krcs.chn_12,lt_Watershed_11_General,0.041,0.213,0.214,0.23,0.302,0.109,0.406,0.485,0.047,0.012237232647955967,0.0510030537223183,0.04218023241902095,0.18756180976971681,0.7070176714409878,0.03970588085557135,0.10378968531697638,0.8565044338274521,0.016923589734013103,262.4,129.18907708020527,49.35,1.54
lt_Watershed_12_Meeks_Thinn85.2020.ki5krcs.chn_12,Thinn85.2020.ki5krcs.chn_12,lt_Watershed_12_Meeks,0.05,0.196,0.222,0.275,0.257,0.124,0.4,0.476,0.053,0.010082066911340004,0.056372439144873034,0.03846141600841833,0.15777127165356983,0.737312806281799,0.033816781582819685,0.10312670862748637,0.8630565097896941,0.014413127555172444,191.8,389.88002210760345,55.91,1.75
