scenario,day,etorc,kcb,rawp,kcbadj,kcbcon,lai,root_depth,effective_root_depth,taw,raw,root_water,plant_stress,ep,es,etke,etkr,eaj,kcmax,kecon,surface_water,tew,rew,resint,fin,potes,bpotes,P,RM,Q,soil_water,soil_water_total,field_capacity,wilting_point
burned,173,12.272262000000001,0.9499999900000001,0.80000001,1.0987616145670676,0.6737367770275022,2.2559212239502004,0.4003165309143983,0.4003165309143983,49.3591458243652,20.754437026798904,11.240700677273686,0.5281812499437293,3.841589974924386,0.9468120691266063,0.4250248406253077,0.5137642266884715,0.7184867497644967,1.3487616478933673,0.21435468226015392,11.240700677273686,23.14252551895618,7.469655402426674,0.7731392789948653,0.3470900290609833,5.2160164802771325,4.442877092241683,1.3000000000000003,1.3000000000000003,0.0,291.557513540128,291.557513540128,349.02420623197577,204.11634451712737
burned,174,10.149651,0.9499999900000001,0.80000001,1.0773212279805866,0.6585384271013576,2.255923270570444,0.4003165309143983,0.4003165309143983,49.3591458243652,26.36774851016389,14.191858889006118,0.811569244531195,4.803310513849616,2.1804753911655066,0.41878278998030527,0.8272541868910459,0.7184867191124604,1.32732124356756,0.35511666895208244,14.191858889006118,23.14252551895618,7.469655402426674,1.0230207644995428,2.314856483864387,4.250499094105648,3.2274782650432585,3.7,3.7,0.0,291.52214953928393,291.52214953928393,349.02420623197577,204.11634451712737
burned,175,8.3442545,0.9499999900000001,0.80000001,1.0304699857593023,0.6253264328761342,2.255924985306324,0.4003165309143983,0.4003165309143983,49.3591458243652,31.65363169402828,10.719547624027573,0.7708066351382148,3.6666361545755084,7.539223078145883e-05,0.4051435648427938,0.46908883397552226,0.7184866980616056,1.2804701080467045,0.18255591707830104,10.719547624027573,23.14252551895618,7.469655402426674,0.0,0.0,3.3806212701554474,3.3806212701554474,0.0,0.0,0.0,291.4867116831962,291.4867116831962,349.02420623197577,204.11634451712737
burned,176,5.5095415,0.9499999900000001,0.80000001,0.9776592540036576,0.5879274820053457,2.2563683551593163,0.4003165309143983,0.4003165309143983,49.3591458243652,38.55797084898362,10.718677533853837,0.8990207232200885,2.7572905547724553,4.394788268833088e-05,0.3897317656115918,0.4690212374277273,0.7184866474137898,1.2276593217064076,0.17649221511825636,10.718677533853837,23.14252551895618,7.469655402426674,0.0,0.0,2.1472434788928747,2.1472434788928747,0.0,0.0,0.0,291.456207357389,291.456207357389,349.02420623197577,204.11634451712737
burned,177,6.848728200000001,0.9499999900000001,0.80000001,1.0099965534676796,0.6108722501005837,2.256369475269044,0.4003165309143983,0.4003165309143983,49.3591458243652,35.25354482316944,10.71801653082929,0.8692856108011535,3.3575751216642047,5.909548607863825e-05,0.39912428836533725,0.4689699128937187,0.7184866157066786,1.2599966463810932,0.18018736660203363,10.71801653082929,23.14252551895618,7.469655402426674,0.0,0.0,2.733493789149609,2.733493789149609,0.0,0.0,0.0,291.4353126538651,291.4353126538651,349.02420623197577,204.11634451712737
burned,178,7.3549538,0.9499999900000001,0.80000001,1.021983174949708,0.6193773948969544,2.256370208180347,0.4003165309143983,0.4003165309143983,49.3591458243652,33.94062241204193,10.7174833032848,0.8416713133066047,3.5201803833509175,6.524112574523459e-05,0.40260577384187946,0.46892852276499963,0.7184865650588628,1.2719832392065835,0.1815570270814044,10.7174833032848,23.14252551895618,7.469655402426674,0.0,0.0,2.961146949034255,2.961146949034255,0.0,0.0,0.0,291.4087824435535,291.4087824435535,349.02420623197577,204.11634451712737
burned,179,6.3753467,0.9499999900000001,0.80000001,0.9875461586706056,0.5949428871006541,2.256370733663924,0.4003165309143983,0.4003165309143983,49.3591458243652,36.6673400367166,10.717058353013998,0.8803030578546809,3.124111023211648,5.2125101322360556e-05,0.3926032593001337,0.46889554867060557,0.7184865640037879,1.2375462416121545,0.17762191700151875,10.717058353013998,23.14252551895618,7.469655402426674,0.0,0.0,2.5029820771189426,2.5029820771189426,0.0,0.0,0.0,291.384906098333,291.384906098333,349.02420623197577,204.11634451712737
burned,180,8.0116549,0.9499999900000001,0.80000001,1.004405498181754,0.606905413275656,2.2563711346908635,0.4003165309143983,0.4003165309143983,49.3591458243652,32.99571131054372,10.716733382907787,0.8030747650896813,3.603211539727087,6.822700086375466e-05,0.3975001030927762,0.4688703392874727,0.7184865166886018,1.2544055474572695,0.17954839843463125,10.716733382907787,23.14252551895618,7.469655402426674,0.0,0.0,3.1846335301470075,3.1846335301470075,0.0,0.0,0.0,291.36275515228243,291.36275515228243,349.02420623197577,204.11634451712737
burned,181,7.312933400000001,0.9499999900000001,0.80000001,1.0072199294084547,0.6089024034247732,2.256371397432651,0.4003165309143983,0.4003165309143983,49.3591458243652,34.35971214686642,17.768361817050014,0.9062523885432932,3.7596528864176686,2.7798508274643035,0.39831753354997534,0.9450333199662376,0.7184803024632482,1.0654729397130194,0.38168766268270377,17.768361817050014,23.14252551895618,7.469655402426674,1.2363433402708026,4.701264587247662,2.912869732423155,1.917765168667089,6.3,6.3,0.0,291.869760849687,291.869760849687,349.02420623197577,204.11634451712737
burned,182,6.785396600000001,0.9499999900000001,0.80000001,0.9965486581529155,0.6013306712098193,2.256371591031863,0.4003165309143983,0.4003165309143983,49.3591458243652,35.663737658507415,11.836089970514172,0.8826595709207288,3.371670160012661,1.161158366888673,0.39521798144545256,0.5665115562319757,0.7184864343336745,1.2465487135119928,0.2136552016126159,11.836089970514172,23.14252551895618,7.469655402426674,0.868391875039741,0.5103519889477387,2.681710891045931,1.8133190514412323,1.5999999999999999,1.5999999999999999,0.0,291.67994443272136,291.67994443272136,349.02420623197577,204.11634451712737
burned,183,9.0039454,0.9499999900000001,0.80000001,1.040624163417036,0.6326554576373357,2.2566189969965533,0.4003165309143983,0.4003165309143983,49.3591458243652,29.965758620313707,28.553238226419072,0.9269207985721319,4.9630080450165295,3.673328291636772,0.4079687206611803,1.0,0.7184802001125413,1.0837041425546883,0.3897481529295913,28.553238226419072,23.14252551895618,7.469655402426674,1.2363442551733839,11.701108985946401,3.673328291636772,2.6357789164451018,13.3,13.3,0.0,296.87102553281284,296.87102553281284,349.02420623197577,204.11634451712737
burned,184,6.7203269,0.9499999900000001,0.80000001,1.0096755072877541,0.6106932672786101,2.2566858578673417,0.4003165309143983,0.4003165309143983,49.3591458243652,35.52242841295633,50.569265871069845,1.0,4.104058674424984,2.681291292708729,0.39898224657170994,1.0,0.7184801990574664,1.0667278458465217,0.3822424763459239,50.03974492762186,23.14252551895618,7.469655402426674,1.2363445425814168,25.700162966940983,2.681291292708729,1.69530200323697,27.3,27.3,0.0009020805089681367,317.8871477808258,317.8871477808258,349.02420623197577,204.11634451712737
burned,185,6.943419,0.9499999900000001,0.80000001,1.003870814394035,0.6065841968544701,2.2567674184497433,0.4003165309143983,0.4003165309143983,49.3591458243652,35.18627203453612,21.742017311176763,0.9593031638883027,3.927089391643807,2.6442946977527764,0.3972865897678836,1.0,0.7184863309278926,1.2538709072307799,0.3808346435239414,20.273935746711686,23.14252551895618,7.469655402426674,0.0,0.0,2.75852746215376,2.75852746215376,0.0,0.0,0.0,311.6958359710206,311.6958359710206,349.02420623197577,204.11634451712737
burned,186,8.6148052,0.9499999900000001,0.80000001,1.0555797866779209,0.6433402840472674,2.2568630979461206,0.4003165309143983,0.4003165309143983,49.3591458243652,30.403792556446508,16.781195457972856,0.9023578773637195,4.668134981585426,2.2934279668580593,0.41223953618273895,0.822675872181895,0.7184862992207814,1.305579951593163,0.3053969933232084,15.272384541112752,23.14252551895618,7.469655402426674,0.0,0.0,3.551363427734403,3.551363427734403,0.0,0.0,0.0,305.1205247239221,305.1205247239221,349.02420623197577,204.11634451712737
burned,187,8.3709383,0.9499999900000001,0.80000001,1.0133021313941057,0.6133228122564536,2.2569665628965323,0.4003165309143983,0.4003165309143983,49.3591458243652,32.02733711640993,13.91148133454315,0.8607408032003937,4.2035815998874595,0.05447336450921573,0.39997929614686645,0.5467764587669692,0.7184862485668809,1.2633022280790605,0.182183489311261,12.507726008187381,23.14252551895618,7.469655402426674,0.0,0.0,3.3482020655904896,3.3482020655904896,0.0,0.0,0.0,301.243936836182,301.243936836182,349.02420623197577,204.11634451712737
burned,188,5.0850587,0.9499999900000001,0.80000001,0.963592461659281,0.5779974235809243,2.2570504328409653,0.4003165309143983,0.4003165309143983,49.3591458243652,39.6084793540128,13.57965941385665,0.9770294498375184,2.8537689902722096,3.913227514102835e-05,0.385595047643666,0.5419017590469156,0.718486247511806,1.2135925427375676,0.17487327687494592,12.282879239698952,23.14252551895618,7.469655402426674,0.0,0.0,1.9607735371709927,1.9607735371709927,0.0,0.0,0.0,298.93454174579733,298.93454174579733,349.02420623197577,204.11634451712737
burned,189,8.8989592,0.9499999900000001,0.80000001,1.0504214954069073,0.6397592804698601,2.257118690391785,0.4003165309143983,0.4003165309143983,49.3591458243652,29.913438518323137,13.14183731159879,0.8016379681719069,4.243780028951255,8.4226415896462e-05,0.4106621727896181,0.5419017590469156,0.718486195808915,1.3004215464936346,0.1847088610491542,12.120955347738624,23.14252551895618,7.469655402426674,0.0,0.0,3.654466168319617,3.654466168319617,0.0,0.0,0.0,295.95579025110777,295.95579025110777,349.02420623197577,204.11634451712737
burned,190,8.033955599999999,0.9499999900000001,0.80000001,1.0174969663100515,0.6163573910585919,2.2571720961173245,0.4003165309143983,0.4003165309143983,49.3591458243652,32.617890752268416,12.476704872181191,0.8468416379067314,3.941271678103679,7.066387978195119e-05,0.4011395657473448,0.5419017590469156,0.7184861451610991,1.2674970190124502,0.1809711282207371,11.967051441429275,23.14252551895618,7.469655402426674,0.0,0.0,3.2227378017922206,3.2227378017922206,0.0,0.0,0.0,294.39287894773867,294.39287894773867,349.02420623197577,204.11634451712737
burned,191,6.628963000000001,0.9499999900000001,0.80000001,1.0165469883913625,0.6156968615270451,2.257222072371105,0.4003165309143983,0.4003165309143983,49.3591458243652,35.56419624203419,12.067114754884996,0.9010360103298867,3.4806224042132654,5.818864109446438e-05,0.40085009530562,0.5419017590469156,0.7184861185626605,1.2665470388197229,0.1808558445671313,11.820828307294084,23.14252551895618,7.469655402426674,0.0,0.0,2.657220690581698,2.657220690581698,0.0,0.0,0.0,293.697834986284,293.697834986284,349.02420623197577,204.11634451712737
burned,192,7.8069797,0.9499999900000001,0.80000001,1.023666848188788,0.6207749551346978,2.2572537258423013,0.4003165309143983,0.4003165309143983,49.3591458243652,32.94042044270943,11.790136431708518,0.8361035142983753,3.786945139368362,6.967424900893298e-05,0.4028919190813814,0.5419017590469156,0.718486098566881,1.2736669414644441,0.18165493072414815,11.681901650896814,23.14252551895618,7.469655402426674,0.0,0.0,3.1453691514215376,3.1453691514215376,0.0,0.0,0.0,293.2498691707111,293.2498691707111,349.02420623197577,204.11634451712737
burned,193,11.355548,0.9499999900000001,0.80000001,1.1018376010199058,0.6764401802285995,2.257289209812197,0.4003165309143983,0.4003165309143983,49.3591458243652,22.734093243862986,13.513987690750511,0.6639482180037982,4.532967495983683,1.5140112644354635,0.42539740311458113,0.7286656978926638,0.7184860668597697,1.3518377010199056,0.281750183760182,13.471072946936765,23.14252551895618,7.469655402426674,0.8734961502693959,1.2807910988351974,4.830620532503341,3.9571244990574663,2.4999999999999996,2.4999999999999996,0.0,293.112293732855,293.112293732855,349.02420623197577,204.11634451712737
burned,194,10.376116,0.9499999900000001,0.80000001,1.075110437891257,0.6574321125244426,2.2573177518674825,0.4003165309143983,0.4003165309143983,49.3591458243652,25.885300788000286,11.538320671618484,0.616391034791447,3.8309756337553624,0.00010356424468171907,0.41767830091228814,0.5419017590469156,0.7184860162119537,1.3251104907364424,0.1874440135930479,11.520125724048674,23.14252551895618,7.469655402426674,0.0,0.0,4.333878803523951,4.333878803523951,0.0,0.0,0.0,292.8336125764929,292.8336125764929,349.02420623197577,204.11634451712737
burned,195,8.624206500000001,0.9499999900000001,0.80000001,1.0177188053724415,0.6165783781339242,2.257348216086376,0.4003165309143983,0.4003165309143983,49.3591458243652,31.377277648167688,11.40433322025744,0.7700430183962861,3.803719268826053,7.595562108321024e-05,0.4011404134437645,0.5322168381479918,0.7184859645090628,1.267718870127312,0.18096325701624252,11.396135661728916,23.14252551895618,7.469655402426674,0.0,0.0,3.4595177097699943,3.4595177097699943,0.0,0.0,0.0,292.58748610818037,292.58748610818037,349.02420623197577,204.11634451712737
burned,196,10.827027,0.9499999900000001,0.80000001,1.0864703024337061,0.6655665699831189,2.2573712958781744,0.4003165309143983,0.4003165309143983,49.3591458243652,24.48042733059014,11.28231793305198,0.5821051957241331,3.78301314215376,0.00011064369355419569,0.42090374642329603,0.5197096555904902,0.7184859645090628,1.3364704340015476,0.18869953363599873,11.27835114558627,23.14252551895618,7.469655402426674,0.0,0.0,4.557136712710136,4.557136712710136,0.0,0.0,0.0,292.3620960821551,292.3620960821551,349.02420623197577,204.11634451712737
burned,197,7.2923803000000005,0.9499999900000001,0.80000001,1.006243336916368,0.6084226302398538,2.257390946198213,0.4003165309143983,0.4003165309143983,49.3591458243652,34.41181907462897,11.168442655918971,0.861834973618907,3.567588400471267,6.252510995146657e-05,0.3978207163191953,0.5084150194703524,0.7184859128061719,1.2562434279594854,0.1796606122676513,11.166401433129353,23.14252551895618,7.469655402426674,0.0,0.0,2.9010601844974326,2.9010601844974326,0.0,0.0,0.0,292.14876837588804,292.14876837588804,349.02420623197577,204.11634451712737
burned,198,7.303667099999999,0.9499999900000001,0.80000001,1.0181997872828303,0.6169520550165294,2.257409545551101,0.4003165309143983,0.4003165309143983,49.3591458243652,34.117719666666666,11.06118635896462,0.8545431106464093,3.5665381946542873,6.442415366392348e-05,0.40124773450446644,0.4982231216972638,0.7184858821541357,1.2681998461349093,0.18100037160708293,11.060078543490189,23.14252551895618,7.469655402426674,0.0,0.0,2.930580075668566,2.930580075668566,0.0,0.0,0.0,291.94564676092006,291.94564676092006,349.02420623197577,204.11634451712737
burned,199,7.4670706,0.9499999900000001,0.80000001,1.005228337122459,0.6077150439283955,2.2574239825209257,0.4003165309143983,0.4003165309143983,49.3591458243652,34.076144117113316,29.573858301751425,0.9509174236913553,4.166143548849969,2.9682601082267706,0.3975132887571217,1.0,0.7184796479390869,1.06387684347612,0.3809819847801927,29.573233145741014,23.14252551895618,7.469655402426674,1.236350583279173,12.400544995484282,2.9682600060533164,1.9713210647323627,14.0,14.0,0.0,299.2700182879652,299.2700182879652,349.02420623197577,204.11634451712737
burned,200,8.4973879,0.9499999900000001,0.80000001,1.0295991049103188,0.6250983202025743,2.257440396968418,0.4003165309143983,0.4003165309143983,49.3591458243652,31.324901887177326,13.0286594877541,0.8463852358669198,4.189117504290639,1.4821523045046383,0.40450079254835763,0.675181479129915,0.7184857787483537,1.2795992184778788,0.23736381193476502,13.02807288278821,23.14252551895618,7.469655402426674,0.25851446314341986,0.0,3.4372004390026025,3.178685917387634,0.29999999999999993,0.29999999999999993,0.0,294.43678835197295,294.43678835197295,349.02420623197577,204.11634451712737
burned,201,6.892509899999999,0.9499999900000001,0.80000001,0.9866284351318844,0.594468635498347,2.257452607547303,0.4003165309143983,0.4003165309143983,49.3591458243652,35.64853011809805,30.38544180867975,0.9817669202278961,3.9768569949286072,2.702965269800942,0.3921597913265809,1.0,0.7184795962361962,1.0538056776464795,0.3765292408728987,30.38488163909404,23.14252551895618,7.469655402426674,1.236351342850109,12.50052183272139,2.702965269800942,1.721732202549061,14.100000000000001,14.100000000000001,0.0,302.34847717521274,302.34847717521274,349.02420623197577,204.11634451712737
burned,202,4.5140023000000005,0.9499999900000001,0.80000001,0.9579484887543083,0.5740202582907786,2.2574647351550965,0.4003165309143983,0.4003165309143983,49.3591458243652,40.78118392361258,14.177552135752974,1.0,2.5911289732784692,1.1292964099641962,0.3839282334050784,0.7319423443975522,0.7184857270399315,1.2079485591052965,0.25017626624092637,14.177023203629458,23.14252551895618,7.469655402426674,0.0,0.0,1.7330531581219668,1.7330531581219668,0.0,0.0,0.0,299.0720468453261,299.0720468453261,349.02420623197577,204.11634451712737
burned,203,8.9334593,0.9499999900000001,0.80000001,1.0323841961138074,0.627114542826194,2.257473308834494,0.4003165309143983,0.4003165309143983,49.3591458243652,30.31966422831821,93.85174544010691,1.0,5.602302446444398,3.6204600201659987,0.4052696555616516,1.0,0.7184795138812688,1.078418077618344,0.38741110314553007,90.8533862558205,23.14252551895618,7.469655402426674,1.2363521342287402,54.628199172399235,3.6204600201659987,2.5874213342477317,58.7,58.7,4.2373299632313435,344.5224745023563,344.5224745023563,349.02420623197577,204.11634451712737
undisturbed,173,12.272262000000003,0.9499999900000001,0.8000000099999999,1.3602718254624744,1.3274249262502638,10.757783142800873,1.2187382320672435,1.2187382320672435,141.71883720531758,47.024058353309414,12.438969028008724,0.16264223569107408,2.634325206042063,0.08997474224400083,0.03284682261205599,0.6265975410747695,0.013285562485886615,0.256894820482521,0.003227352829894352,12.438969028008724,23.14252551895618,7.469655402426673,1.120229302947176,0.0,0.40310482741225284,0.31325779770697054,1.3,1.3,0.0,210.55694942674262,210.55694942674262,349.0242062319759,204.11634451712737
undisturbed,174,10.149650999999999,0.9499999900000001,0.8000000099999999,1.3011380529366254,1.2696873711120493,10.757785189421115,1.2187382320672435,1.2187382320672435,141.71883720531758,66.81228522416825,14.514312452345782,0.24362782754448903,3.1238805742421047,0.25172910270746296,0.031450651983350925,0.815815305206443,0.013285562485886615,0.24682833002743199,0.0050005812619931065,14.514312452345782,23.14252551895618,7.469655402426673,2.3977144608989245,0.9401628409861434,0.31921313262938733,0.08342451322501232,3.7,3.7,0.0,212.5300203981149,212.5300203981149,349.0242062319759,204.11634451712737
undisturbed,175,8.344254500000002,0.9499999900000001,0.8000000099999999,1.1719260980164592,1.1435261619188295,10.757786904156996,1.2187382320672435,1.2187382320672435,141.71883720531758,86.26186166511921,14.810601407751284,0.325115084797074,3.0994627290145598,0.03382803656066822,0.028399842682753047,0.7990233020088626,0.41542392773382925,1.4219262100865162,0.007044611895125975,14.810601407751284,23.14252551895618,7.469655402426673,0.0,0.0,0.23697553701688118,0.23697553701688118,0.0,0.0,0.0,211.76387564183725,211.76387564183725,349.0242062319759,204.11634451712737
undisturbed,176,5.5095415,0.9499999900000001,0.8000000099999999,1.0261279457972847,1.0011853342055286,10.758230274009989,1.2187382320672435,1.2187382320672435,141.71883720531758,109.66568231152846,14.232520229570234,0.5300212712189633,2.922343913511992,0.018320586565532815,0.024942597101385664,0.751739909132025,0.41542390240992116,1.276127960856721,0.006140461981180981,14.232520229570234,23.14252551895618,7.469655402426673,0.0,0.0,0.13742228838981502,0.13742228838981502,0.0,0.0,0.0,211.32901667018356,211.32901667018356,349.0242062319759,204.11634451712737
undisturbed,177,6.8487282,0.9499999900000001,0.8000000099999999,1.1151306036716608,1.0880804779559683,10.758231394119717,1.2187382320672435,1.2187382320672435,141.71883720531758,98.41210571097983,13.92554270304565,0.38283161405008087,2.847578195646057,0.023963677689356408,0.027050151691404657,0.7310298108060772,0.4154238760309384,1.3651307019132026,0.006421065024921713,13.92554270304565,23.14252551895618,7.469655402426673,0.0,0.0,0.185259137858831,0.185259137858831,0.0,0.0,0.0,211.0020686502075,211.0020686502075,349.0242062319759,204.11634451712737
undisturbed,178,7.354953799999999,0.9499999900000001,0.8000000099999999,1.1481211166279808,1.120289673461349,10.75823212703102,1.2187382320672435,1.2187382320672435,141.71883720531758,93.83276224414433,13.690225263332632,0.3408680332433003,2.8016533162762887,0.025984798475256383,0.02783135819840332,0.7185673496771471,0.4154238507070303,1.3981211304564958,0.006494640994346627,13.690225263332632,23.14252551895618,7.469655402426673,0.0,0.0,0.20469836016318493,0.20469836016318493,0.0,0.0,0.0,210.7219195329535,210.7219195329535,349.0242062319759,204.11634451712737
undisturbed,179,6.3753467,0.9499999900000001,0.8000000099999999,1.053339046641345,1.0277520978406136,10.758232652514595,1.2187382320672435,1.2187382320672435,141.71883720531758,103.64320513371318,13.489291515157909,0.4232596023035803,2.768468014911726,0.01873219099497081,0.025586890779053247,0.710016523497925,0.4154238243280475,1.3033390620524727,0.006050820276963635,13.489291515157909,23.14252551895618,7.469655402426673,0.0,0.0,0.16312530276936063,0.16312530276936063,0.0,0.0,0.0,210.47978687486813,210.47978687486813,349.0242062319759,204.11634451712737
undisturbed,180,8.0116549,0.9499999900000001,0.8000000099999999,1.099740971400436,1.0730552316803827,10.758233053541534,1.2187382320672435,1.2187382320672435,141.71883720531758,91.7589188331575,13.316499085095309,0.319871378864036,2.743331783934726,0.022860979407911656,0.026685692483266514,0.7041945411331504,0.4154237736802314,1.3497410593303794,0.006214907056815926,13.316499085095309,23.14252551895618,7.469655402426673,0.0,0.0,0.2137965601440529,0.2137965601440529,0.0,0.0,0.0,210.25199620173035,210.25199620173035,349.0242062319759,204.11634451712737
undisturbed,181,7.3129334,0.9499999900000001,0.8000000099999999,1.107486921488359,1.0806177007948232,10.758233316283324,1.2187382320672435,1.2187382320672435,141.71883720531758,95.79431706604768,18.142998615249347,0.4989125895596821,3.9344919008440598,0.19649206700351693,0.026869115642744603,0.9450333199662376,0.013279375747344729,0.022261094112682,0.005783779278328762,18.142998615249347,23.14252551895618,7.469655402426673,2.611034341281565,3.3265739187803334,0.19649206700351693,0.009061169023000634,6.300000000000001,6.300000000000001,0.0,214.27868115636207,214.27868115636207,349.0242062319759,204.11634451712737
undisturbed,182,6.7853966,0.9499999900000001,0.8000000099999999,1.0781161114510798,1.0519425012323276,10.758233509882535,1.2187382320672435,1.2187382320672435,141.71883720531758,100.23925539445733,16.049791780896115,0.46095875793134977,3.2877184969051134,0.06347861797082788,0.0261736001999578,0.8345037272603222,0.013285558265586974,0.2089794465358374,0.003147998484670465,16.049791780896115,23.14252551895618,7.469655402426673,1.3787437574734471,0.0,0.17759825313603436,0.12002005224730956,1.5999999999999999,1.5999999999999999,0.0,214.36035239502002,214.36035239502002,349.0242062319759,204.11634451712737
undisturbed,183,9.003945399999997,0.9499999900000001,0.8000000099999999,1.199079186410635,1.170039597974256,10.758480915847226,1.2187382320672435,1.2187382320672435,141.71883720531758,80.491590065907,31.67058806921291,0.6446530339558276,6.780605267489625,0.2614711228088908,0.02903961480476894,1.0,0.01327937469226982,0.022934043750439614,0.00600164679608919,31.67058806921291,23.14252551895618,7.469655402426673,2.6110343483153975,10.326419370345361,0.2614711228088908,0.020803265456847436,13.3,13.3,0.0,223.55360694942675,223.55360694942675,349.0242062319759,204.11634451712737
undisturbed,184,6.720326899999998,0.9499999900000001,0.8000000099999999,1.1139476898009426,1.0869288440458604,10.758547776718014,1.2187382320672435,1.2187382320672435,141.71883720531758,99.26999983583035,54.00160953900261,0.9439897462319758,6.8884020842793845,0.18157601788211294,0.027018924912850815,1.0,0.013279373637194909,0.02230741541816136,0.00579877628894985,54.00160953900261,23.14252551895618,7.469655402426673,2.611034351832314,24.326375594991916,0.18157601788211294,0.005734435183231344,27.3,27.3,0.0,246.55827178729692,246.55827178729692,349.0242062319759,204.11634451712737
undisturbed,185,6.9434190000000005,0.9499999900000001,0.8000000099999999,1.0979185466272772,1.0712808414433423,10.758629337300416,1.2187382320672435,1.2187382320672435,141.71883720531758,98.49320316445099,25.695631839417597,0.7012712890096364,5.201160718358302,0.07072417299846803,0.026637731399437294,1.0,0.4154236692193747,1.347918632798762,0.010185785155495109,25.695631839417597,23.14252551895618,7.469655402426673,0.0,0.0,0.1849569373994514,0.1849569373994514,0.0,0.0,0.0,242.8133558415981,242.8133558415981,349.0242062319759,204.11634451712737
undisturbed,186,8.614805200000001,0.9499999900000001,0.8000000099999999,1.2396962599985935,1.209684839269888,10.758725016796793,1.2187382320672435,1.2187382320672435,141.71883720531758,81.15205596792573,22.996836330238445,0.47849484390096364,4.968275299859323,0.09548913753717521,0.03001136555596117,1.0,0.4154236428403918,1.4896962894140817,0.011084305134357039,22.996836330238445,23.14252551895618,7.469655402426673,0.0,0.0,0.2585420890444538,0.2585420890444538,0.0,0.0,0.0,239.24471899838224,239.24471899838224,349.0242062319759,204.11634451712737
undisturbed,187,8.3709383,0.9499999900000001,0.8000000099999999,1.1235433248645985,1.0962946900541604,10.758828481747205,1.2187382320672435,1.2187382320672435,141.71883720531758,88.38897685369626,21.105665705774776,0.4787531045459661,4.386330964767533,0.059321427297216005,0.027248596037785747,0.9934554104241401,0.4154236175103992,1.3735434231061405,0.008180842998339877,21.105665705774776,23.14252551895618,7.469655402426673,0.0,0.0,0.2280963459307168,0.2280963459307168,0.0,0.0,0.0,236.28391362453402,236.28391362453402,349.0242062319759,204.11634451712737
undisturbed,188,5.0850587,0.9499999900000001,0.8000000099999999,0.9872346002574384,0.9632369965773371,10.758912351691636,1.2187382320672435,1.2187382320672435,141.71883720531758,113.25902879355701,19.675626769852993,0.786272209959907,3.839821309868468,0.018996107516190477,0.023997618570169518,0.9380470333790533,0.4154235911314163,1.2372346497854678,0.006504070810628542,19.675626769852993,23.14252551895618,7.469655402426673,0.0,0.0,0.12202930226144758,0.12202930226144758,0.0,0.0,0.0,233.8203334036717,233.8203334036717,349.0242062319759,204.11634451712737
undisturbed,189,8.898959199999998,0.9499999900000001,0.8000000099999999,1.224892396630794,1.1952184029260744,10.758980609242457,1.2187382320672435,1.2187382320672435,141.71883720531758,79.90481378792994,18.625514137567702,0.34095398744249844,3.6144100330730815,0.036975478427853974,0.029674033913990296,0.8588324254258985,0.4154235647524334,1.4748923966307943,0.007207850569453894,18.625514137567702,23.14252551895618,7.469655402426673,0.0,0.0,0.2640680416715201,0.2640680416715201,0.0,0.0,0.0,231.53432580713232,231.53432580713232,349.0242062319759,204.11634451712737
undisturbed,190,8.0339556,0.9499999900000001,0.8000000099999999,1.1346495547021171,1.1071292251740874,10.759034014967996,1.2187382320672435,1.2187382320672435,141.71883720531758,90.03042086727159,17.849129734092987,0.3859653245628473,3.4200855624463675,0.02933877603973131,0.02752031723828515,0.8214561568530632,0.41542353942852545,1.3846495685306321,0.006596578759324752,17.849129734092987,23.14252551895618,7.469655402426673,0.0,0.0,0.22109702594794967,0.22109702594794967,0.0,0.0,0.0,229.48820285573612,229.48820285573612,349.0242062319759,204.11634451712737
undisturbed,191,6.628963000000001,0.9499999900000001,0.8000000099999999,1.1319318818738133,1.1044737266019553,10.759083991221777,1.2187382320672435,1.2187382320672435,141.71883720531758,99.17239167004291,17.362209911092354,0.45562741495533515,3.3233289654146447,0.023772741758489133,0.027458124726116622,0.8109074701765492,0.4154235130495425,1.3819318818738133,0.006527591541401563,17.362209911092354,23.14252551895618,7.469655402426673,0.0,0.0,0.18201890751002325,0.18201890751002325,0.0,0.0,0.0,227.8516846029401,227.8516846029401,349.0242062319759,204.11634451712737
undisturbed,192,7.8069797,0.9499999900000001,0.8000000099999999,1.1513054663923474,1.1233808632482243,10.759115644692974,1.2187382320672435,1.2187382320672435,141.71883720531758,90.75311622754448,16.954368117253992,0.37223457031089546,3.252547743870015,0.02826771873645354,0.02792457413412112,0.8065985946606176,0.4154234877256346,1.4013054681508055,0.006587166790104383,16.954368117253992,23.14252551895618,7.469655402426673,0.0,0.0,0.2180065859430963,0.2180065859430963,0.0,0.0,0.0,226.62430540901738,226.62430540901738,349.0242062319759,204.11634451712737
undisturbed,193,11.355548,0.9499999900000001,0.8000000099999999,1.364688114095801,1.3316410193149049,10.759151128662868,1.2187382320672435,1.2187382320672435,141.71883720531758,53.83134812836745,16.593289204262504,0.21252766850249702,3.1961809935359073,0.10079584109840192,0.03304708217569107,0.8061516629295914,0.013285550873978055,0.2595663918548217,0.0038177842223048467,16.593289204262504,23.14252551895618,7.469655402426673,2.1435611222620805,0.010726170605613,0.37526774424400366,0.27995451397622567,2.5,2.5,0.0,227.43025743827815,227.43025743827815,349.0242062319759,204.11634451712737
undisturbed,194,10.376116,0.9499999900000001,0.8000000099999999,1.291524472504748,1.260226598438489,10.759179670718154,1.2187382320672435,1.2187382320672435,141.71883720531758,65.72239736526694,17.891392942674262,0.2659443733544349,3.468404786980376,0.04483299838824225,0.031297883701118384,0.8499116473172962,0.41542343602274356,1.5415245586762325,0.007452696005504818,17.891392942674262,23.14252551895618,7.469655402426673,0.0,0.0,0.32475047310262367,0.32475047310262367,0.0,0.0,0.0,226.18369346556938,226.18369346556938,349.0242062319759,204.11634451712737
undisturbed,195,8.6242065,0.9499999900000001,0.8000000099999999,1.1347506394598017,1.1072138611169726,10.759210134937048,1.2187382320672435,1.2187382320672435,141.71883720531758,86.22973056073715,17.267244875473025,0.34772327570443834,3.3130819716677213,0.03150569671034254,0.027536695873025256,0.8121251837926425,0.41542343496766865,1.384750667116832,0.006597674457306042,17.267244875473025,23.14252551895618,7.469655402426673,0.0,0.0,0.23748215400133646,0.23748215400133646,0.0,0.0,0.0,225.1523162411198,225.1523162411198,349.0242062319759,204.11634451712737
undisturbed,196,10.827027,0.9499999900000001,0.8000000099999999,1.322137655426602,1.2900895167194204,10.759233214728846,1.2187382320672435,1.2187382320672435,141.71883720531758,60.53994881107125,16.819207528156433,0.23154702804389113,3.223051734726033,0.045254280833386784,0.03204811431585426,0.7893223880776535,0.41542340964376073,1.5721377536681438,0.0073479656183297465,16.819207528156433,23.14252551895618,7.469655402426673,0.0,0.0,0.34698582713744114,0.34698582713744114,0.0,0.0,0.0,224.2033185622846,224.2033185622846,349.0242062319759,204.11634451712737
undisturbed,197,7.2923803000000005,0.9499999900000001,0.8000000099999999,1.1032990583808118,1.076513906935359,10.759252865048886,1.2187382320672435,1.2187382320672435,141.71883720531758,96.10129165062953,16.421964307097134,0.40253261336920587,3.1537824156362104,0.023804627841505242,0.026785154119005415,0.7732431525413238,0.4154233832647778,1.353299061897728,0.006381223962045298,16.421964307097134,23.14252551895618,7.469655402426673,0.0,0.0,0.19532753878377995,0.19532753878377995,0.0,0.0,0.0,223.32968629105997,223.32968629105997,349.0242062319759,204.11634451712737
undisturbed,198,7.3036671,0.9499999900000001,0.8000000099999999,1.135800450432581,1.1082295803896742,10.759271464401772,1.2187382320672435,1.2187382320672435,141.71883720531758,94.68348444847719,16.075187205641136,0.38361179770415704,3.0984990568685378,0.023106687396035733,0.027570871183702612,0.7610471364500245,0.41542335794086976,1.3858005366040658,0.006509232452493352,16.075187205641136,23.14252551895618,7.469655402426673,0.0,0.0,0.20136847776352257,0.20136847776352257,0.0,0.0,0.0,222.49211859041995,222.49211859041995,349.0242062319759,204.11634451712737
undisturbed,199,7.4670706,0.9499999900000001,0.8000000099999999,1.1004010955405499,1.07368124432018,10.759285901371598,1.2187382320672435,1.2187382320672435,141.71883720531758,95.13174657916578,32.05128138566504,0.7452069634606456,5.9689012317507215,0.1995185559091229,0.02671978900439615,1.0,0.013279365196595625,0.022202178729689808,0.0057647059857916585,32.05128138566504,23.14252551895618,7.469655402426673,2.6110344415136812,11.025860955532112,0.1995185559091229,0.00981013856650489,14.000000000000002,14.000000000000002,0.0,232.5459154533305,232.5459154533305,349.0242062319759,204.11634451712737
undisturbed,200,8.497387900000001,0.9499999900000001,0.8000000099999999,1.1666601026306533,1.1383379900119575,10.75930231581909,1.2187382320672435,1.2187382320672435,141.71883720531758,85.5081854769642,20.564689618273903,0.43524752227403807,4.202863926749666,0.08293657186125344,0.028322100625617224,0.9927307936449321,0.013285546653678414,0.22528479365548287,0.004975813842340437,20.564689618273903,23.14252551895618,7.469655402426673,0.25851446314341986,0.0,0.2406638772391503,0.19558395619328972,0.3,0.3,0.0,230.23110220158966,230.23110220158966,349.0242062319759,204.11634451712737
undisturbed,201,6.8925099,0.9499999900000001,0.8000000099999999,1.049657370640782,1.0241585254174579,10.759314526397974,1.2187382320672435,1.2187382320672435,141.71883720531758,100.70191447429133,34.77164723809525,0.8302257071379335,5.849928133530281,0.17575035875079134,0.025498745162776962,1.0,0.013279364141520715,0.02183043363578814,0.005644353239079975,34.77164723809525,23.14252551895618,7.469655402426673,2.6110344520644304,11.125838636899488,0.17575035875079134,0.005668421783779983,14.1,14.1,0.0,240.53393683618205,240.53393683618205,349.0242062319759,204.11634451712737
undisturbed,202,4.5140023000000005,0.9499999900000001,0.8000000099999999,0.9716161727227967,0.9480030802574385,10.759326654005768,1.2187382320672435,1.2187382320672435,141.71883720531758,116.8557189453471,22.70548297692903,0.8756749290652036,3.736920152528663,0.04124211945965956,0.02361310756238307,0.9992030127664064,0.4154232534744817,1.221616270612647,0.009136485489319125,22.70548297692903,23.14252551895618,7.469655402426673,0.0,0.0,0.10658963289280439,0.10658963289280439,0.0,0.0,0.0,238.31126046282617,238.31126046282617,349.0242062319759,204.11634451712737
undisturbed,203,8.9334593,0.9499999900000001,0.8000000099999999,1.17396794920166,1.1454583863051278,10.759335227685167,1.2187382320672435,1.2187382320672435,141.71883720531758,82.25399579095448,93.94189538714217,0.9898561020482521,10.127537691397624,0.25468838886677925,0.02850949007676022,1.0,0.013279363086445806,0.02273892698881621,0.005938478054441866,93.94189538714217,23.14252551895618,7.469655402426673,2.6110344608567213,55.06150596124358,0.25468838886677925,0.01981580678061476,58.699999999999996,58.699999999999996,10.855275490891186,278.32373355841605,278.32373355841605,349.0242062319759,204.11634451712737
