huc,topaz_id,wepp_id,length,width,area,slope,centroid_lng,centroid_lat,landuse,soil_texture,sbs,ash_wind_transport,ash_water_transport,ash_transport
258,22,1,348.72905584958244,704.558441227157,245700.0,0.36061739471794146,150.3788853678687,-34.3003342878532,130,sand loam,,-,-,-
258,23,2,320.6263480521802,704.558441227157,225900.0,0.29066647319813976,150.37234675416695,-34.30100547283854,131,sand loam,,557.2602361411109,2570.1876982534045,790.913663255057
258,32,3,314.2105737430192,506.98484809835,159300.0,0.39225377574433923,150.37945270401036,-34.30305093577604,132,sand loam,,507.6183671913154,2468.681356632571,1629.746256569757
258,33,4,356.8153973013947,506.98484809835,180900.0,0.5583319942949648,150.3757524608194,-34.30675797130024,132,sand loam,,488.38799686444065,2499.008344307437,1745.580211192798
258,41,5,416.02240368093624,253.11136868666975,105300.0,0.5163831206546796,150.38368654110178,-34.303141491253314,130,sand loam,,-,-,-
258,42,6,129.29591810705202,229.70562748477138,29700.0,0.4886392401361455,150.3820749244043,-34.302566137552645,130,sand loam,,-,-,-
258,52,7,395.5418868003115,536.98484809835,212400.0,0.470466702697067,150.38361105253128,-34.30557393255989,130,sand loam,,-,-,-
258,53,8,425.7103357935556,536.98484809835,228600.0,0.29770568079932797,150.37862486406024,-34.308712663737616,132,sand loam,,505.17371152651657,2495.1262789902416,1533.406072406046
258,62,9,212.13203435596424,84.8528137423857,18000.0,0.30731793763251103,150.38483835278558,-34.30803421162818,130,sand loam,,-,-,-
258,63,10,31.819805153394636,84.8528137423857,2700.0,0.16499,150.38351038702461,-34.30881718590305,130,sand loam,,-,-,-
258,72,11,97.12583127348472,416.98484809835,40500.0,0.4676356503674795,150.38650875002287,-34.306717632086716,130,sand loam,,-,-,-
258,73,12,276.2690311779121,416.98484809835,115200.0,0.42051672984840865,150.3884378029461,-34.30757015292343,130,sand loam,,-,-,-
258,81,13,266.3993128599231,432.4335478319118,115200.0,0.22205521863507782,150.387344409844,-34.30078555163771,131,sand loam,,558.7373245450025,2480.527848072108,809.2956930371349
258,82,14,27.56369090575163,522.4264068711929,14400.0,0.22490953862953864,150.38693497495393,-34.30348132189805,131,sand loam,,522.5846435514379,2451.994622994293,1216.0780722770967
258,83,15,62.01830453794117,522.4264068711929,32400.0,0.26864028628673065,150.38893929433493,-34.30190138119943,131,sand loam,,522.5846435514379,2451.994622994293,1216.0780722770967
258,91,16,338.87508943037227,297.45473522246346,100800.0,0.13588593211089117,150.39283906989326,-34.302254944326,131,sand loam,,576.5752039763616,nan,576.5752039763616
258,92,17,104.83949769684479,549.4112549695429,57600.0,0.35522054166013983,150.38922312578367,-34.303259689485905,131,sand loam,,525.3922851926828,2443.75870756607,1191.8719327107021
258,93,18,98.28702909079199,549.4112549695429,54000.0,0.48157868854442015,150.38983265274155,-34.304624941805,131,sand loam,,522.5846435514379,2451.994622994293,1216.0780722770967
258,102,19,253.60983616799808,404.5584412271571,102600.0,0.31956216001895954,150.3880702311455,-34.30891456437719,130,sand loam,,-,-,-
258,103,20,384.86404962336553,404.5584412271571,155700.0,0.3688026471658498,150.38244934895874,-34.311499004538376,131,sand loam,,561.9685945255034,2591.213486180961,745.185709710016
258,111,21,426.39027606748635,246.95685129398632,105300.0,0.32303576515054805,150.39342358198533,-34.30443100133409,131,sand loam,,568.9313536639851,2526.414266003383,645.4893617246937
258,113,22,19.45584412271571,786.3961030678928,15300.0,0.4920516071769369,150.390358528945,-34.30869291754635,131,sand loam,,521.3144192637697,2454.5973808184594,1240.3378944530152
258,122,23,76.36753236814712,212.13203435596427,16200.0,0.17419723418598926,150.38731829188112,-34.3121439249977,130,sand loam,,-,-,-
258,123,24,475.1757569573599,212.13203435596427,100800.0,0.38923182994513233,150.3836850797631,-34.31368902469402,131,sand loam,,574.5816210831589,2540.77681233906,625.9104455748572
258,131,25,395.9749911659414,334.1120094742473,132300.0,0.13379040826267474,150.40122346343395,-34.305137731025894,131,sand loam,,576.5752039763616,nan,576.5752039763616
258,132,26,210.84571470793674,1395.8073580374353,294300.0,0.4084032595518435,150.39500191471583,-34.306087305188704,130,sand loam,,-,-,-
258,133,27,305.6295681087523,1395.8073580374353,426600.0,0.33009786840114563,150.39455091499244,-34.31013447598265,130,sand loam,,-,-,-
258,142,28,382.9896079331891,632.1320343559643,242100.0,0.3977615108864938,150.39049177507883,-34.31491612633496,130,sand loam,,-,-,-
258,143,29,358.78580371436306,632.1320343559643,226800.0,0.28412058466161205,150.3845951419153,-34.315872075029176,131,sand loam,,564.1301291295376,2588.6081839187923,694.8679161961433
258,152,30,21.213203435596427,42.42640687119285,900.0,0.03064,150.38811116004715,-34.31811075628327,131,sand loam,,526.9423482703239,2447.0691195496292,1120.1712257369009
258,162,31,162.03461105328356,422.13203435596427,68400.0,0.3350733583531441,150.39140202820988,-34.317099134339834,131,sand loam,,531.4710712013253,2431.720796693511,1170.1048157875
258,163,32,63.96103067892772,422.13203435596427,27000.0,0.04840864541374036,150.39003211239918,-34.31923353513614,131,sand loam,,541.14811503668,2372.526808203043,1044.4113773827803
258,172,33,128.75190963561866,314.5584412271571,40500.0,0.24967706276986357,150.39270497473797,-34.317126895965956,131,sand loam,,531.4710712013253,2431.720796693511,1170.1048157875
258,173,34,74.389992233913,314.5584412271571,23400.0,0.23953130421704244,150.3946426849473,-34.31770905855878,130,sand loam,,-,-,-
258,181,35,441.228974075585,228.45281230949354,100800.0,0.3482625254098086,150.39642169090288,-34.312878792666375,130,sand loam,,-,-,-
258,182,36,242.91960371627957,229.70562748477138,55800.0,0.46829025416807163,150.39440051598444,-34.31499939412316,130,sand loam,,-,-,-
258,183,37,23.508348746736733,229.70562748477138,5400.0,0.5274992000000001,150.39601245995166,-34.31557459915652,130,sand loam,,-,-,-
258,191,38,267.5755536335271,420.4419965587761,112500.0,0.1573838112628441,150.40966659880235,-34.3061280309461,130,sand loam,,-,-,-
258,192,39,223.73180385931846,1862.497833620557,416700.0,0.20533428267794188,150.40207560321522,-34.30921259560893,131,sand loam,,557.1930740519696,2457.226968795153,855.0387672392612
258,193,40,226.14791405218367,1862.497833620557,421200.0,0.2612455097203099,150.40395493837133,-34.31168653254891,131,sand loam,,551.7306100167092,2455.092722748138,948.5132722790349
258,202,41,155.67089022288607,294.8528137423857,45900.0,0.2987464542676839,150.39460925776257,-34.31879015060444,130,sand loam,,-,-,-
258,203,42,225.87540934301117,294.8528137423857,66600.0,0.3707161576089896,150.39323939049726,-34.32092458925991,131,sand loam,,533.5202260048328,2454.159587905052,1128.4680048909063
258,211,43,516.5800164605105,193.3872717037957,99900.0,0.2081301255072796,150.4032118981197,-34.314645741222705,131,sand loam,,576.5752039763616,nan,576.5752039763616
258,213,44,9.013266289340091,599.1168824543142,5400.0,0.38117840000000003,150.39591223375126,-34.3188178793039,130,sand loam,,-,-,-
258,222,45,536.6386182575009,929.1168824543141,498600.0,0.32812619825793765,150.40110748291954,-34.31946920441304,130,sand loam,,-,-,-
258,223,46,322.5643680139852,929.1168824543141,299700.0,0.39661848214294915,150.39805055547902,-34.32346102301378,131,sand loam,,562.0508210538997,2437.1900762562677,808.2316368373614
258,231,47,419.12586161666144,246.94252843472253,103500.0,0.09534789022080559,150.41255641359348,-34.30754140752725,131,sand loam,,576.5752039763616,nan,576.5752039763616
258,232,48,210.30774781868155,1793.0865786510142,377100.0,0.3336651225801699,150.40746302640608,-34.314194950138685,131,sand loam,,540.3043938108244,2429.446992877957,1031.101766109402
258,233,49,321.2337914175566,1793.0865786510142,576000.0,0.19724891012993992,150.41065389016202,-34.316426108729694,131,sand loam,,576.5752039763616,2392.11984265062,600.7380306698022
258,242,50,368.29746369887545,344.5584412271571,126900.0,0.5243173058543467,150.40621130060293,-34.323093341429455,130,sand loam,,-,-,-
258,243,51,470.1669749347346,344.5584412271571,162000.0,0.4628763989097842,150.40285368500435,-34.32626755423393,131,sand loam,,571.7283556835714,2516.353064896023,647.9814788622388
258,252,52,382.06259929739554,706.6904755831214,270000.0,0.3913654380650603,150.41038807817617,-34.32507495074779,131,sand loam,,573.7219385767742,2429.8127063302845,622.8090639571839
258,253,53,150.27795572364224,706.6904755831214,106200.0,0.4111642350164061,150.40898523175076,-34.328290680465614,131,sand loam,,533.0211342789663,2430.1577721525955,1122.150291164444
258,262,54,37.169802929788624,242.13203435596427,9000.0,0.2460755937743856,150.4132370362583,-34.32783971956055,131,sand loam,,531.7435728047714,2422.4666434926557,1094.5388536161963
258,263,55,245.32069933660492,242.13203435596427,59400.0,0.34761103120867565,150.4154760584007,-34.329239285136524,131,sand loam,,551.7306100167092,2359.5391809591724,956.9040047268703
258,271,56,141.8881118881119,761.1631345490389,108000.0,0.11050331088011847,150.41430100006056,-34.303791928902506,131,sand loam,,549.7370271235066,2468.877490941042,973.6856871840896
258,272,57,321.250680168273,3020.0714267493645,970200.0,0.1465238722242979,150.4159651752569,-34.3132929184218,131,sand loam,,576.5752039763616,nan,576.5752039763616
258,273,58,217.8425298729198,3020.0714267493645,657900.0,0.0960714960342003,150.4189381182961,-34.312003376395374,132,sand loam,,521.4576031915659,2474.4117937575493,1340.994285926996
258,282,59,153.9723685611733,566.98484809835,87300.0,0.32603943081678627,150.41655290254837,-34.32601659449278,132,sand loam,,517.2959322312462,2440.798250542812,1552.7860991281966
258,283,60,349.2156812727642,566.98484809835,198000.0,0.22550386552458565,150.41841645273323,-34.32903089456265,131,sand loam,,574.5816210831589,2540.77681233906,625.9104455748572
258,291,61,322.9016244744081,345.61609958343513,111600.0,0.08282933571490698,150.4247268372463,-34.314559377685136,132,sand loam,,541.296908240446,2471.5595785204478,1060.0994763282133
258,292,62,297.95207692628014,1313.9696961966997,391500.0,0.16131684978062577,150.42101141247974,-34.31880840158272,132,sand loam,,521.8949005303048,2473.013674114844,1340.9611262399972
258,293,63,154.1131432377311,1313.9696961966997,202500.0,0.1530491003933072,150.4232255454924,-34.32101865875945,132,sand loam,,510.2926939739989,2465.2707735894164,1575.912396705018
258,302,64,42.857142857142854,210.0,9000.0,0.31315133390422417,150.42111379652206,-34.32611278497448,131,sand loam,,531.7435728047714,2356.5529046277775,1103.0291254418084
258,303,65,218.57142857142858,210.0,45900.0,0.25560764496989724,150.42102277224916,-34.32908584586941,131,sand loam,,549.7370271235066,2367.8714681705196,980.2591122454194
258,312,66,371.45157849449305,1056.396103067893,392400.0,0.18398056655703401,150.42647489308382,-34.32135747705353,132,sand loam,,528.5691147204209,2450.1213369257907,1295.778826283042
258,313,67,307.55509136814675,1056.396103067893,324900.0,0.18498540828454638,150.42665205395875,-34.32622935966698,131,sand loam,,574.5816210831589,2540.77681233906,625.9104455748572
258,322,68,190.4042740545692,964.2640687119285,183600.0,0.23009195360397194,150.43242098891915,-34.31877781973553,132,sand loam,,510.72999131273764,2464.197798049666,1575.879237018019
258,323,69,265.07261682106696,964.2640687119285,255600.0,0.28220663180011035,150.43532809478612,-34.31965012974505,132,sand loam,,522.4649542457563,2416.746802617605,1493.650885058468
258,331,70,233.9182242470699,434.7673223296278,101700.0,0.04204392261272277,150.42307817327358,-34.304517903780095,131,sand loam,,576.5752039763616,nan,576.5752039763616
258,332,71,358.592920621797,1485.8073580374353,532800.0,0.1247143126297438,150.4270647468083,-34.312715366924536,132,sand loam,,523.80592174761,2492.3381956065923,1198.2435516428664
258,333,72,201.10278656492673,1485.8073580374353,298800.0,0.10394348671459055,150.42909332013454,-34.31032390448439,132,sand loam,,518.8769577709122,2475.4590915112094,1438.8073560349917
258,342,73,135.5504520533835,444.85281374238576,60300.0,0.23215655833640106,150.43390507328735,-34.3128589533265,132,sand loam,,508.9887536383069,2465.9811473838736,1599.8390741560054
258,343,74,254.91577550337792,444.85281374238576,113400.0,0.28519573542098686,150.4368119965278,-34.31373122030485,132,sand loam,,522.4649542457563,2450.7426887891406,1482.631619988491
258,352,75,294.0916292848975,217.27922061357853,63900.0,0.14386255416763286,150.43267624636957,-34.31039910007728,132,sand loam,,516.6974281835152,2483.3621377366385,1364.3501075255576
258,353,76,4.142135623730951,217.27922061357853,900.0,0.11314,150.43463880147115,-34.31016978983305,132,sand loam,,509.42605097704575,2464.9325576518445,1599.8059144690064
258,361,77,271.15082816127824,375.06800436364404,101700.0,0.04716752372459858,150.42351950285655,-34.30074084079069,130,sand loam,,-,-,-
258,362,78,165.50498007047437,1468.2337649086278,243000.0,0.04992700618762725,150.4269782843216,-34.304870390487224,132,sand loam,,526.8012561224526,2472.549269038226,1295.7126307089432
258,363,79,159.37516599379015,1468.2337649086278,234000.0,0.023510883283687903,150.4286809668719,-34.30247207827061,131,sand loam,,576.5752039763616,nan,576.5752039763616
258,372,80,127.84465843431275,1006.6904755831213,128700.0,0.05029714234564945,150.43093608942135,-34.303330784609585,132,sand loam,,518.4396604321735,2479.38835188197,1389.7543337194138
258,373,81,16.98635321854505,1006.6904755831213,17100.0,0.02593,150.43220593658452,-34.30443924284142,131,sand loam,,526.9423482703239,2389.084661538087,1106.1143874310724
258,381,82,317.99866625159353,322.6428626553583,102600.0,0.020573878273535913,150.4294724219617,-34.29789097624127,131,sand loam,,576.5752039763616,nan,576.5752039763616
258,382,83,71.45183950935889,289.7056274847714,20700.0,0.024309979945688308,150.42943122649373,-34.29924238288788,131,sand loam,,570.6976141244046,2581.5538378898977,675.0028196957135
258,383,84,130.47727214752493,289.7056274847714,37800.0,0.027098601559508294,150.43202841704797,-34.29956734022331,131,sand loam,,576.5752039763616,nan,576.5752039763616
258,391,85,354.6127562813666,289.32969325726197,102600.0,0.07557396388821602,150.43527699359473,-34.299905889983485,131,sand loam,,576.5752039763616,nan,576.5752039763616
258,392,86,152.86363288514968,247.2792206135785,37800.0,0.0606222736065457,150.43296431360073,-34.300939239497865,131,sand loam,,574.5816210831589,2540.77681233906,625.9104455748572
258,393,87,502.26622233692035,247.2792206135785,124200.0,0.07131913055198566,150.4365057651837,-34.30236571742557,131,sand loam,,576.5752039763616,nan,576.5752039763616
258,401,88,411.5658638751524,352.07001532069506,144900.0,0.08704748019163959,150.43580506266517,-34.30397377131327,131,sand loam,,576.5752039763616,nan,576.5752039763616
258,402,89,56.38434185388344,782.1320343559643,44100.0,0.10075744991666667,150.434061408893,-34.307723599631736,132,sand loam,,508.9887536383069,2465.9811473838736,1599.8390741560054
258,403,90,400.44389724798856,782.1320343559643,313200.0,0.14906868665728498,150.43698459623616,-34.30805529064673,132,sand loam,,535.8371823070225,2455.7954560227327,1150.575053198551
258,412,91,158.1492031784532,489.4112549695429,77400.0,0.31724201540315966,150.43389335641928,-34.323947319959395,132,sand loam,,514.4882905900014,2447.143152013431,1552.670233868427
258,413,92,239.06274899068507,489.4112549695429,117000.0,0.2428946322931631,150.4309201847873,-34.3252372145188,131,sand loam,,552.5955430364049,2477.0654045786,902.8876204515607
258,422,93,10.294372515228593,174.8528137423857,1800.0,0.13435,150.43547286007697,-34.32560314946672,131,sand loam,,528.9359311635266,2437.281589668129,1144.4110800696196
258,423,94,293.3896166840149,174.8528137423857,51300.0,0.28502400126409005,150.43542348932164,-34.32722483769803,131,sand loam,,568.4042195530153,2408.620036073506,763.040182064006
258,432,95,157.49335441019238,2205.8073580374357,347400.0,0.3453062762473263,150.43902643825686,-34.31594120579075,132,sand loam,,510.9365365037919,2427.4545438937766,1589.8052226788038
258,433,96,255.82469744868038,2205.8073580374357,564300.0,0.10285881823461172,150.44230029217377,-34.31546874875018,132,sand loam,,525.0455996664101,2467.8163562808586,1317.4201229120774
258,441,97,282.1707955518451,392.3155824241221,110700.0,0.06627880488496603,150.44099982353023,-34.304623376027756,132,sand loam,,537.353011184006,2490.0090085262336,1060.1089320715507
258,442,98,165.53710695821343,277.2792206135785,45900.0,0.1833460616481727,150.4412516938452,-34.30706273531971,132,sand loam,,510.2926939739989,2465.2707735894164,1575.912396705018
258,443,99,434.9406339686392,277.2792206135785,120600.0,0.07849724767086079,150.44327153643314,-34.30494129533831,132,sand loam,,561.3631928116722,2465.1845213386187,879.4039562923834
258,451,100,398.4054662360066,255.2675819456633,101700.0,0.05159642034502053,150.4482782581141,-34.311807140574466,132,sand loam,,562.7560856325979,2559.084039209765,789.7156842917424
258,452,101,565.4015126392748,434.5584412271571,245700.0,0.06127103997797416,150.4483764444149,-34.30856372283568,132,sand loam,,575.734500770764,2560.8379252919103,647.5201500142485
258,453,102,144.97474683058326,434.5584412271571,63000.0,0.07870187989571086,150.44604728555313,-34.31013788389911,132,sand loam,,512.0103219233912,2480.992958223774,1459.1388278888464
258,462,103,204.31604390832777,427.2792206135786,87300.0,0.21689239624352546,150.43905645354673,-34.32567818757143,132,sand loam,,521.8578458198338,2438.168519344149,1506.9764394942376
258,463,104,360.1860155497325,427.2792206135786,153900.0,0.2495185024227584,150.4386320514231,-34.32891475446742,131,sand loam,,574.5816210831589,2540.77681233906,625.9104455748572
258,471,105,307.75814389615,350.9249134165676,108000.0,0.06624307233717175,150.44651858371222,-34.31609772840366,132,sand loam,,543.5871594152082,2498.440189135484,1017.5950021844912
258,472,106,86.0315417344104,1223.9696961967,105300.0,0.15715999625848967,150.44251939909077,-34.31898923751927,132,sand loam,,510.9365365037919,2425.9312580887095,1589.1282067654404
258,473,107,221.32900907741478,1223.9696961967,270900.0,0.18639042819407264,150.444090794028,-34.32091524373147,132,sand loam,,522.0276569070176,2417.0641150614556,1493.3462119125854
258,482,108,108.73964143727348,264.8528137423857,28800.0,0.33012734200376237,150.44197207963862,-34.32628007004019,131,sand loam,,537.8223588134138,2413.0839570388825,1098.4378235800232
258,483,109,353.40383467113884,264.8528137423857,93600.0,0.23559705725780195,150.44122198717363,-34.32950984031564,131,sand loam,,574.5816210831589,2540.77681233906,625.9104455748572
258,492,110,190.2943725152286,132.42640687119285,25200.0,0.3175105814597528,150.44328342337354,-34.32603701701346,131,sand loam,,543.1120354520692,2412.264882848901,1054.804586359412
258,493,111,373.7925174406276,132.42640687119285,49500.0,0.26500805176521064,150.44351077371755,-34.32928721868269,131,sand loam,,574.5816210831589,2540.77681233906,625.9104455748572
258,501,112,356.60782292283096,287.71101867331265,102600.0,0.192682130371768,150.4456458698569,-34.323381799790596,132,sand loam,,526.8311921679747,2449.1608210573618,1293.7401361354316
258,502,113,167.57359312880712,252.42640687119288,42300.0,0.3019109400586422,150.44429357623596,-34.32497629711196,131,sand loam,,537.8223588134138,2413.0839570388825,1098.4378235800232
258,503,114,85.5694943636462,252.42640687119288,21600.0,0.29894176569972297,150.4462318738745,-34.325557665942995,132,sand loam,,517.2959322312462,2439.478327544229,1552.2261317954647
258,512,115,91.8302230159216,372.42640687119285,34200.0,0.3660776457070124,150.44718465196556,-34.326388907007775,131,sand loam,,531.7435728047714,2425.9634826179604,1119.8559322273074
258,513,116,248.90823606947174,372.42640687119285,92700.0,0.27703647482825683,150.44548195140013,-34.32878747031528,131,sand loam,,549.7370271235066,2475.8096052570418,924.8596945866949
258,522,117,92.13203435596425,332.13203435596427,30600.0,0.327129786344089,150.44882177210096,-34.326152588919086,131,sand loam,,531.7435728047714,2425.448058688531,1119.7309809716883
258,523,118,195.10313157733606,332.13203435596427,64800.0,0.3269435127291523,150.45075195272625,-34.327004173086856,131,sand loam,,540.3043938108244,2424.17849451742,1079.0107259258066
258,531,119,318.4748764413069,350.4201061227737,111600.0,0.04030770140852123,150.4551023022698,-34.312490111338306,132,sand loam,,568.6546037627476,2372.9178669680505,802.5992912972706
258,532,120,273.36359519024376,1481.5432893255067,405000.0,0.17580507881093535,150.44939304289903,-34.31805084495957,132,sand loam,,518.4396604321735,2476.7060630844335,1438.8405157219904
258,533,121,250.88703291904594,1481.5432893255067,371700.0,0.07785921535499332,150.45331027920201,-34.31786195403879,132,sand loam,,530.3892525972966,2469.219160206514,1198.4551927283935
258,542,122,120.95887705393598,349.7056274847714,42300.0,0.35351664457832455,150.45181925727,-34.324051393742565,132,sand loam,,517.2959322312462,2439.478327544229,1552.2261317954647
258,543,123,200.74026404695758,349.7056274847714,70200.0,0.2883095888566458,150.45339913042224,-34.32570700761353,132,sand loam,,503.11187431347724,2476.1116715396515,1598.5240124289442
258,551,124,264.67205360656345,455.6582319766657,120600.0,0.03819858193202728,150.4591820410923,-34.31771352433609,132,sand loam,,561.3631928116722,2465.1845213386187,879.4039562923834
258,552,125,224.46858783205357,833.9696961967,187200.0,0.08624440415564955,150.45487374645623,-34.320058117811485,132,sand loam,,521.4576031915659,2474.1558652455915,1340.9089764230098
258,553,126,135.97616378287861,833.9696961967,113400.0,0.07570821598564102,150.45778931813274,-34.32065962006276,132,sand loam,,518.4396604321735,2470.1370111652564,1436.3854155097729
258,561,127,288.9520543193099,401.79676269649326,116100.0,0.11912238270227866,150.45703173180428,-34.32415980545161,132,sand loam,,516.6864415462784,2483.216436237597,1364.2891929657935
258,562,128,24.852813742385706,217.27922061357853,5400.0,0.1857749247224169,150.45510970899704,-34.32303803444334,131,sand loam,,528.9359311635266,2413.3220687475427,1138.3606959987646
258,563,129,124.26406871192853,217.27922061357853,27000.0,0.1991435708609513,150.45473493882778,-34.324652973661195,132,sand loam,,497.77584351814613,2481.940542172393,1645.9727030778624
258,572,130,188.51143387586876,272.13203435596427,51300.0,0.23457914734444307,150.45000218538578,-34.33023401168278,130,sand loam,,-,-,-
258,573,131,320.8001594027942,272.13203435596427,87300.0,0.25824006941795496,150.44706996980096,-34.33017287963618,131,sand loam,,571.7283556835714,2516.353064896023,647.9814788622388
258,582,132,216.96333646151493,439.7056274847714,95400.0,0.3154825638584709,150.45233185563148,-34.32865980156574,130,sand loam,,-,-,-
258,583,133,163.7459143105773,439.7056274847714,72000.0,0.2957894852695941,150.45160666412343,-34.33107879743564,130,sand loam,,-,-,-
258,592,134,263.29387101588634,427.27922061357856,112500.0,0.24112686079702245,150.45559799289134,-34.3284572936121,131,sand loam,,570.3032562748713,2320.016846612162,710.9103378877298
258,593,135,355.97331361347835,427.27922061357856,152100.0,0.21435671777578802,150.4554836795914,-34.33224128977213,130,sand loam,,-,-,-
258,602,136,226.26684151743027,791.5432893255072,179100.0,0.18911180259180946,150.45892934810138,-34.32609240744006,131,sand loam,,558.7859338587901,2438.351554778356,805.0840707050891
258,603,137,183.06010796133808,791.5432893255072,144900.0,0.17775004861605642,150.4621628098868,-34.326970866093546,130,sand loam,,-,-,-
258,611,138,272.57653048209744,383.0116988258345,104400.0,0.08712884291884199,150.46498061861357,-34.319997403296334,130,sand loam,,-,-,-
258,612,139,544.5609275451445,356.98484809835,194400.0,0.11444470092379773,150.4613483325536,-34.32154485702691,131,sand loam,,576.5752039763616,nan,576.5752039763616
258,613,140,176.47807837111165,356.98484809835,63000.0,0.1134144381208558,150.4655671104554,-34.322173199147116,131,sand loam,,563.3404971363896,2434.5437721977573,784.6626582452768
258,621,141,317.6334572037541,396.68365262659995,126000.0,0.0777155015332833,150.46911816474076,-34.32332850468974,131,sand loam,,576.5752039763616,nan,576.5752039763616
258,622,142,130.82738110421965,529.7056274847714,69300.0,0.13081630424182006,150.4658441062616,-34.32380167207268,131,sand loam,,540.3043938108244,2329.492827459983,1034.4392359993058
258,623,143,214.08116907963216,529.7056274847714,113400.0,0.11756470021577363,150.46610485095283,-34.32597072018485,130,sand loam,,-,-,-
258,632,144,261.27023291567775,272.13203435596427,71100.0,0.24184631472566745,150.46044421120877,-34.32991022927612,131,sand loam,,567.4956146336264,2370.6379170327555,735.1164774541245
258,633,145,102.52376228336722,272.13203435596427,27900.0,0.20816173422478484,150.45844861193004,-34.33122107961873,130,sand loam,,-,-,-
258,641,146,341.390624622218,345.35219041374626,117900.0,0.08084122416139367,150.47678310900264,-34.328625443606136,130,sand loam,,-,-,-
258,642,147,352.66325253762454,1526.101730552664,538200.0,0.08416997090280379,150.46997374768023,-34.32740304082615,131,sand loam,,576.5752039763616,nan,576.5752039763616
258,643,148,258.89492953849026,1526.101730552664,395100.0,0.10396000922722433,150.46854871765643,-34.331430417499675,131,sand loam,,575.014501277062,2646.4340657763946,601.7461585071267
258,652,149,133.52731097795987,222.42640687119285,29700.0,0.19081431361351223,150.4606640773635,-34.333430713657144,131,sand loam,,533.0211342789663,2392.0856484658807,1137.0831667198454
258,653,150,335.8414185203233,222.42640687119285,74700.0,0.2112598786942842,150.45839151603096,-34.333113081372524,130,sand loam,,-,-,-
258,662,151,105.88684702266698,356.98484809835,37800.0,0.22753890617267025,150.4626108394764,-34.33374154928181,131,sand loam,,535.014717172169,2364.346410658369,1108.189604604501
258,663,152,438.6740805224775,356.98484809835,156600.0,0.10208292117946391,150.4602404428555,-34.336667387248454,130,sand loam,,-,-,-
258,672,153,228.45671067449294,716.98484809835,163800.0,0.1322480226497972,150.46746562366462,-34.33492393712224,131,sand loam,,576.5752039763616,1965.8538588212107,616.2894233464871
258,673,154,419.2557217872563,716.98484809835,300600.0,0.09063916062698815,150.4673599455116,-34.3384376765854,130,sand loam,,-,-,-
258,682,155,238.26175032419337,162.42640687119285,38700.0,0.14287924631774462,150.47170946966037,-34.33474123298902,131,sand loam,,576.5752039763616,2392.11984265062,600.7380306698022
258,692,156,115.71428571428571,210.0,24300.0,0.11032978938008854,150.47301277108025,-34.33476815235597,131,sand loam,,545.3992055302625,2438.9164031267164,1013.4740707768044
258,693,157,60.0,210.0,12600.0,0.0762357703360806,150.47490288870307,-34.336970819497516,130,sand loam,,-,-,-
258,701,158,422.63589401716445,242.76215402526392,102600.0,0.096392844520778,150.4770036605979,-34.332145929470556,131,sand loam,,576.5752039763616,nan,576.5752039763616
258,702,159,849.7192516779265,222.42640687119285,189000.0,0.08135583737485584,150.47439713255721,-34.33209216541558,131,sand loam,,576.5752039763616,nan,576.5752039763616
258,703,160,218.49923614575252,222.42640687119285,48600.0,0.11689095746609897,150.47727280309948,-34.33404467520637,131,sand loam,,576.5752039763616,2392.11984265062,600.7380306698022
258,712,161,651.4756930362238,1186.6904755831213,773100.0,0.05505105689124446,150.48208743940106,-34.33657794459504,130,sand loam,,-,-,-
258,713,162,150.16552645072449,1186.6904755831213,178200.0,0.1369978400668054,150.47808838290405,-34.33947061914204,130,sand loam,,-,-,-
258,722,163,327.09426578213987,242.13203435596427,79200.0,0.05523380359061349,150.48384052366328,-34.34337542846335,130,sand loam,,-,-,-
258,723,164,78.05658615255611,242.13203435596427,18900.0,0.029305243015231554,150.4812174607312,-34.3438623750978,130,sand loam,,-,-,-
258,731,165,520.6016194432432,216.09613915591157,112500.0,0.048167954869529475,150.48801221104236,-34.34562479803779,130,sand loam,,-,-,-
258,733,166,30.0,240.0,7200.0,0.058590820689655175,150.48542946556793,-34.34476037688309,130,sand loam,,-,-,-
258,743,167,372.79220613578553,72.42640687119285,27000.0,0.06723649478659498,150.48244007937427,-34.346592103650785,130,sand loam,,-,-,-
258,751,168,356.21454105518495,295.60837041654304,105300.0,0.04049739545980137,150.48939970594944,-34.353766987895945,130,sand loam,,-,-,-
258,752,169,222.25935458855983,1028.5281374238568,228600.0,0.054998917036150244,150.48889306682628,-34.34888836431185,130,sand loam,,-,-,-
258,753,170,98.00412485794764,1028.5281374238568,100800.0,0.08611125972216993,150.4869054823408,-34.349929383833285,130,sand loam,,-,-,-
258,761,171,489.2241074091495,237.31455225059642,116100.0,0.07431481614209437,150.48496631148757,-34.349348624443586,130,sand loam,,-,-,-
258,762,172,50.93475561792958,229.7056274847714,11700.0,0.07754991661570101,150.48439532334297,-34.34663231828688,130,sand loam,,-,-,-
258,763,173,62.68892999129795,229.7056274847714,14400.0,0.07510261775392392,150.48310799030762,-34.34606493099885,130,sand loam,,-,-,-
258,772,174,263.00833980507247,222.42640687119285,58500.0,0.058936025376150294,150.48016705744485,-34.34627485727972,130,sand loam,,-,-,-
258,773,175,465.32244734743597,222.42640687119285,103500.0,0.03567734741299405,150.4776329763986,-34.343788536596506,130,sand loam,,-,-,-
258,782,176,198.77259482655654,697.2792206135787,138600.0,0.06743955779983826,150.48173172781986,-34.34847072300705,130,sand loam,,-,-,-
258,783,177,41.30339632759616,697.2792206135787,28800.0,0.08689349422408434,150.4797116978441,-34.35059278122655,130,sand loam,,-,-,-
258,792,178,101.86951123585918,114.85281374238569,11700.0,0.08152931684384222,150.4823026378146,-34.351187037616576,130,sand loam,,-,-,-
258,793,179,70.5250462402102,114.85281374238569,8100.0,0.08343968750000001,150.48096671259333,-34.35224136522338,130,sand loam,,-,-,-
258,801,180,376.0642761431629,449.9230869129077,169200.0,0.058049675227755386,150.48636969662996,-34.35695025270187,130,sand loam,,-,-,-
258,802,181,188.8079563730322,581.5432893255072,109800.0,0.055736553822216685,150.48551310378306,-34.35287580066307,130,sand loam,,-,-,-
258,803,182,24.761699196463237,581.5432893255072,14400.0,0.06619210829714903,150.48481283650383,-34.35448414628508,130,sand loam,,-,-,-
258,811,183,448.5284817082185,228.74801530829973,102600.0,0.09416272552837561,150.48180690079883,-34.35685641904157,130,sand loam,,-,-,-
258,812,184,407.8938696852793,282.42640687119285,115200.0,0.07733531369815382,150.48347688596243,-34.35553849988348,130,sand loam,,-,-,-
258,813,185,137.0268468473985,282.42640687119285,38700.0,0.10683259832534078,150.4808858040059,-34.35494426247008,130,sand loam,,-,-,-
258,821,186,509.766483720235,319.5580823815031,162900.0,0.0927029185609435,150.47888178442105,-34.35652571855353,130,sand loam,,-,-,-
258,822,187,80.0523671481498,337.2792206135785,27000.0,0.08192231881201924,150.48029064477785,-34.35303881255979,130,sand loam,,-,-,-
258,823,188,96.06284057777975,337.2792206135785,32400.0,0.07976921755598054,150.47899515018307,-34.35274166884819,130,sand loam,,-,-,-
258,831,189,441.14985490388193,238.69440016690666,105300.0,0.10799950286263711,150.4759404800546,-34.356735526201476,131,sand loam,,576.5752039763616,nan,576.5752039763616
258,832,190,230.65106115820532,1451.5432893255067,334800.0,0.06689649058494389,150.47712079774703,-34.34999847149951,130,sand loam,,-,-,-
258,833,191,151.2872551682852,1451.5432893255067,219600.0,0.10269347396304189,150.47410671328984,-34.352640842556944,131,sand loam,,554.7570776404391,2465.532378121336,878.5138545654634
258,842,192,180.07795588354512,1359.4112549695426,244800.0,0.036807099376615,150.47510714956678,-34.3410318800576,130,sand loam,,-,-,-
258,843,193,242.97283018110684,1359.4112549695426,330300.0,0.06403445479038203,150.4707980265275,-34.3433769931178,130,sand loam,,-,-,-
258,851,194,393.0869045189629,265.5901247276571,104400.0,0.16655346733120463,150.47011472600192,-34.35526291580336,131,sand loam,,576.5752039763616,nan,576.5752039763616
258,852,195,157.0349944399519,722.1320343559643,113400.0,0.11190657791494134,150.47282748364123,-34.351803058339726,131,sand loam,,560.0155477287512,2445.9060290274156,856.4890057926807
258,853,196,183.2074935132772,722.1320343559643,132300.0,0.14751137381863166,150.47022035575264,-34.351749178513316,131,sand loam,,555.1994911587669,2475.0890313514874,880.211182144316
258,861,197,654.4010433354447,178.78944600035734,117000.0,0.1338771467939844,150.46727107682705,-34.35222907132905,131,sand loam,,576.5752039763616,nan,576.5752039763616
258,862,198,164.02857069974564,362.13203435596427,59400.0,0.13530556490319737,150.46925893995055,-34.35118838451843,131,sand loam,,549.7370271235066,2468.0010082237136,948.6058769374403
258,863,199,646.1731573020282,362.13203435596427,234000.0,0.08862535492954456,150.46769455950547,-34.348992372262956,130,sand loam,,-,-,-
258,871,200,173.61933584200503,585.7642497408688,101700.0,0.07052391121756116,150.46856578449135,-34.3417080977996,130,sand loam,,-,-,-
258,872,201,113.091726225943,517.2792206135786,58500.0,0.05138109741610247,150.4718973467742,-34.339342870110876,130,sand loam,,-,-,-
258,873,202,57.41579946855568,517.2792206135786,29700.0,0.06475583687690462,150.4705939757167,-34.33931593574409,130,sand loam,,-,-,-
258,881,203,334.77581882234733,301.0970157718909,100800.0,0.0829573569870711,150.4620895179609,-34.34022167026954,130,sand loam,,-,-,-
258,882,204,176.4325242570075,367.27922061357856,64800.0,0.09219443509092323,150.46406900580232,-34.33945134291929,130,sand loam,,-,-,-
258,883,205,208.2883966923005,367.27922061357856,76500.0,0.1006959581185028,150.46083504975854,-34.33857291401429,130,sand loam,,-,-,-
258,891,206,362.8633633650417,319.95514488797545,116100.0,0.07353584919388928,150.45662366769338,-34.33767408972514,130,sand loam,,-,-,-
258,892,207,37.210759208692124,386.98484809835,14400.0,0.110848768576886,150.45864392411562,-34.335552420982935,130,sand loam,,-,-,-
258,893,208,144.19169193368197,386.98484809835,55800.0,0.08510456275272121,150.45637131606722,-34.335234749038825,130,sand loam,,-,-,-
258,901,209,355.06236797072137,359.9367647166102,127800.0,0.04613654126650989,150.45304769034556,-34.3373292583485,130,sand loam,,-,-,-
258,902,210,26.470588235294116,510.0,13500.0,0.07883072115741516,150.4544163789945,-34.33519409863758,130,sand loam,,-,-,-
258,903,211,183.52941176470588,510.0,93600.0,0.10377516292717097,150.45216015641012,-34.33433578018063,130,sand loam,,-,-,-
258,911,212,602.6120241609852,206.10275769542312,124200.0,0.10501130525892619,150.4446335507966,-34.33526066204723,131,sand loam,,576.5752039763616,nan,576.5752039763616
258,912,213,345.71744591805947,559.7056274847714,193500.0,0.09649318419716557,150.4478835678166,-34.33559893941745,131,sand loam,,576.5752039763616,nan,576.5752039763616
258,913,214,180.09466950150076,559.7056274847714,100800.0,0.1333065996193823,150.44733842929242,-34.33207166133683,131,sand loam,,552.5955430364049,2477.0654045786,902.8876204515607
258,921,215,341.45435553512533,297.8436161419477,101700.0,0.10191452483783797,150.4423774380156,-34.33440216750161,131,sand loam,,576.5752039763616,nan,576.5752039763616
258,922,216,60.27952245911451,552.4264068711929,33300.0,0.1634838799851618,150.44375454075546,-34.331996853423725,131,sand loam,,526.9423482703239,2446.9797509127197,1169.5834949746745
258,923,217,125.44657376626533,552.4264068711929,69300.0,0.12847978205173252,150.4411316606872,-34.33248294652079,131,sand loam,,538.3108109176217,2435.711333104815,1104.1831408308615
258,931,218,365.37494404217256,305.43966361064656,111600.0,0.13269155900755397,150.438191165648,-34.33269188025869,132,sand loam,,530.3892525972966,2467.837830294931,1272.8614309432626
258,932,219,141.47744500409192,814.2640687119285,115200.0,0.2647802513298162,150.4350400909993,-34.32910997894636,131,sand loam,,535.014717172169,2423.9706396437755,1122.6439631464177
258,933,220,328.27188411105703,814.2640687119285,267300.0,0.20237032399415195,150.43240902467477,-34.32986616771531,131,sand loam,,574.5816210831589,2540.77681233906,625.9104455748572
258,941,221,315.748821453528,384.79953603843427,121500.0,0.16957949682639115,150.42554254227966,-34.33053327297137,131,sand loam,,574.5816210831589,2540.77681233906,625.9104455748572
258,942,222,57.3786327785076,392.13203435596427,22500.0,0.2628363520679191,150.42397968811252,-34.32833676338773,131,sand loam,,528.9359311635266,2360.0614950940035,1124.9110561872649
258,943,223,245.58054829201254,392.13203435596427,96300.0,0.196350020207125,150.42229284829247,-34.33019441449822,131,sand loam,,568.9207140423265,2390.864228307848,737.9717200842956
258,952,224,198.3851434756867,766.6904755831214,152100.0,0.39633940983890414,150.41444061203399,-34.33111057773116,130,sand loam,,-,-,-
258,953,225,686.7178043389155,766.6904755831214,526500.0,0.30923646221571843,150.40979634741046,-34.333716883025446,131,sand loam,,576.5752039763616,nan,576.5752039763616
258,962,226,392.3611489829354,761.5432893255072,298800.0,0.23607553740755888,150.41956227719936,-34.33419365497895,131,sand loam,,576.5752039763616,nan,576.5752039763616
258,963,227,319.0888862210619,761.5432893255072,243000.0,0.3056545076767966,150.41619637682157,-34.33763850872194,131,sand loam,,571.7283556835714,2529.3794824594515,673.9255064900141
258,972,228,74.83380391569193,192.42640687119285,14400.0,0.17352802776663995,150.42174364614522,-34.337485061995125,131,sand loam,,535.014717172169,2346.4421035849964,1103.8491665261076
258,973,229,219.82429900234504,192.42640687119285,42300.0,0.21665552536795296,150.42169398918554,-34.33910672957078,131,sand loam,,552.5955430364049,2477.0654045786,902.8876204515607
258,981,230,322.0883784986368,310.16331748965234,99900.0,0.20964565622814055,150.4247917773489,-34.33376291027533,131,sand loam,,576.5752039763616,2392.11984265062,600.7380306698022
258,982,231,155.33008588991063,289.7056274847714,45000.0,0.3280228553006597,150.42309656713917,-34.33589084533111,131,sand loam,,537.8223588134138,2322.4038417046168,1077.3707260781227
258,983,232,130.47727214752493,289.7056274847714,37800.0,0.275414485806199,150.4250349427518,-34.33647255392613,131,sand loam,,535.014717172169,2409.6915030632413,1119.1823542784093
258,992,233,123.81283245125276,566.98484809835,70200.0,0.26794774971640273,150.4266227438736,-34.33785821855566,131,sand loam,,537.8223588134138,2382.715464298538,1091.3825171858014
258,993,234,382.5499053942553,566.98484809835,216900.0,0.19585188600083445,150.42457685271953,-34.34079015402733,132,sand loam,,515.608463914127,2490.118302723193,1365.5924419815453
258,1001,235,428.99081595059744,237.06801222455954,101700.0,0.12690145860510085,150.4361622602104,-34.33508347307874,131,sand loam,,576.5752039763616,nan,576.5752039763616
258,1002,236,397.85666461774565,836.98484809835,333000.0,0.18476682135712572,150.42937787054115,-34.33304797347285,131,sand loam,,576.5752039763616,nan,576.5752039763616
258,1003,237,224.73525109488875,836.98484809835,188100.0,0.24489201951757042,150.43123378708498,-34.336332382830115,131,sand loam,,551.7306100167092,2453.2388233034603,923.4334620323853
258,1012,238,246.83766184073568,229.70562748477138,56700.0,0.3657144674182993,150.43018208663906,-34.33874437824221,131,sand loam,,551.7306100167092,2423.7628093267995,967.932304547574
258,1013,239,82.27922061357856,229.70562748477138,18900.0,0.19886216639125692,150.4281858297682,-34.340054702392614,132,sand loam,,497.7841617025934,2481.922820822918,1645.9727030778624
258,1022,240,350.81307891365964,187.27922061357853,65700.0,0.3101769114798976,150.43178650607618,-34.33958942133299,131,sand loam,,573.7219385767742,2429.8127063302845,622.8090639571839
258,1023,241,52.86224476781173,187.27922061357853,9900.0,0.08171032020159029,150.430099589647,-34.3414471746564,132,sand loam,,503.86335546521667,2479.4650306109543,1550.6680820328415
258,1031,242,403.7621384730059,271.9422886337344,109800.0,0.10840861263795899,150.43935468936414,-34.337313946120986,131,sand loam,,576.5752039763616,nan,576.5752039763616
258,1032,243,168.86476538824186,671.5432893255072,113400.0,0.21159640569601934,150.43542831081055,-34.33777262826056,131,sand loam,,543.1120354520692,2401.7095826549585,1028.3058905338794
258,1033,244,186.28732054734618,671.5432893255072,125100.0,0.13910457977561147,150.43732569569727,-34.33970555309235,131,sand loam,,555.1994911587669,2475.0890313514874,880.211182144316
258,1042,245,398.5121633045323,284.5584412271571,113400.0,0.286736362014989,150.43498720956177,-34.341549729012236,131,sand loam,,576.5752039763616,2392.11984265062,600.7380306698022
258,1043,246,126.5117978744547,284.5584412271571,36000.0,0.13831513192580636,150.43136172079028,-34.34282594060639,132,sand loam,,499.1146218770811,2481.54052429126,1622.0460256268752
258,1051,247,345.29813619075276,383.14715932006544,132300.0,0.20153871143828603,150.43981731882118,-34.343544059649695,131,sand loam,,576.5752039763616,2392.11984265062,600.7380306698022
258,1052,248,164.8777535891919,414.8528137423857,68400.0,0.24498011706929998,150.43824563655272,-34.34161799034072,131,sand loam,,543.1120354520692,2392.424958468292,1050.5961175514042
258,1053,249,58.5749914066866,414.8528137423857,24300.0,0.1531377427269508,150.43654235279655,-34.34401639848995,131,sand loam,,526.9423482703239,2442.1500900114797,1168.3150991824298
258,1062,250,192.7559747339546,354.85281374238576,68400.0,0.2286629808783715,150.43391082294673,-34.34477259753219,131,sand loam,,548.8933058976509,2428.3025567018253,990.4028616616192
258,1063,251,121.740615621445,354.85281374238576,43200.0,0.17446325705518223,150.4319556988711,-34.34473157862762,132,sand loam,,504.2341695956916,2472.9724701956075,1623.219290698789
258,1072,252,174.47798375662248,711.8376618407357,124200.0,0.33971690236577634,150.43745408813174,-34.346199122667336,131,sand loam,,537.8223588134138,2373.771879649003,1089.304714691465
258,1073,253,177.00665018787788,711.8376618407357,126000.0,0.32747651608014683,150.43544128217897,-34.34805012209674,131,sand loam,,533.0211342789663,2400.8027831405384,1139.28446335486
258,1082,254,181.83517552274816,252.42640687119288,45900.0,0.2896100950882889,150.4406962656858,-34.34680788958433,131,sand loam,,543.1120354520692,2359.4625659512562,1043.6040948962752
258,1083,255,164.00819753032187,252.42640687119288,41400.0,0.2097763153598524,150.43996233265898,-34.34949706925767,131,sand loam,,538.3108109176217,2409.58126493745,1073.773314237055
258,1092,256,256.1675748740793,337.27922061357856,86400.0,0.26722152269396865,150.44298552654533,-34.346585299550284,131,sand loam,,557.1930740519696,2457.226968795153,855.0387672392612
258,1093,257,85.3891916246931,337.27922061357856,28800.0,0.19552885633408282,150.44357979263432,-34.348490893069894,131,sand loam,,533.0211342789663,2402.2303183842027,1139.644952052755
258,1102,258,63.63961030678927,42.42640687119285,2700.0,0.17865801051122307,150.44525837168277,-34.34690323121416,131,sand loam,,528.9359311635266,2368.33139573821,1126.9994149358017
258,1111,259,234.93514692915065,448.2087987956749,105300.0,0.026567618808115933,150.4491131689136,-34.33805866722468,131,sand loam,,576.5752039763616,nan,576.5752039763616
258,1112,260,395.7099174146588,1066.6904755831213,422100.0,0.12246089514891995,150.44380960637324,-34.34092298842455,131,sand loam,,576.5752039763616,nan,576.5752039763616
258,1113,261,271.6814358369299,1066.6904755831213,289800.0,0.10293063025629294,150.44898214358193,-34.34238320541173,131,sand loam,,576.5752039763616,nan,576.5752039763616
258,1122,262,249.57769189396805,504.85281374238576,126000.0,0.22241615947749774,150.4485498024833,-34.34589009542678,130,sand loam,,-,-,-
258,1123,263,153.3120107348661,504.85281374238576,77400.0,0.18624817820576126,150.44814200006883,-34.348586131319905,131,sand loam,,538.3108109176217,2377.0414352459825,1066.5422409722846
258,1132,264,234.46738825437038,886.6904755831213,207900.0,0.2521014399073996,150.4537881414716,-34.34518785327388,131,sand loam,,554.5382516579541,2444.1035351747546,875.4811401152454
258,1133,265,271.0077604498567,886.6904755831213,240300.0,0.1633435784137735,150.45763317498395,-34.3474314450217,131,sand loam,,574.5816210831589,2540.77681233906,625.9104455748572
258,1141,266,334.30700198087544,382.28334806852473,127800.0,0.05746271459021015,150.45390258632074,-34.34140387011484,131,sand loam,,576.5752039763616,nan,576.5752039763616
258,1142,267,178.664863476206,307.27922061357856,54900.0,0.15560811511432304,150.45580865908056,-34.34306624498,131,sand loam,,549.7370271235066,2468.877490941042,973.6856871840896
258,1143,268,325.1114728829322,307.27922061357856,99900.0,0.0801247166080072,150.45717738244826,-34.34093105721013,131,sand loam,,576.5752039763616,nan,576.5752039763616
258,1151,269,479.19850486248595,210.3512406177608,100800.0,0.14345897688845807,150.46373514764224,-34.350533091405914,131,sand loam,,576.5752039763616,nan,576.5752039763616
258,1152,270,292.10892000320274,976.6904755831213,285300.0,0.0907912062233885,150.46359659622877,-34.34430974924959,130,sand loam,,-,-,-
258,1153,271,220.23353905604245,976.6904755831213,215100.0,0.08691688773890048,150.46221982185625,-34.346715298748755,130,sand loam,,-,-,-
258,1162,272,90.1153368624908,229.70562748477138,20700.0,0.13993426447938392,150.45238653563243,-34.34840413084884,130,sand loam,,-,-,-
258,1163,273,97.95145311140305,229.70562748477138,22500.0,0.20259795066378133,150.45041492450991,-34.34890397032779,131,sand loam,,533.0211342789663,2373.850780433943,1132.4784020653155
258,1172,274,178.01200921446676,399.4112549695429,71100.0,0.32737027040421646,150.45463495483813,-34.349532744723,131,sand loam,,537.8223588134138,2350.3196777030985,1083.8562233302953
258,1173,275,81.1193966040608,399.4112549695429,32400.0,0.2532806590334577,150.45328237252076,-34.35112732412216,131,sand loam,,526.9423482703239,2369.7431037036204,1149.2991229803658
258,1181,276,377.7700051958977,266.82901928047147,100800.0,0.17337607217851705,150.460468155366,-34.35073577868866,131,sand loam,,576.5752039763616,nan,576.5752039763616
258,1182,277,103.86642005221235,277.2792206135785,28800.0,0.1870208591260843,150.45755969690165,-34.34986401059443,131,sand loam,,535.014717172169,2318.7790172957248,1097.1429637893143
258,1183,278,94.12894317231743,277.2792206135785,26100.0,0.30448134020990814,150.45751887193825,-34.351215435434554,131,sand loam,,528.9359311635266,2342.7528995789544,1120.5401987339696
258,1192,279,355.3952365161155,362.13203435596427,128700.0,0.16555513798232066,150.45776310962498,-34.35392505650125,131,sand loam,,576.5752039763616,nan,576.5752039763616
258,1193,280,345.45411101916125,362.13203435596427,125100.0,0.29068820710178817,150.4545041568072,-34.353857293404566,131,sand loam,,574.5816210831589,2540.77681233906,625.9104455748572
258,1202,281,342.21437887483376,1038.8225099390856,355500.0,0.22736496568486106,150.46390627514535,-34.35567528440322,131,sand loam,,576.5752039763616,2392.11984265062,600.7380306698022
258,1203,282,191.46677906667912,1038.8225099390856,198900.0,0.21661668601023423,150.4608997380707,-34.35804701462398,132,sand loam,,505.36754068255266,2475.036203972125,1600.278908703673
258,1212,283,236.25994385398081,514.2640687119286,121500.0,0.2882465612168266,150.46736919563673,-34.359803847985944,131,sand loam,,551.7306100167092,2455.092722748138,948.5132722790349
258,1213,284,225.75950190491503,514.2640687119286,116100.0,0.10243215994115475,150.46598410262834,-34.36247971420689,132,sand loam,,515.0282646827837,2486.1707809556897,1363.6623888020833
258,1221,285,277.5939696074823,385.81529761413526,107100.0,0.058447546937261424,150.47295045966138,-34.35856698972507,131,sand loam,,576.5752039763616,nan,576.5752039763616
258,1222,286,197.58388100348955,441.8376618407358,87300.0,0.1520766394966059,150.47000095042694,-34.35904693799857,131,sand loam,,557.1930740519696,2457.226968795153,855.0387672392612
258,1223,287,50.923680671002465,441.8376618407358,22500.0,0.14905681018078804,150.47158180937322,-34.36070235355785,131,sand loam,,526.9423482703239,2443.2212368765954,1143.9174080876462
258,1232,288,470.16697493473464,114.85281374238569,54000.0,0.16763775606181838,150.47123151121897,-34.3615064788946,131,sand loam,,576.5752039763616,nan,576.5752039763616
258,1233,289,23.508348746736733,114.85281374238569,2700.0,0.07542,150.46857528770425,-34.36307427241893,131,sand loam,,526.9423482703239,2447.0691195496292,1120.1712257369009
258,1241,290,257.8029751187724,432.8887203438392,111600.0,0.05813692618766004,150.47680473828035,-34.36053973566581,131,sand loam,,576.5752039763616,nan,576.5752039763616
258,1242,291,113.98055797157039,836.9848480983499,95400.0,0.20608200403455523,150.47316272979182,-34.36235775102853,131,sand loam,,535.014717172169,2418.8849021580345,1096.9778762593892
258,1243,292,469.90097956204016,836.9848480983499,393300.0,0.11141243856070308,150.4747031410105,-34.36536457011335,130,sand loam,,-,-,-
258,1253,293,60.0,150.0,9000.0,0.06787375,150.4682249500006,-34.36387838714427,131,sand loam,,533.0211342789663,2444.399553048493,1076.2210349564093
258,1262,294,309.2835818657797,637.2792206135786,197100.0,0.28733689278679075,150.47136244859362,-34.36800011004341,130,sand loam,,-,-,-
258,1263,295,146.8743950412835,637.2792206135786,93600.0,0.23471815177064242,150.4680785068313,-34.368743544077674,131,sand loam,,533.0211342789663,2430.1577721525955,1122.150291164444
258,1271,296,286.1307002651609,358.57739104863373,102600.0,0.09162072634531723,150.471819352871,-34.374500474228846,130,sand loam,,-,-,-
258,1272,297,215.21387367793713,397.2792206135785,85500.0,0.16536751805136857,150.4718924864697,-34.372067891565486,131,sand loam,,565.5020317404238,2410.487400157098,760.2888923591793
258,1273,298,29.45031955592824,397.2792206135785,11700.0,0.103356413627263,150.46991227485472,-34.372838310966536,131,sand loam,,526.9423482703239,2443.2212368765954,1143.9174080876462
258,1291,299,273.16519760161646,375.59689484907085,102600.0,0.0734937782509476,150.46325423789992,-34.377298126891695,130,sand loam,,-,-,-
258,1292,300,171.73718836294478,964.2640687119285,165600.0,0.17902606957071335,150.46753279226445,-34.37603452186559,130,sand loam,,-,-,-
258,1293,301,93.33542845812217,964.2640687119285,90000.0,0.1119952195290629,150.46695410519132,-34.373588447861245,131,sand loam,,533.0211342789663,2430.1577721525955,1122.150291164444
258,1301,302,535.618823187024,270.528207238536,144900.0,0.056742646234275086,150.46039382630468,-34.37480467957195,131,sand loam,,576.5752039763616,nan,576.5752039763616
258,1302,303,78.59598370888953,858.8225099390858,67500.0,0.057122660774599744,150.46565835482443,-34.373291151760405,131,sand loam,,544.6422154040683,2448.4232173018736,989.8100730953182
258,1303,304,231.59616532886113,858.8225099390858,198900.0,0.08726831984382535,150.46407739671844,-34.37163565733908,131,sand loam,,576.5752039763616,nan,576.5752039763616
258,1312,305,230.02735365484668,1056.3961030678927,243000.0,0.24542408528748974,150.46418334324474,-34.368121945884816,131,sand loam,,549.7370271235066,2475.8096052570418,924.8596945866949
258,1313,306,207.024618289362,1056.3961030678927,218700.0,0.255739002779223,150.4622928696013,-34.36591910451175,131,sand loam,,551.7306100167092,2455.092722748138,948.5132722790349
258,1321,307,503.70560962301823,210.837437525228,106200.0,0.06675121275033727,150.4529454979107,-34.373027075604945,130,clay loam,,-,-,-
258,1322,308,250.4443943760241,736.6904755831214,184500.0,0.14628991955733078,150.45785138034972,-34.37258823132833,131,sand loam,,574.5816210831589,2540.77681233906,625.9104455748572
258,1323,309,97.7343978052777,736.6904755831214,72000.0,0.2933064021377981,150.4565802075305,-34.37147998934283,131,sand loam,,535.014717172169,2418.8849021580345,1096.9778762593892
258,1331,310,380.6069820467996,262.4754792010522,99900.0,0.13885525805291643,150.45014290762725,-34.3686414276447,131,clay loam,,568.4867936679688,2749.7028429992433,651.8111222437033
258,1332,311,188.82650037287252,667.2792206135787,126000.0,0.25063098813479007,150.4546571506029,-34.370358171039385,131,clay loam,,569.2636903173951,2685.4460825269334,677.7665623386854
258,1333,312,269.7521433898179,667.2792206135787,180000.0,0.20527225240982963,150.45473894819995,-34.36765533549393,131,clay loam,,573.0523353208823,2694.6348004927404,627.4894019975034
258,1341,313,466.6448694410424,221.79607401228822,103500.0,0.21494879958652346,150.4557985487012,-34.36497283980286,131,sand loam,,576.5752039763616,nan,576.5752039763616
258,1342,314,225.67283113250758,821.5432893255072,185400.0,0.17044243159748634,150.46138029687964,-34.36373653358967,132,sand loam,,507.33475067172276,2489.2112023683508,1507.9520571774028
258,1343,315,156.65638277644942,821.5432893255072,128700.0,0.29663536926455447,150.45980775535415,-34.36181070830704,132,sand loam,,509.42605097704575,2464.9325576518445,1599.8059144690064
258,1351,316,377.9792797854352,373.83001544479043,141300.0,0.21320539617206283,150.45591298791584,-34.36118886296375,132,sand loam,,520.3719176136703,2481.289769463567,1342.2122254387618
258,1352,317,165.34277784093902,582.4264068711929,96300.0,0.20423321757111218,150.4579583633532,-34.35825638523534,131,sand loam,,538.3108109176217,2449.5314653821406,1033.1656524089633
258,1353,318,231.78894089851264,582.4264068711929,135000.0,0.26398990891506846,150.45472377124284,-34.35737776772846,131,sand loam,,549.7370271235066,2468.0010082237136,948.6058769374403
258,1361,319,395.00162127428956,264.30271264001857,104400.0,0.27804878977967495,150.44894567572607,-34.365100569965236,131,clay loam,,559.9581541061633,2717.692882317535,697.2153703848269
258,1362,320,307.3886037130846,1636.6904755831213,503100.0,0.24239510425373947,150.45173329859114,-34.359208690552855,131,sand loam,,574.5636988221239,2387.8388857155937,622.8028682305197
258,1363,321,271.6457428162143,1636.6904755831213,444600.0,0.22132846903207992,150.44852333494038,-34.3575190615084,131,sand loam,,571.7283556835714,2529.3794824594515,673.9255064900141
258,1371,322,373.15471932351966,277.3648426251499,103500.0,0.17270668946723594,150.44406484789977,-34.364728230312835,131,clay loam,,575.0295233332822,2680.165697059506,602.101904111661
258,1372,323,223.87853063306255,1829.116882454314,409500.0,0.19635392378266636,150.44593248792657,-34.35692409177225,131,sand loam,,555.1994911587669,2475.0890313514874,880.211182144316
258,1373,324,203.70486083975362,1829.116882454314,372600.0,0.20777238759425698,150.4423064660147,-34.35820060273932,131,clay loam,,575.0295233332822,2680.165697059506,602.101904111661
258,1381,325,338.45689001593706,303.1405269816455,102600.0,0.19630282603407728,150.43735199294966,-34.36026053999181,131,clay loam,,575.0295233332822,2680.165697059506,602.101904111661
258,1382,326,199.8396842680434,1301.543289325507,260100.0,0.2493198844493776,150.44143558368404,-34.35466650032194,130,sand loam,,-,-,-
258,1383,327,140.37181974537305,1301.543289325507,182700.0,0.2198140473320389,150.43884488319327,-34.354071386323014,131,sand loam,,533.0211342789663,2386.636464548625,1135.7071101750837
258,1391,328,260.7716878027773,393.4476202707895,102600.0,0.20647415678888106,150.43596127425144,-34.352388268207356,131,sand loam,,571.7283556835714,2529.3794824594515,673.9255064900141
258,1392,329,141.70772927982858,457.27922061357856,64800.0,0.1959655508547829,150.43858480512023,-34.351902316682136,131,sand loam,,538.3108109176217,2400.0766545087154,1095.9043771166164
258,1393,330,147.61221799982144,457.27922061357856,67500.0,0.33190617042461856,150.43701300843534,-34.34997622814706,131,sand loam,,533.0211342789663,2385.7676615942764,1135.4877154896421
258,1402,331,125.37785998259591,114.85281374238569,14400.0,0.307338902488417,150.432834346388,-34.34799545133266,131,sand loam,,533.0211342789663,2370.077422343948,1131.5255338607712
258,1403,332,78.36116248912244,114.85281374238569,9000.0,0.08467999999999999,150.43126275338156,-34.34606929698093,132,sand loam,,508.9887536383069,2465.9811473838736,1599.8390741560054
258,1412,333,185.43184195147745,596.98484809835,110700.0,0.2744330539664494,150.43148139313732,-34.34958977244918,130,sand loam,,-,-,-
258,1413,334,88.94698109867618,596.98484809835,53100.0,0.17133396139003843,150.42887441779666,-34.34953501522825,131,sand loam,,533.0211342789663,2357.091902416183,1128.2463621618408
258,1421,335,371.70521955070643,384.9824873940973,143100.0,0.2419088423127334,150.43252101430568,-34.35826607628455,131,clay loam,,559.9581541061633,2717.692882317535,697.2153703848269
258,1422,336,468.1567622413845,609.4112549695428,285300.0,0.19793947409790727,150.43394828001277,-34.35423923322951,131,sand loam,,576.5752039763616,nan,576.5752039763616
258,1423,337,147.68352121179322,609.4112549695428,90000.0,0.2427490764674973,150.4306563656853,-34.35525195206652,131,clay loam,,569.2636903173951,2685.4460825269334,677.7665623386854
258,1431,338,330.02599968418525,395.4233912627506,130500.0,0.2476595594689427,150.42766548609015,-34.35708226656513,131,clay loam,,559.9581541061633,2717.692882317535,697.2153703848269
258,1432,339,143.70702850944326,469.7056274847715,67500.0,0.18445555654823723,150.42939407345673,-34.35387317346846,131,sand loam,,538.3108109176217,2342.2797333353683,1082.4768095712934
258,1433,340,551.8349894762622,469.7056274847715,259200.0,0.15302150037726273,150.4258423781815,-34.35271668611918,131,sand loam,,576.5752039763616,nan,576.5752039763616
258,1441,341,308.414134734846,385.1963532804239,118800.0,0.14927643368931875,150.42629224407932,-34.348669367299486,131,sand loam,,574.5816210831589,2689.433782027501,601.7476188814165
