cell,calendar_year,P_mm,Q_mm,Ep_mm,Es_mm,Er_mm,Dp_mm,latqcc_mm,mean_soil_water_mm,mean_soil_water_total_mm,mean_porosity_capacity_mm,mean_field_capacity_mm,mean_wilting_point_mm,ET_mm,Es_fraction
burned_pmet,1980,1091.2086700860334,387.9113296316037,87.23054211836137,136.24811222588394,0.0,2.51853402330655,501.5720484041727,155.49513620679448,155.49513620679448,275.9064558430772,160.0758131144192,76.7359738385468,223.4786543442453,0.6096694676530855
burned_pmet,1981,533.9343723465844,51.544625952618986,93.51491784513887,118.89610468115067,0.0,2.569423464067926,248.46938146745757,149.94467705729767,149.94467705729767,275.9053634912547,160.0758131144192,76.73597383854681,212.41102252628954,0.5597454560835478
burned_pmet,1982,826.5774332970304,127.09885032046552,116.00601458267242,196.71865258806457,0.0,2.569423464067926,363.1908657208331,158.12143326195667,158.12143326195667,275.9052089273209,160.0758131144192,76.73597383854681,312.724667170737,0.629047444091332
burned_pmet,1983,1531.4009662976641,402.9536315869616,149.85994219802393,271.9605148531317,0.0,2.569423464067926,688.8920869331034,169.56587865562653,169.56587865562653,275.9052089273209,160.0758131144192,76.73597383854681,421.82045705115564,0.6447305015843509
burned_pmet,1984,344.3438589810073,5.67214883617405,73.78206063053625,114.72344215265866,0.0,2.576462980407838,159.73461818643366,146.7611064310511,146.7611064310511,275.90515098357116,160.0758131144192,76.7359738385468,188.5055027831949,0.6085946588233293
burned_pmet,1985,380.03711987344064,35.703116894285365,90.09035378775748,120.62831117865325,0.0,2.569423464067926,160.9368280724027,148.31057666622348,148.31057666622348,275.9051059787162,160.0758131144192,76.73597383854681,210.71866496641073,0.5724614437827888
burned_pmet,1986,703.0585535478142,143.59058074465898,110.37859781931478,139.48995201471976,0.0,2.569423464067926,321.96739387489276,153.1538435172788,153.1538435172788,275.9051059787162,160.0758131144192,76.73597383854681,249.86854983403452,0.5582533380346207
burned_pmet,1987,457.66106862025913,37.34816335694055,87.08612648387631,137.42130615149685,0.0,2.568642813277499,156.8306150551129,146.7644094949773,146.7644094949773,275.9051059787162,160.0758131144192,76.73597383854681,224.50743263537316,0.612101365813957
burned_pmet,1988,492.1575448062245,14.034860352628494,107.63909022552933,133.10040053531523,0.0,2.576462980407838,207.60054204900857,150.01571740308106,150.01571740308106,275.9051059787162,160.0758131144192,76.7359738385468,240.73949076084455,0.5528814575234765
burned_pmet,1989,211.1292471009512,4.312532656073476,81.11190023866753,86.85498399770576,0.0,2.569423464067926,107.9492802911709,144.06613917117807,144.06613917117807,275.9051059787162,160.0758131144192,76.73597383854681,167.9668842363733,0.5170958810873583
burned_pmet,1990,341.3872452466966,53.914033025601874,81.24267158823483,91.67324061280671,0.0,2.569423464067926,110.67366123705496,142.21763863269783,142.21763863269783,275.9051059787162,160.0758131144192,76.73597383854681,172.91591220104152,0.5301608131137311
burned_pmet,1991,734.9963277910555,198.56974722278903,84.36408611999491,109.02140180787727,0.0,2.569423464067926,259.5592939987561,147.59225691665108,147.59225691665108,275.9051059787162,160.0758131144192,76.73597383854681,193.3854879278722,0.5637517218900078
burned_pmet,1992,1082.4512245039093,283.2974520042459,109.45381620768379,167.05738075001165,0.0,2.576462980407838,519.744638975224,160.55020396222594,160.55020396222594,275.9051059787162,160.0758131144192,76.7359738385468,276.51119695769546,0.6041613597859852
burned_pmet,1993,1121.8587115172486,377.4863589592759,105.77157716251901,150.93088397657212,0.0,2.569423464067926,552.9715843160392,157.64244330203624,157.64244330203624,275.9051059787162,160.0758131144192,76.73597383854681,256.70246113909116,0.5879604087426027
burned_pmet,1994,357.68054556892815,1.7333707135187517,105.91842827107962,135.199024794984,0.0,2.569423464067926,104.27451141292161,143.94098999114848,143.94098999114848,275.9051059787162,160.0758131144192,76.73597383854681,241.11745306606363,0.5607185339583896
burned_pmet,1995,1320.8220918100444,530.6143148515378,98.2803652279553,157.03264565398064,0.0,2.569423464067926,524.2060628661991,157.19068323758134,157.19068323758134,275.9051059787162,160.0758131144192,76.73597383854681,255.31301088193595,0.6150593152755425
burned_pmet,1996,804.8272825830506,157.3998876384049,102.17866939598134,162.8735318065252,0.0,2.576462980407838,339.06837068492337,155.63679086670516,155.63679086670516,275.9051059787162,160.0758131144192,76.7359738385468,265.0522012025065,0.6144960542398429
burned_pmet,1997,491.0863461984711,51.20705039193546,62.3908195828414,103.92699418038686,0.0,2.569423464067926,301.4500717554105,151.00862849808166,151.00862849808166,275.9051059787162,160.0758131144192,76.73597383854681,166.31781376322826,0.6248698911370876
burned_pmet,1998,936.0756209848523,165.4163447724689,126.43914885299414,206.35723753233066,0.0,2.569423464067926,464.4953585557662,160.56096960881214,160.56096960881214,275.9051059787162,160.0758131144192,76.73597383854681,332.7963863853248,0.6200705475611809
burned_pmet,1999,273.49494722209545,1.2585758593638117,88.85821836562258,110.55447617460769,0.0,2.568896654095529,65.65415152776337,140.11274644533296,140.11274644533296,275.9051059787162,160.0758131144192,76.73597383854681,199.41269454023026,0.5544003927608732
burned_pmet,2000,506.0183594993584,54.846696939574436,96.86745136095263,118.6726506870916,0.0,2.5547259681761716,242.72789925073687,148.58415027008706,148.58415027008706,275.9051059787162,160.0758131144192,76.7359738385468,215.54010204804422,0.5505826969527893
burned_pmet,2001,664.3468328145191,137.98353600742655,86.60179919934951,139.58405108023948,0.0,2.569423464067926,269.8456391871731,151.35469829828304,151.35469829828304,275.9051059787162,160.0758131144192,76.73597383854681,226.18585027958898,0.6171210573415589
burned_pmet,2002,366.12971508722643,38.57428998529509,77.61676422368635,92.26933104973335,0.0,2.568665551877125,132.430906225748,144.65995087439615,144.65995087439615,275.9051059787162,160.0758131144192,76.73597383854681,169.8860952734197,0.5431246795167808
burned_pmet,2003,514.5075186662621,101.83623752144499,110.26404202213091,122.91919295800797,0.0,2.569423464067926,188.34845242841897,148.83695579070468,148.83695579070468,275.9051059787162,160.0758131144192,76.73597383854681,233.18323498013888,0.5271356363525769
burned_pmet,2004,855.8631514398112,274.6476363773112,86.07100930039279,117.16956565437809,0.0,2.576421971702464,285.55468482947316,152.4939208506085,152.4939208506085,275.9051059787162,160.0758131144192,76.7359738385468,203.24057495477086,0.5765067614104762
burned_pmet,2005,1252.4413274958217,564.9683937358841,110.44900423794763,154.07668812869,0.0,2.569421406725662,513.7228921276034,157.08963343868731,157.08963343868731,275.9051059787162,160.0758131144192,76.73597383854681,264.5256923666376,0.5824639820435166
burned_pmet,2006,547.5628714794586,82.58443230671169,108.72237137562924,137.25811441881146,0.0,2.569423464067926,247.5399331593216,150.15467299716545,150.15467299716545,275.9051059787162,160.0758131144192,76.73597383854681,245.9804857944407,0.5580040789638671
burned_pmet,2007,299.0350730211696,1.0275419988972676,79.46184531813886,111.21652012949731,0.0,2.561083437413693,63.70838193973872,139.54986726326453,139.54986726326453,275.9051059787162,160.0758131144192,76.73597383854681,190.67836544763617,0.5832676395584031
burned_pmet,2008,655.4849392612676,150.57157447302353,75.91697415110337,115.16834914857671,0.0,2.576462980407838,316.03805242626987,151.09578301047893,151.09578301047893,275.9051059787162,160.0758131144192,76.7359738385468,191.08532329968008,0.6027064096804421
burned_pmet,2009,462.51021633389104,54.34842435554165,89.2934468820078,92.37930202944672,0.0,2.569423464067926,226.17444649542125,149.6225361682371,149.6225361682371,275.9051059787162,160.0758131144192,76.73597383854681,181.6727489114545,0.5084928949606607
burned_pmet,2010,895.4966575830575,186.6468315360071,107.88877420280423,153.84138802756934,0.0,2.569423464067926,392.2003289149329,155.87542750426158,155.87542750426158,275.9051059787162,160.0758131144192,76.73597383854681,261.7301622303736,0.5877862402888013
burned_pmet,2011,401.81862488138955,30.80947091442833,114.05978915853979,133.66483669639942,0.0,2.569423464067926,195.12998973573022,150.7601646770343,150.7601646770343,275.9051059787162,160.0758131144192,76.73597383854681,247.7246258549392,0.5395702435117206
burned_pmet,2012,358.0194374340954,3.660284591656126,97.79246158656284,123.04152574056269,0.0,2.560367807446504,92.25815016639137,142.0805727473346,142.0805727473346,275.9051059787162,160.0758131144192,76.7359738385468,220.83398732712553,0.5571675231235986
burned_pmet,2013,152.12396281750813,1.3161020106194208,76.28675509530602,70.62316410271686,0.0,2.569423464067926,47.8876528266515,140.0496458719736,140.0496458719736,275.9051059787162,160.0758131144192,76.73597383854681,146.90991919802286,0.4807242729983566
burned_pmet,2014,336.0856321538709,45.9726195743051,54.53796806259872,62.24443580145204,0.0,2.561695566390514,136.7085356681513,141.53799230147524,141.53799230147524,275.9051059787162,160.0758131144192,76.73597383854681,116.78240386405076,0.5329949867611246
burned_pmet,2015,231.98197879062124,2.2207946340509013,107.77376265490047,98.34564355689017,0.0,2.5692560010016576,55.660708922526005,141.56936039848955,141.56936039848955,275.9051059787162,160.0758131144192,76.73597383854681,206.11940621179065,0.4771294724953681
burned_pmet,2016,438.2347784099771,19.382943882702367,83.35941497543216,109.62344859375783,0.0,2.576373071477918,161.83677889117507,146.34196359680072,146.34196359680072,275.9051059787162,160.0758131144192,76.7359738385468,192.98286356919,0.5680475798021031
burned_pmet,2017,495.5494506379299,126.16350541435472,52.43508686735734,81.80831877535486,0.0,2.5694211406017415,297.416855938925,148.68143550194793,148.68143550194793,275.9051059787162,160.0758131144192,76.73597383854681,134.24340564271222,0.6094028856291613
burned_pmet,2018,406.9292874775795,13.218106437614034,79.40704474539561,101.86996436068767,0.0,2.569423464067926,181.41428248557946,147.00931619983731,147.00931619983731,275.9051059787162,160.0758131144192,76.73597383854681,181.27700910608328,0.5619574421656162
burned_pmet,2019,838.5322600915501,118.81610901128458,81.59982517188571,134.092643164543,0.0,2.569423464067926,459.01522630211053,158.01268581050186,158.01268581050186,275.9051059787162,160.0758131144192,76.73597383854681,215.6924683364287,0.6216844018651153
burned_pmet,2020,347.8140726609146,17.65573139766225,77.82626454077233,80.08770790375945,0.0,2.576462980407838,198.8369922570046,147.5556950520129,147.5556950520129,275.9051059787162,160.0758131144192,76.7359738385468,157.9139724445318,0.507160365001208
burned_pmet,2021,571.7963981700382,172.98349476658507,71.6507982057297,82.00145315404627,0.0,2.56823929215238,167.51965065754283,145.0676557170773,145.0676557170773,275.9051059787162,160.0758131144192,76.73597383854681,153.65225135977596,0.5336820803363322
burned_pmet,2022,255.73876973227573,4.335020943200222,79.1151244518077,83.53703560414577,0.0,2.569423464067926,127.05259835415633,145.3809358000366,145.3809358000366,275.9051059787162,160.0758131144192,76.73597383854681,162.65216005595346,0.5135931522545317
burned_pmet,2023,1125.2993254638454,346.40601281700657,112.23818989729588,159.66585805472783,0.0,2.569423464067926,516.7233122212383,160.9741656950204,160.9741656950204,275.9051059787162,160.0758131144192,76.73597383854681,271.9040479520237,0.5872139795539204
burned_pmet,2024,777.2063735944386,257.36515543756343,80.17664471137924,125.34887088129105,0.0,2.576462980407838,370.8540327349235,154.0849478412604,154.0849478412604,275.9051059787162,160.0758131144192,76.7359738385468,205.52551559267027,0.6098944479950567
burned_pmet,2025,960.59641575125,257.80396422996097,94.68887072471159,113.15868195858648,0.0,2.569423464067926,371.9359650098434,155.55867716691438,155.55867716691438,275.9051059787162,160.0758131144192,76.73597383854681,207.8475526832981,0.5444311491654119
undisturbed_pmet,1980,1091.2086700860336,369.17401271366543,299.23548502579257,23.916236422170055,0.0,1.387931801679079,471.1338606790709,117.84615760712828,117.84615760712828,276.61451444633303,160.0758131144192,76.7359738385468,323.15172144796264,0.07400931152403378
undisturbed_pmet,1981,533.9343723465845,35.840421228405305,313.4911944145327,23.033154725423437,0.0,1.2288511445228805,133.73794925541037,106.49063352615818,106.49063352615818,276.10568689592117,160.0758131144192,76.73597383854681,336.52434913995614,0.06844424418110752
undisturbed_pmet,1982,826.5774332970304,111.46516717953301,406.0214607875181,36.44964964054319,0.0,1.5018782825983608,213.90015435656844,121.7628614391593,121.7628614391593,276.0068529959042,160.0758131144192,76.73597383854681,442.4711104280613,0.08237746777474486
undisturbed_pmet,1983,1531.4009662976644,372.4466845587697,539.0543836815789,45.338060046565836,0.0,1.7121060097253555,558.4839139214528,138.7495130947459,138.7495130947459,275.9636879728724,160.0758131144192,76.73597383854681,584.3924437281447,0.0775815302424697
undisturbed_pmet,1984,344.3438589810074,2.523992762075196,225.54142410332227,23.234668143510273,0.0,1.3040517200230657,100.80892814560687,104.37589716107463,104.37589716107463,275.95435413677967,160.0758131144192,76.7359738385468,248.77609224683255,0.09339590446037364
undisturbed_pmet,1985,380.0371198734407,22.718012068209998,296.98961905150145,26.94205717608793,0.0,1.4504632904113028,81.7525530715802,108.17582134956012,108.17582134956012,275.9495144707381,160.0758131144192,76.73597383854681,323.9316762275894,0.08317203643017257
undisturbed_pmet,1986,703.0585535478142,121.23738209803227,361.4758635797413,25.667453701267025,0.0,1.431655622991119,243.54903648818015,111.92111768180833,111.92111768180833,275.94356738212014,160.0758131144192,76.73597383854681,387.14331728100836,0.06629961710700608
undisturbed_pmet,1987,457.66106862025913,25.507309862733305,248.1412739797068,28.221818437361023,0.0,1.21414468730198,64.41263648586815,101.53265923663734,101.53265923663734,275.9429209067105,160.0758131144192,76.73597383854681,276.36309241706783,0.10211862296999713
undisturbed_pmet,1988,492.1575448062245,15.154518992774713,348.9124708838814,24.335609348649495,0.0,1.3440342671517391,87.500554650631,107.64584231183542,107.64584231183542,275.9388002388315,160.0758131144192,76.7359738385468,373.24808023253087,0.06519955664202903
undisturbed_pmet,1989,211.1292471009512,4.037277521793905,237.28930691905205,19.460766982097233,0.0,1.3281664709532706,58.59037576820506,100.13356648636312,100.13356648636312,275.93581909001114,160.0758131144192,76.73597383854681,256.7500739011493,0.07579653897038321
undisturbed_pmet,1990,341.38724524669664,50.61651010311889,230.1129653546345,20.603875477706087,0.0,1.0865691746312824,38.38624014044381,94.28224556820149,94.28224556820149,275.93482983794854,160.0758131144192,76.73597383854681,250.71684083234058,0.08217986238700381
undisturbed_pmet,1991,734.9963277910556,182.29789189544812,262.96379530797043,19.449110071575113,0.0,1.1975916006245564,173.81287551017581,101.09715663328569,101.09715663328569,275.9322203784513,160.0758131144192,76.73597383854681,282.4129053795455,0.06886763919459243
undisturbed_pmet,1992,1082.4512245039095,230.75847016906917,391.5455688555827,28.520644861462472,0.0,1.492742989063273,404.2675528773622,123.89751813319192,123.89751813319192,275.9310620482328,160.0758131144192,76.7359738385468,420.0662137170452,0.06789559343297687
undisturbed_pmet,1993,1121.8587115172486,344.80261231468216,343.2758852224147,26.390855800465605,0.0,1.4568998045079244,510.1805661490487,119.06788599223675,119.06788599223675,275.92705099253817,160.0758131144192,76.73597383854681,369.6667410228803,0.07139093911300005
undisturbed_pmet,1994,357.68054556892815,0.3332277053798704,300.8357196193041,27.98553129104941,0.0,1.0362199001885712,18.790956977058666,94.98106229822108,94.98106229822108,275.9258038810964,160.0758131144192,76.73597383854681,328.8212509103535,0.08510864554395574
undisturbed_pmet,1995,1320.8220918100442,481.06967468072696,316.263480792717,26.17412459254521,0.0,1.434457950338343,474.0429820963651,118.86263511070385,118.86263511070385,275.92413869174885,160.0758131144192,76.73597383854681,342.4376053852622,0.07643472615426626
undisturbed_pmet,1996,804.8272825830506,142.3879841960504,352.9982344646935,28.470948273985666,0.0,1.349166450563939,208.61968999214747,115.63339012417337,115.63339012417337,275.923383856258,160.0758131144192,76.7359738385468,381.46918273867914,0.07463498904311058
undisturbed_pmet,1997,491.0863461984712,50.832078913757144,213.93732315742048,16.35902779276811,0.0,1.3707954745568023,246.07853926661565,110.84760151482251,110.84760151482251,275.922574488706,160.0758131144192,76.73597383854681,230.29635095018858,0.0710346808591268
undisturbed_pmet,1998,936.0756209848523,150.40543760617908,451.9345573803404,37.24131048863171,0.0,1.6026570213194185,371.66089249814405,125.89965860820972,125.89965860820972,275.92080895564686,160.0758131144192,76.73597383854681,489.1758678689721,0.07613071889843707
undisturbed_pmet,1999,273.49494722209545,0.058194143767945405,234.7249074714779,22.38305381541362,0.0,0.9789287362028302,4.444497084330673,89.67404101639075,89.67404101639075,275.91973971259085,160.0758131144192,76.73597383854681,257.1079612868915,0.08705702345186309
undisturbed_pmet,2000,506.0183594993583,38.566414927715115,293.47012452713557,21.737504904645494,0.0,1.1617245694010498,164.64654942760205,102.81494565169257,102.81494565169257,275.9192058543416,160.0758131144192,76.7359738385468,315.2076294317811,0.0689624960659464
undisturbed_pmet,2001,664.3468328145191,129.611109286428,280.539640225254,23.354759627199844,0.0,1.2653281659513866,182.5449049114621,109.22255113903456,109.22255113903456,275.91901469170864,160.0758131144192,76.73597383854681,303.89439985245383,0.07685156303814417
undisturbed_pmet,2002,366.12971508722654,27.838658408299892,227.7087887306683,19.826474843754912,0.0,1.0524829731088685,44.24660371047643,97.82062858879041,97.82062858879041,275.91893258667346,160.0758131144192,76.73597383854681,247.5352635744232,0.08009555712369823
undisturbed_pmet,2003,514.5075186662621,92.23766486733756,355.66293723715575,26.33604959209244,0.0,1.4169660470623635,78.19142804895787,106.05708848235454,106.05708848235454,275.9189319897135,160.0758131144192,76.73597383854681,381.99898682924817,0.0689427210545575
undisturbed_pmet,2004,855.8631514398112,254.59676094756998,311.42173155963644,21.753359542001483,0.0,1.3975679397962462,156.3535636369666,110.71642051086273,110.71642051086273,275.91865734177696,160.0758131144192,76.7359738385468,333.1750911016379,0.06529107404180294
undisturbed_pmet,2005,1252.441327495822,495.94934960633634,349.63886594194383,27.778791258101958,0.0,1.4580297181777022,507.355069794288,118.75369574393667,118.75369574393667,275.9171419653539,160.0758131144192,76.73597383854681,377.41765720004577,0.07360225661985427
undisturbed_pmet,2006,547.5628714794586,78.14075188087372,356.379173602741,25.755102962649257,0.0,1.1952715286235613,116.66398392425788,105.80261602268412,105.80261602268412,275.91703122351043,160.0758131144192,76.73597383854681,382.1342765653902,0.06739804446263035
undisturbed_pmet,2007,299.0350730211695,0.10518739053683919,193.8912721350737,21.74030960460716,0.0,0.9761630151891165,10.85233738453641,90.33380781240817,90.33380781240817,275.91700236469734,160.0758131144192,76.73597383854681,215.63158173968085,0.1008215467753371
undisturbed_pmet,2008,655.4849392612678,132.48615606039584,251.38344560547284,21.499919777356236,0.0,1.3513467021129424,252.2842070017839,110.73573276482301,110.73573276482301,275.91700236469734,160.0758131144192,76.7359738385468,272.8833653828291,0.07878794571150909
undisturbed_pmet,2009,462.51021633389104,35.69347734309012,294.7558154315489,17.42734258796445,0.0,1.238169442026841,113.7256379271845,106.76440954375335,106.76440954375335,275.91700236469734,160.0758131144192,76.73597383854681,312.18315801951337,0.05582409601633646
undisturbed_pmet,2010,895.4966575830574,165.8156408098372,349.0149818540092,29.079775554319628,0.0,1.3838273760807345,290.29230848477346,115.15747289797568,115.15747289797568,275.91700236469734,160.0758131144192,76.73597383854681,378.0947574083288,0.07691134294918169
undisturbed_pmet,2011,401.81862488138967,23.60073069866933,384.73226307391116,26.000320880258904,0.0,1.3847590068061042,83.06409350057012,108.08369087147177,108.08369087147177,275.91700236469734,160.0758131144192,76.73597383854681,410.7325839541701,0.06330230884034281
undisturbed_pmet,2012,358.0194374340954,0.15185478283053924,245.71274584258157,23.39662856532416,0.0,0.9808502407173435,14.570057722001314,92.52146136076823,92.52146136076823,275.91700236469734,160.0758131144192,76.7359738385468,269.1093744079057,0.08694096449371713
undisturbed_pmet,2013,152.12396281750813,0.14787726340789079,210.37050146289334,16.535611346695617,0.0,0.8883948223977963,8.959890382014647,93.44739733188335,93.44739733188335,275.91700236469734,160.0758131144192,76.73597383854681,226.90611280958896,0.0728742436329676
undisturbed_pmet,2014,336.0856321538709,41.0721559209692,142.54214635306687,11.745496874138484,0.0,0.9928563479070855,59.81251629831899,93.61243617952036,93.61243617952036,275.91695986424156,160.0758131144192,76.73597383854681,154.28764322720536,0.07612726870707306
undisturbed_pmet,2015,231.98197879062124,0.11746851222915136,272.79296324852515,22.47066787892904,0.0,1.2323127922564958,12.025206872588132,95.27467014537608,95.27467014537608,275.9166423833796,160.0758131144192,76.73597383854681,295.2636311274542,0.07610374428142591
undisturbed_pmet,2016,438.2347784099771,17.389366235879223,266.0272847391062,21.296176051291983,0.0,1.0274398396062447,40.46566918983403,100.8407847270285,100.8407847270285,275.91632080351326,160.0758131144192,76.7359738385468,287.3234607903982,0.074119168663458
undisturbed_pmet,2017,495.54945063792997,116.03507124321794,179.56753671445452,15.168994666589658,0.0,1.3560103873780724,278.06313243937524,108.02527622796315,108.02527622796315,275.9151788531493,160.0758131144192,76.73597383854681,194.7365313810442,0.07789496176712851
undisturbed_pmet,2018,406.9292874775796,9.42518121084612,257.3993828406163,19.143631045538516,0.0,1.1847265557330664,60.14571099538897,101.60512521565373,101.60512521565373,275.91486185552884,160.0758131144192,76.73597383854681,276.5430138861548,0.06922478632354612
undisturbed_pmet,2019,838.5322600915501,98.99233918801532,265.1322813451756,23.001847022943483,0.0,1.4715167906627085,396.57121692794317,121.68290523004228,121.68290523004228,275.9139393804376,160.0758131144192,76.73597383854681,288.1341283681191,0.0798303455172669
undisturbed_pmet,2020,347.8140726609146,10.238070470879222,272.0884724506547,15.42312248519999,0.0,1.3955267856632283,113.94786837989318,104.63523126846076,104.63523126846076,275.91346164114833,160.0758131144192,76.7359738385468,287.5115949358547,0.05364347997388059
undisturbed_pmet,2021,571.7963981700382,135.8535293663142,199.19851350834736,17.053841867081637,0.0,1.0237419131591468,99.81750394617168,96.89162600072939,96.89162600072939,275.9133242632206,160.0758131144192,76.73597383854681,216.252355375429,0.07886083755006965
undisturbed_pmet,2022,255.73876973227573,1.5600481919561835,229.8395554262657,17.725404763008097,0.0,1.2356167409569898,74.48879433402286,101.43882828503843,101.43882828503843,275.913091502112,160.0758131144192,76.73597383854681,247.5649601892738,0.07159900476002856
undisturbed_pmet,2023,1125.2993254638452,303.968521109581,357.5673431320596,28.096298558523443,0.0,1.5143217854065654,446.3498867962156,124.69531008134474,124.69531008134474,275.9127330892422,160.0758131144192,76.73597383854681,385.66364169058306,0.0728518209166967
undisturbed_pmet,2024,777.2063735944386,241.1623155411795,282.85841493558763,22.06557818119362,0.0,1.4735676348278062,313.5686501914722,117.65713460581571,117.65713460581571,275.9125154224724,160.0758131144192,76.7359738385468,304.9239931167813,0.07236419133716
undisturbed_pmet,2025,960.59641575125,222.98406114670811,316.6746248201674,21.298181808998546,0.0,1.4421166119622129,229.71357570368585,115.11293756165007,115.11293756165007,275.91234048785833,160.0758131144192,76.73597383854681,337.972806629166,0.06301744220613452
burned_legacy,1980,1091.2086700860336,383.72098251417646,90.74354176141567,106.56584599801795,33.21975912115143,2.5184687333958538,499.62125517619506,155.1327656070808,155.1327656070808,275.9064558430772,160.0758131144192,76.7359738385468,230.52914688058502,0.462266257607848
burned_legacy,1981,533.9343723465845,49.70440543084752,98.38601650666762,87.97239568648384,32.235015539501724,2.569423464067926,244.41544611506524,149.42059044676373,149.42059044676373,275.9053634912547,160.0758131144192,76.73597383854681,218.59342773265317,0.4024475785890366
burned_legacy,1982,826.5774332970306,125.26219608031036,124.19802792829665,153.1300804439793,49.320009586985115,2.569423464067926,351.5895357741821,157.30529488369874,157.30529488369874,275.9052089273209,160.0758131144192,76.73597383854681,326.64811795926107,0.468792171222849
burned_legacy,1983,1531.4009662976644,394.84085569043685,161.27285613499177,211.23971990676463,74.91860688007898,2.569423464067926,671.1830596610416,168.12309262386614,168.12309262386614,275.9052089273209,160.0758131144192,76.73597383854681,447.4311829218354,0.4721166694894116
burned_legacy,1984,344.3438589810073,5.360763490566783,75.4823127195653,79.13614432503276,33.592255116249724,2.576462980407838,160.4420710458697,146.5981431855521,146.5981431855521,275.90515098357116,160.0758131144192,76.7359738385468,188.2107121608478,0.4204656760312441
burned_legacy,1985,380.0371198734407,36.80353094539394,92.9482758912103,85.60398476292212,31.860502516662745,2.569423464067926,159.72557562291433,147.87983281814113,147.87983281814113,275.9051059787162,160.0758131144192,76.73597383854681,210.41276317079516,0.4068383660426345
burned_legacy,1986,703.0585535478141,139.41545154318277,115.32422032941113,105.07416196944878,35.56514035354588,2.569423464067926,320.00025100288076,152.9352433403717,152.9352433403717,275.9051059787162,160.0758131144192,76.73597383854681,255.9635226524058,0.41050443782232887
burned_legacy,1987,457.66106862025913,37.571716874222886,87.43240975890977,100.62098699309983,40.66849921632205,2.569221352793491,155.01105828009986,145.99446349134718,145.99446349134718,275.9051059787162,160.0758131144192,76.73597383854681,228.72189596833164,0.43992721626892956
burned_legacy,1988,492.15754480622445,13.46583072264816,111.07542739275453,100.15079924091002,30.37482872372359,2.576462980407838,205.03431748723716,149.3624609497607,149.3624609497607,275.9051059787162,160.0758131144192,76.7359738385468,241.60105535738816,0.4145296430628667
burned_legacy,1989,211.12924710095118,3.866283851274373,83.71204575049592,63.437169949815654,20.995591191883115,2.569423464067926,105.32918248006321,143.89747419688146,143.89747419688146,275.9051059787162,160.0758131144192,76.73597383854681,168.14480689219468,0.37727700975319517
burned_legacy,1990,341.38724524669664,53.09832892454438,85.36525907682811,63.92063881063698,25.262202939280858,2.569423464067926,110.83663544705168,142.1486891391641,142.1486891391641,275.9051059787162,160.0758131144192,76.73597383854681,174.54810082674595,0.36620644113500683
burned_legacy,1991,734.9963277910555,193.40960632931774,89.58464293801885,80.92454866695182,29.13674378339497,2.569423464067926,258.6193934119164,147.94706514958062,147.94706514958062,275.9051059787162,160.0758131144192,76.73597383854681,199.64593538836564,0.40534032666145475
burned_legacy,1992,1082.4512245039093,277.961530865643,116.79519011625177,131.0086429293778,42.86609237787699,2.576462980407838,513.1362447609122,159.9261264650368,159.9261264650368,275.9051059787162,160.0758131144192,76.7359738385468,290.6699254235066,0.450712755158615
burned_legacy,1993,1121.8587115172484,371.9522591793343,114.6297050967916,111.66055534538161,38.40679669944275,2.569423464067926,549.4852075236231,157.72247664349737,157.72247664349737,275.9051059787162,160.0758131144192,76.73597383854681,264.69705714161597,0.4218428287460783
burned_legacy,1994,357.68054556892815,1.7572383980065576,108.4863610090568,100.51679414596394,35.114952577659736,2.569423464067926,100.19778766044422,143.6434319055272,143.6434319055272,275.9051059787162,160.0758131144192,76.73597383854681,244.11810773268047,0.4117547652631899
burned_legacy,1995,1320.8220918100442,526.1509296207583,103.826154486142,121.46253901457716,36.9380983294437,2.569423464067926,521.9366893884745,156.94607558586532,156.94607558586532,275.9051059787162,160.0758131144192,76.73597383854681,262.2267918301628,0.46319652605613676
burned_legacy,1996,804.8272825830506,155.5740679882132,106.85825439561721,129.35403830957696,38.74615571957446,2.576462980407838,332.52125722541325,154.86409094179712,154.86409094179712,275.9051059787162,160.0758131144192,76.7359738385468,274.9584484247686,0.47044940444872174
burned_legacy,1997,491.0863461984711,49.3197517923814,65.3762210039586,77.75734480908244,21.906021784606114,2.569423464067926,304.6919507310554,151.08043175908378,151.08043175908378,275.9051059787162,160.0758131144192,76.73597383854681,165.03958759764717,0.4711435961573559
burned_legacy,1998,936.0756209848522,160.05142256403653,136.41489493553118,158.8338901190472,52.68149176979564,2.569423464067926,453.47296447296867,159.84496394842517,159.84496394842517,275.9051059787162,160.0758131144192,76.73597383854681,347.930276824374,0.45651068820096485
burned_legacy,1999,273.4949472220954,1.239458606426143,89.83911761792206,84.78342731469967,25.94493721542053,2.5630425621768955,64.44686619155118,139.43954195816127,139.43954195816127,275.9051059787162,160.0758131144192,76.73597383854681,200.56748214804227,0.4227177127951358
burned_legacy,2000,506.0183594993583,53.249905924915524,99.69891164451606,87.91568929735602,27.74012353332134,2.5200027646908145,243.10478996855431,148.96838961172574,148.96838961172574,275.9051059787162,160.0758131144192,76.7359738385468,215.35472447519342,0.4082366407869681
burned_legacy,2001,664.3468328145191,133.80950445961724,91.42419628513984,107.51717489181858,31.815913074024966,2.569423464067926,271.6984713602175,151.31570135890652,151.31570135890652,275.9051059787162,160.0758131144192,76.73597383854681,230.7572842509834,0.4659318783405226
burned_legacy,2002,366.12971508722654,38.37787475185769,78.79083453795393,70.40866688468611,23.793958190706643,2.56782504863967,131.00903627726325,143.9068611425167,143.9068611425167,275.9051059787162,160.0758131144192,76.73597383854681,172.99345961334666,0.4070019007773748
burned_legacy,2003,514.507518666262,101.54062558832442,114.1347935683466,95.16957933887959,26.367078686338104,2.569423464067926,183.92756955995475,148.1765909795086,148.1765909795086,275.9051059787162,160.0758131144192,76.73597383854681,235.6714515935643,0.4038231134715787
burned_legacy,2004,855.8631514398112,271.1325742901162,92.38235682600906,94.58926124855161,28.062077310574793,2.576421971702464,280.04466683725275,151.5897441046432,151.5897441046432,275.9051059787162,160.0758131144192,76.7359738385468,215.03369538513545,0.43988111295365967
burned_legacy,2005,1252.4413274958217,558.717479401444,114.40806183706513,122.6122083845234,34.33524675414797,2.569421468138891,509.7850310045947,156.81451821859798,156.81451821859798,275.9051059787162,160.0758131144192,76.73597383854681,271.3555169757365,0.45185080351797996
burned_legacy,2006,547.5628714794586,80.32116480125728,114.87188448329479,107.86270441524779,31.912344157690015,2.569423464067926,240.4338501868262,149.43069964381235,149.43069964381235,275.9051059787162,160.0758131144192,76.73597383854681,254.64693305623263,0.42357747301605597
burned_legacy,2007,299.03507302116964,0.9511667749879057,82.30733878634517,81.98793204751652,28.072577244955493,2.560724114494804,65.59530212051402,139.6740808164789,139.6740808164789,275.9051059787162,160.0758131144192,76.73597383854681,192.3678480788172,0.4262039257928608
burned_legacy,2008,655.4849392612675,149.46182924128166,80.26249059724836,88.37417136104162,26.679737199944405,2.576462980407838,311.8445950289341,150.93713859405503,150.93713859405503,275.9051059787162,160.0758131144192,76.7359738385468,195.3163991582344,0.45246672446303815
burned_legacy,2009,462.51021633389104,52.089640574104486,92.40144339975731,78.57035513793491,16.649993439295827,2.569423464067926,222.3321599904821,148.94973315923605,148.94973315923605,275.9051059787162,160.0758131144192,76.73597383854681,187.62179197698805,0.41876987907445007
burned_legacy,2010,895.4966575830574,183.84788095135374,112.52982144676864,118.46064239745765,36.50021808384111,2.569423464067926,389.35905678905203,155.4968600599677,155.4968600599677,275.9051059787162,160.0758131144192,76.73597383854681,267.4906819280674,0.44285894949160753
burned_legacy,2011,401.81862488138967,29.885232462453065,120.04116814424067,110.48573761857193,24.397042053416143,2.569423464067926,189.61747753543818,150.02690831781888,150.02690831781888,275.9051059787162,160.0758131144192,76.73597383854681,254.92394781622875,0.43340666330108624
burned_legacy,2012,358.0194374340954,3.6032830867477212,96.56133986293267,94.80177331984189,25.909369026398057,2.558532491429737,95.60451926190693,141.8079574463098,141.8079574463098,275.9051059787162,160.0758131144192,76.7359738385468,217.2724822091726,0.4363266454910489
burned_legacy,2013,152.12396281750813,1.3109314542333155,79.61563480090915,51.07798923614713,13.228922540414395,2.569423464067926,46.86277321464867,140.0540592289948,140.0540592289948,275.9051059787162,160.0758131144192,76.73597383854681,143.92254657747068,0.3548991485406552
burned_legacy,2014,336.08563215387085,45.65017154782036,56.65967528400736,47.96810152241572,14.042470671738258,2.5624682420657314,138.35497360106362,141.8092376678676,141.8092376678676,275.9051059787162,160.0758131144192,76.73597383854681,118.67024747816134,0.40421337733574036
burned_legacy,2015,231.98197879062124,2.2194512328354503,110.28700004378699,74.37697879057009,20.615182336823075,2.5693338007908197,54.94344293923219,141.37897508567886,141.37897508567886,275.9051059787162,160.0758131144192,76.73597383854681,205.27916117118014,0.3623211356000618
burned_legacy,2016,438.2347784099771,19.287442031848915,87.59137194177627,83.36362237709083,24.05229661089322,2.576373071477918,160.11926276307105,145.8967570099849,145.8967570099849,275.9051059787162,160.0758131144192,76.7359738385468,195.00729092976033,0.42748977220096646
burned_legacy,2017,495.5494506379299,123.15366126885428,54.33521033122411,59.531384414192466,26.477287483789627,2.5694214169611698,294.8701912604649,148.3210974565489,148.3210974565489,275.9051059787162,160.0758131144192,76.73597383854681,140.3438822292062,0.4241822548201087
burned_legacy,2018,406.9292874775795,13.485280329534802,82.62676329902074,80.17786987592513,20.835102724154364,2.569423464067926,179.47307891212688,146.53702844661163,146.53702844661163,275.9051059787162,160.0758131144192,76.73597383854681,183.63973589910023,0.43660414497643574
burned_legacy,2019,838.5322600915501,114.93763905809557,86.51693852343496,102.00486535378573,37.54017815121169,2.569423464067926,452.9325151062531,157.4723223269144,157.4723223269144,275.9051059787162,160.0758131144192,76.73597383854681,226.0619820284324,0.4512252101768988
burned_legacy,2020,347.8140726609146,16.055675032977668,80.71885519261505,64.45197044483103,19.764830467545345,2.576462980407838,192.2237316507653,146.94744635352765,146.94744635352765,275.9051059787162,160.0758131144192,76.7359738385468,164.93565610499144,0.3907703886890503
burned_legacy,2021,571.7963981700382,173.08011002174513,73.81425369091828,58.0108469877974,21.575635015299277,2.5689712592017466,168.00830974421086,145.23922597800376,145.23922597800376,275.9051059787162,160.0758131144192,76.73597383854681,153.40073569401494,0.37816537662185895
burned_legacy,2022,255.73876973227573,4.307707480188196,80.96324112227681,68.06470123445072,16.254725763883144,2.569423464067926,125.46199215317993,144.85223999937654,144.85223999937654,275.9051059787162,160.0758131144192,76.73597383854681,165.28266812061065,0.4118078562525522
burned_legacy,2023,1125.2993254638454,340.47888541478574,118.65594841366104,131.3094852671882,35.50050599899503,2.569423464067926,508.1239398770543,160.30289497467822,160.30289497467822,275.9051059787162,160.0758131144192,76.73597383854681,285.46593967984427,0.4599830207920931
burned_legacy,2024,777.2063735944386,253.62785053552605,87.2211631520874,106.6254263817811,23.438747848860086,2.576462980407838,362.607340831069,153.41133880050472,153.41133880050472,275.9051059787162,160.0758131144192,76.7359738385468,217.28533738272858,0.4907161599863041
burned_legacy,2025,960.59641575125,255.26405147536764,100.56150462533571,93.40484539742951,22.547425434154473,2.569423464067926,366.21219760761716,154.91423250639616,154.91423250639616,275.9051059787162,160.0758131144192,76.73597383854681,216.5137754569197,0.43140370722515303
undisturbed_legacy,1980,1091.2086700860334,359.93937111586587,349.9448037646937,2.8753773762329087,2.855225838194484,1.3594364668760566,455.3019456931444,115.68224421622061,115.68224421622061,276.61451444633303,160.07581311441916,76.7359738385468,355.6754069791211,0.00808427380643076
undisturbed_legacy,1981,533.9343723465844,34.649232056295006,360.5884315615945,2.5182346985923147,2.4882968182969702,1.1827485294914564,108.63244654902405,103.19745671273445,103.19745671273445,276.10568689592117,160.0758131144192,76.73597383854681,365.59496307848383,0.006888045386040273
undisturbed_legacy,1982,826.5774332970307,108.92655126732417,479.1511123542015,4.391011232252797,3.820601953417418,1.3737836403216328,165.26170613546523,115.79407990957274,115.79407990957274,276.00685299590424,160.0758131144192,76.73597383854681,487.3627255398717,0.009009739567975154
undisturbed_legacy,1983,1531.4009662976644,359.94020571461283,640.1633443519689,5.049024152120168,5.926492469397757,1.6293581963849402,504.86678248483963,133.35517321004576,133.35517321004576,275.9636879728724,160.0758131144192,76.73597383854681,651.1388609734869,0.007754143478046467
undisturbed_legacy,1984,344.3438589810073,2.1916831825581844,255.94840700948714,1.904269444861144,2.530857080473467,1.2523392747625435,88.65009905199653,101.76567830914477,101.76567830914477,275.95435413677967,160.07581311441916,76.7359738385468,260.38353353482177,0.007313325151594046
undisturbed_legacy,1985,380.0371198734407,21.445677090121308,338.18004387285146,2.861400340137676,2.151846139133402,1.386405931671299,68.3028312898472,104.39062074078291,104.39062074078291,275.9495144707381,160.0758131144192,76.73597383854681,343.1932903521225,0.008337576580246739
undisturbed_legacy,1986,703.0585535478142,115.49941766091206,413.9870734732582,2.7186912660167346,2.887346222279778,1.3500263434758337,211.83690607280462,107.76569528156634,107.76569528156634,275.94356738212014,160.0758131144192,76.73597383854681,419.5931109615547,0.00647935153126438
undisturbed_legacy,1987,457.66106862025913,25.2566065794782,291.35511875959253,2.5106768166155553,2.861114671738706,1.199297936123911,49.23123717355677,99.0424071642275,99.0424071642275,275.9429209067105,160.0758131144192,76.73597383854681,296.7269102479468,0.008461237352950625
undisturbed_legacy,1988,492.1575448062245,14.257445498700049,382.51192190728443,2.792578496875089,2.448213685095944,1.2620103813719388,69.73838811047565,103.44809293370379,103.44809293370379,275.9388002388315,160.07581311441916,76.7359738385468,387.75271408925545,0.007201957318169216
undisturbed_legacy,1989,211.12924710095118,3.7607495277128495,267.03164180128147,2.154609525033638,1.4020374947925625,1.2875967410916989,41.144725429785844,97.46238035737102,97.46238035737102,275.93581909001114,160.0758131144192,76.73597383854681,270.5882888211077,0.007962685799968606
undisturbed_legacy,1990,341.38724524669664,47.85379434436829,256.4426322950987,1.4375393789586137,2.0011901473632023,1.020544264688797,32.155773859688146,91.94016862315503,91.94016862315503,275.9348298379486,160.0758131144192,76.73597383854681,259.8813618214205,0.005531521648506791
undisturbed_legacy,1991,734.9963277910554,174.38524026844527,300.6525666765152,1.8529682112622532,2.2737783845342774,1.1735429740351573,159.77297289740648,99.33979058102224,99.33979058102224,275.9322203784513,160.0758131144192,76.73597383854681,304.77931327231175,0.006079704660291948
undisturbed_legacy,1992,1082.4512245039093,219.01789455656052,464.8995101971081,3.7033934476038257,3.6061132779989022,1.461703038662955,368.33391159993306,120.78339837973405,120.78339837973405,275.9310620482328,160.07581311441916,76.7359738385468,472.2090169227109,0.007842699556518593
undisturbed_legacy,1993,1121.8587115172484,336.75929188367525,400.26498250085655,3.078760236705034,2.873196018342108,1.4281677170270366,480.1895011292967,116.53186251884388,116.53186251884388,275.92705099253817,160.0758131144192,76.73597383854681,406.2169387559037,0.007579103535500437
undisturbed_legacy,1994,357.68054556892815,0.290892782158673,326.32965177933715,2.290382327683667,2.8893554445464136,0.9923548878751167,14.221779191821705,91.64928670321963,91.64928670321963,275.9258038810964,160.0758131144192,76.73597383854681,331.50938955156727,0.006908951600984416
undisturbed_legacy,1995,1320.8220918100442,473.3709799464989,372.9126353322065,3.48810494203455,2.9149551964054705,1.4014743181070004,447.1917467307746,116.43858951519405,116.43858951519405,275.92413869174885,160.0758131144192,76.73597383854681,379.3156954706465,0.00919578331106649
undisturbed_legacy,1996,804.8272825830508,139.16028231777935,415.49752857457713,3.6334429112461115,2.9261631901342087,1.3018970874501181,170.974721803029,111.63196156608822,111.63196156608822,275.923383856258,160.07581311441916,76.7359738385468,422.05713467595746,0.008608888732649332
undisturbed_legacy,1997,491.0863461984712,47.79674068322032,246.9661597718432,2.264441222691859,1.5287475437704314,1.341860123763109,230.0203134473882,108.96370896675889,108.96370896675889,275.9225744887061,160.0758131144192,76.73597383854681,250.7593485383055,0.00903033620039074
undisturbed_legacy,1998,936.0756209848521,141.26624874554682,527.9042354827759,4.309518528598898,4.255643020761758,1.5066326553550977,330.43993906582494,120.7910292854559,120.7910292854559,275.92080895564686,160.0758131144192,76.73597383854681,536.4693970321366,0.008033111585563083
undisturbed_legacy,1999,273.49494722209545,0.0594200295674461,253.6809302961669,2.1955962817834944,1.9272782027112656,0.9697191324087325,1.8972438247153702,87.74815417705695,87.74815417705695,275.91973971259085,160.0758131144192,76.73597383854681,257.80380478066166,0.008516539481065837
undisturbed_legacy,2000,506.0183594993583,37.63079370699851,324.9757656637364,2.1579237602520758,2.0341044392647865,1.1080195238479391,151.60642268169812,100.54534269512348,100.54534269512348,275.9192058543416,160.07581311441916,76.7359738385468,329.1677938632533,0.006555695303376325
undisturbed_legacy,2001,664.3468328145191,125.06144242301094,331.52326238785264,2.6564173418634924,2.2930371978842605,1.211747296600569,162.00276719640522,106.03912379997826,106.03912379997826,275.9190146917087,160.0758131144192,76.73597383854681,336.4727169276004,0.007894896698073382
undisturbed_legacy,2002,366.1297150872265,27.8015295659092,254.82278433821523,1.9563756483550812,1.8222604874413322,1.0246204048355891,35.366981642090956,94.5110187786709,94.5110187786709,275.91893258667346,160.0758131144192,76.73597383854681,258.60142047401166,0.007565216172320633
undisturbed_legacy,2003,514.507518666262,89.26140326919575,402.25276112637806,3.209471216415715,1.9478030254413614,1.1986162078792255,48.15254494600209,100.22801939055557,100.22801939055557,275.9189319897135,160.0758131144192,76.73597383854681,407.4100353682351,0.007877742170771158
undisturbed_legacy,2004,855.8631514398114,252.24303790359806,369.5525001373516,2.805335643196646,2.032237930826647,1.3362899552900322,133.3476187408757,105.91574190058228,105.91574190058228,275.91865734177696,160.07581311441916,76.7359738385468,374.3900737113749,0.007493082322901909
undisturbed_legacy,2005,1252.4413274958217,481.47217385885784,403.91243588865814,3.7540287005298363,2.762641939690324,1.424834362435982,471.0316288681163,115.83310115754992,115.83310115754992,275.9171419653539,160.0758131144192,76.73597383854681,410.42910652887826,0.009146594724430681
undisturbed_legacy,2006,547.5628714794586,74.14486358897398,403.74824034841964,2.8746065932314075,2.706957345331524,1.1415653098477314,94.22077925779357,101.87602127374915,101.87602127374915,275.91703122351043,160.0758131144192,76.73597383854681,409.3298042869826,0.007022715089703095
undisturbed_legacy,2007,299.0350730211695,0.07036528275180484,218.27623781085393,1.5952358453800763,2.2779346770889597,0.970354432734119,9.629577712517898,88.99682634405569,88.99682634405569,275.91700236469734,160.0758131144192,76.73597383854681,222.14940833332295,0.007180914220516459
undisturbed_legacy,2008,655.4849392612676,126.71929414305912,296.7727802735876,2.7317643542713252,2.048641296172808,1.3174353652172885,227.54071693901957,108.25402468545423,108.25402468545423,275.91700236469734,160.07581311441916,76.7359738385468,301.55318592403177,0.009058980245559468
undisturbed_legacy,2009,462.51021633389104,34.89974182461637,331.7779471749376,2.4962244514614276,1.176901987238755,1.1763090167190116,92.43396436808267,102.74728337150451,102.74728337150451,275.91700236469734,160.0758131144192,76.73597383854681,335.4510736136378,0.007441396518934686
undisturbed_legacy,2010,895.4966575830573,159.79515724764855,404.1238305047137,3.458726685014875,2.6981698910958647,1.3229177371004708,261.2954198805215,111.43195073144298,111.43195073144298,275.91700236469734,160.0758131144192,76.73597383854681,410.2807270808244,0.008430146620885542
undisturbed_legacy,2011,401.81862488138967,22.87856097218675,431.7709535320071,3.4178617832358182,2.0469782720096164,1.207565490798505,62.09137937025452,102.33649429071181,102.33649429071181,275.91700236469734,160.0758131144192,76.73597383854681,437.23579358725254,0.0078169761793616
undisturbed_legacy,2012,358.0194374340954,0.16684281418904542,266.58117636296976,2.328066252336471,1.979040581509245,0.9575431045148511,12.5067137975869,90.48747160381191,90.48747160381191,275.91700236469734,160.07581311441916,76.7359738385468,270.8882831968155,0.008594193240336646
undisturbed_legacy,2013,152.12396281750813,0.14413516109330934,222.6263831766235,1.4970018322436118,1.0121544238984617,0.7856910799655928,4.316515460716688,90.25208312916244,90.25208312916244,275.91700236469734,160.0758131144192,76.73597383854681,225.13553943276557,0.006649335933435228
undisturbed_legacy,2014,336.08563215387096,40.50212178268261,159.02368897283952,1.2823283008930362,0.9663746975417117,0.9009082245206591,56.740056221577234,92.49987287186713,92.49987287186713,275.91695986424156,160.0758131144192,76.73597383854681,161.27239197127426,0.00795131941195145
undisturbed_legacy,2015,231.9819787906213,0.11335558059492869,292.85017710877935,2.186784313538436,1.7636492557237429,1.1591093249600795,8.162894410515573,92.22455844388408,92.22455844388408,275.9166423833796,160.0758131144192,76.73597383854681,296.80061067804155,0.007367856516678733
undisturbed_legacy,2016,438.23477840997714,16.96815896869768,293.18264645863286,2.2918196465864806,1.7471732416584054,0.9679495154296189,34.289744376547674,96.97349318342891,96.97349318342891,275.91632080351326,160.07581311441916,76.7359738385468,297.22163934687774,0.007710810194111648
undisturbed_legacy,2017,495.54945063792997,112.04953243081155,208.06116893796397,1.7021536089301652,1.7327434853120673,1.314190020916776,260.8216405669299,106.11993224495362,106.11993224495362,275.9151788531493,160.0758131144192,76.73597383854681,211.4960660322062,0.008048157305540447
undisturbed_legacy,2018,406.9292874775796,8.821428872251033,291.9243060240577,2.2925779472643106,1.4636716456473309,1.0981474093983141,49.99351899766275,99.0234451050043,99.0234451050043,275.9148618555289,160.0758131144192,76.73597383854681,295.68055561696934,0.007753563444442938
undisturbed_legacy,2019,838.5322600915499,89.42829726897918,317.71363930839186,2.8869659391155262,2.6444581100728928,1.4194740470080358,365.9933015871235,118.88333677047248,118.88333677047248,275.9139393804377,160.0758131144192,76.73597383854681,323.24506335758025,0.008931198853056902
undisturbed_legacy,2020,347.8140726609146,9.098455761559539,305.13955025955664,2.1105242650503233,1.6117016498200223,1.3226505280944914,91.58447000489244,101.26997760386271,101.26997760386271,275.91346164114833,160.07581311441916,76.7359738385468,308.861776174427,0.0068332322995462635
undisturbed_legacy,2021,571.7963981700382,134.14195503750489,217.53030649896402,1.4415678389507438,1.481398431156919,1.014759756299231,96.53001886224158,94.39393888324729,94.39393888324729,275.9133242632206,160.0758131144192,76.73597383854681,220.45327276907167,0.006539108359987058
undisturbed_legacy,2022,255.73876973227573,1.221196049514437,259.99221396070806,2.07865285301362,1.1128340152262308,1.1920516323034316,70.1738783616054,98.40055437106784,98.40055437106784,275.913091502112,160.0758131144192,76.73597383854681,263.1837008289479,0.007898106328266156
undisturbed_legacy,2023,1125.2993254638452,291.4320532433514,423.80211705955827,3.8026941876459013,2.412296753785883,1.4641316338138175,404.84506128599423,120.78543963475337,120.78543963475337,275.91273308924224,160.0758131144192,76.73597383854681,430.01710800099005,0.008843123022066243
undisturbed_legacy,2024,777.2063735944386,234.87350845631613,339.6526682340876,3.6932146114469866,1.4344977980790465,1.3978514311052743,278.6029284920028,113.77330502687988,113.77330502687988,275.91251542247244,160.07581311441916,76.7359738385468,344.7803806436137,0.010711788775662735
undisturbed_legacy,2025,960.59641575125,220.44187220295697,364.2513209310322,3.2944427498764632,1.3125940364278668,1.3833185351042074,203.73972472609822,110.74973834427006,110.74973834427006,275.9123404878584,160.0758131144192,76.73597383854681,368.8583577173365,0.008931457511940289
