anisotropy,kcb,month,precip_mm,surface_runoff_mm,lateral_flow_mm,total_runoff_mm,total_et_mm,deep_percolation_printed_mm
1,0.85,1,8.90,0.00000,0.00,0.00000,43.75,1.42
1,0.85,2,6.40,0.00000,0.00,0.00000,46.51,0.00
1,0.85,3,162.90,10.63838,0.15,10.78838,51.19,38.57
1,0.85,4,101.80,0.21962,0.13,0.34962,74.38,61.13
1,0.85,5,6.00,0.00000,0.00,0.00000,43.59,0.00
1,0.85,6,0.00,0.00000,0.00,0.00000,0.00,0.00
1,0.85,7,0.00,0.00000,0.00,0.00000,0.00,0.00
1,0.85,8,0.00,0.00000,0.00,0.00000,0.00,0.00
1,0.85,9,0.00,0.00000,0.00,0.00000,0.00,0.00
1,0.85,10,0.00,0.00000,0.00,0.00000,0.00,0.00
1,0.85,11,5.40,0.00000,0.00,0.00000,5.41,0.00
1,0.85,12,51.50,0.00000,0.00,0.00000,5.27,0.00
1,0.9,1,8.90,0.00000,0.00,0.00000,45.89,1.36
1,0.9,2,6.40,0.00000,0.00,0.00000,49.13,0.00
1,0.9,3,162.90,10.42449,0.14,10.56449,49.27,36.78
1,0.9,4,101.80,0.21961,0.12,0.33961,78.28,59.00
1,0.9,5,6.00,0.00000,0.00,0.00000,40.78,0.00
1,0.9,6,0.00,0.00000,0.00,0.00000,0.00,0.00
1,0.9,7,0.00,0.00000,0.00,0.00000,0.00,0.00
1,0.9,8,0.00,0.00000,0.00,0.00000,0.00,0.00
1,0.9,9,0.00,0.00000,0.00,0.00000,0.00,0.00
1,0.9,10,0.00,0.00000,0.00,0.00000,0.00,0.00
1,0.9,11,5.40,0.00000,0.00,0.00000,5.40,0.00
1,0.9,12,51.50,0.00000,0.00,0.00000,5.59,0.00
1,0.95,1,8.90,0.00000,0.00,0.00000,47.91,1.31
1,0.95,2,6.40,0.00000,0.00,0.00000,49.83,0.00
1,0.95,3,162.90,10.21193,0.13,10.34193,48.94,35.41
1,0.95,4,101.80,0.55091,0.10,0.65091,82.03,56.78
1,0.95,5,6.00,0.00000,0.00,0.00000,38.00,0.00
1,0.95,6,0.00,0.00000,0.00,0.00000,0.00,0.00
1,0.95,7,0.00,0.00000,0.00,0.00000,0.00,0.00
1,0.95,8,0.00,0.00000,0.00,0.00000,0.00,0.00
1,0.95,9,0.00,0.00000,0.00,0.00000,0.00,0.00
1,0.95,10,0.00,0.00000,0.00,0.00000,0.00,0.00
1,0.95,11,5.40,0.00000,0.00,0.00000,5.42,0.00
1,0.95,12,51.50,0.00000,0.00,0.00000,5.91,0.00
1,1,1,8.90,0.00000,0.00,0.00000,49.96,1.27
1,1,2,6.40,0.00000,0.00,0.00000,48.51,0.00
1,1,3,162.90,9.99931,0.13,10.12931,50.43,34.14
1,1,4,101.80,0.27332,0.08,0.35332,85.78,55.11
1,1,5,6.00,0.00000,0.00,0.00000,35.15,0.00
1,1,6,0.00,0.00000,0.00,0.00000,0.00,0.00
1,1,7,0.00,0.00000,0.00,0.00000,0.00,0.00
1,1,8,0.00,0.00000,0.00,0.00000,0.00,0.00
1,1,9,0.00,0.00000,0.00,0.00000,0.00,0.00
1,1,10,0.00,0.00000,0.00,0.00000,0.00,0.00
1,1,11,5.40,0.00000,0.00,0.00000,5.41,0.00
1,1,12,51.50,0.00000,0.00,0.00000,6.24,0.00
1,1.05,1,8.90,0.00000,0.00,0.00000,52.03,1.22
1,1.05,2,6.40,0.00000,0.00,0.00000,46.59,0.00
1,1.05,3,162.90,9.79786,0.12,9.91786,52.56,32.89
1,1.05,4,101.80,0.14879,0.07,0.21879,89.49,53.32
1,1.05,5,6.00,0.00000,0.00,0.00000,32.37,0.00
1,1.05,6,0.00,0.00000,0.00,0.00000,0.00,0.00
1,1.05,7,0.00,0.00000,0.00,0.00000,0.00,0.00
1,1.05,8,0.00,0.00000,0.00,0.00000,0.00,0.00
1,1.05,9,0.00,0.00000,0.00,0.00000,0.00,0.00
1,1.05,10,0.00,0.00000,0.00,0.00000,0.00,0.00
1,1.05,11,5.40,0.00000,0.00,0.00000,5.37,0.00
1,1.05,12,51.50,0.00000,0.00,0.00000,6.55,0.00
1,1.1,1,8.90,0.00000,0.00,0.00000,54.05,1.16
1,1.1,2,6.40,0.00000,0.00,0.00000,44.42,0.00
1,1.1,3,162.90,9.59009,0.12,9.71009,54.81,31.68
1,1.1,4,101.80,0.06513,0.06,0.12513,93.18,51.47
1,1.1,5,6.00,0.00000,0.00,0.00000,29.62,0.00
1,1.1,6,0.00,0.00000,0.00,0.00000,0.00,0.00
1,1.1,7,0.00,0.00000,0.00,0.00000,0.00,0.00
1,1.1,8,0.00,0.00000,0.00,0.00000,0.00,0.00
1,1.1,9,0.00,0.00000,0.00,0.00000,0.00,0.00
1,1.1,10,0.00,0.00000,0.00,0.00000,0.00,0.00
1,1.1,11,5.40,0.00000,0.00,0.00000,5.38,0.00
1,1.1,12,51.50,0.00000,0.00,0.00000,6.88,0.00
1,1.15,1,8.90,0.00000,0.00,0.00000,56.10,1.13
1,1.15,2,6.40,0.00000,0.00,0.00000,42.24,0.00
1,1.15,3,162.90,9.38349,0.12,9.50349,57.07,30.48
1,1.15,4,101.80,0.02248,0.05,0.07248,97.00,49.59
1,1.15,5,6.00,0.00000,0.00,0.00000,26.74,0.00
1,1.15,6,0.00,0.00000,0.00,0.00000,0.00,0.00
1,1.15,7,0.00,0.00000,0.00,0.00000,0.00,0.00
1,1.15,8,0.00,0.00000,0.00,0.00000,0.00,0.00
1,1.15,9,0.00,0.00000,0.00,0.00000,0.00,0.00
1,1.15,10,0.00,0.00000,0.00,0.00000,0.00,0.00
1,1.15,11,5.40,0.00000,0.00,0.00000,5.38,0.00
1,1.15,12,51.50,0.00000,0.00,0.00000,7.20,0.00
1,1.2,1,8.90,0.00000,0.00,0.00000,58.15,1.08
1,1.2,2,6.40,0.00000,0.00,0.00000,40.02,0.00
1,1.2,3,162.90,9.18316,0.11,9.29316,59.39,29.25
1,1.2,4,101.80,0.00758,0.05,0.05758,100.90,47.72
1,1.2,5,6.00,0.00000,0.00,0.00000,23.85,0.00
1,1.2,6,0.00,0.00000,0.00,0.00000,0.00,0.00
1,1.2,7,0.00,0.00000,0.00,0.00000,0.00,0.00
1,1.2,8,0.00,0.00000,0.00,0.00000,0.00,0.00
1,1.2,9,0.00,0.00000,0.00,0.00000,0.00,0.00
1,1.2,10,0.00,0.00000,0.00,0.00000,0.00,0.00
1,1.2,11,5.40,0.00000,0.00,0.00000,5.40,0.00
1,1.2,12,51.50,0.00000,0.00,0.00000,7.52,0.00
2,0.85,1,8.90,0.00000,0.00,0.00000,43.75,1.39
2,0.85,2,6.40,0.00000,0.00,0.00000,46.51,0.00
2,0.85,3,162.90,10.56190,0.27,10.83190,51.18,38.52
2,0.85,4,101.80,0.21959,0.27,0.48959,74.36,61.02
2,0.85,5,6.00,0.00000,0.00,0.00000,43.58,0.00
2,0.85,6,0.00,0.00000,0.00,0.00000,0.00,0.00
2,0.85,7,0.00,0.00000,0.00,0.00000,0.00,0.00
2,0.85,8,0.00,0.00000,0.00,0.00000,0.00,0.00
2,0.85,9,0.00,0.00000,0.00,0.00000,0.00,0.00
2,0.85,10,0.00,0.00000,0.00,0.00000,0.00,0.00
2,0.85,11,5.40,0.00000,0.00,0.00000,5.41,0.00
2,0.85,12,51.50,0.00000,0.00,0.00000,5.27,0.00
2,0.9,1,8.90,0.00000,0.00,0.00000,45.89,1.34
2,0.9,2,6.40,0.00000,0.00,0.00000,49.13,0.00
2,0.9,3,162.90,10.34823,0.25,10.59823,49.27,36.74
2,0.9,4,101.80,0.21958,0.22,0.43958,78.28,58.92
2,0.9,5,6.00,0.00000,0.00,0.00000,40.75,0.00
2,0.9,6,0.00,0.00000,0.00,0.00000,0.00,0.00
2,0.9,7,0.00,0.00000,0.00,0.00000,0.00,0.00
2,0.9,8,0.00,0.00000,0.00,0.00000,0.00,0.00
2,0.9,9,0.00,0.00000,0.00,0.00000,0.00,0.00
2,0.9,10,0.00,0.00000,0.00,0.00000,0.00,0.00
2,0.9,11,5.40,0.00000,0.00,0.00000,5.40,0.00
2,0.9,12,51.50,0.00000,0.00,0.00000,5.59,0.00
2,0.95,1,8.90,0.00000,0.00,0.00000,47.91,1.29
2,0.95,2,6.40,0.00000,0.00,0.00000,49.83,0.00
2,0.95,3,162.90,10.13605,0.25,10.38605,48.94,35.36
2,0.95,4,101.80,0.55083,0.19,0.74083,82.02,56.69
2,0.95,5,6.00,0.00000,0.00,0.00000,37.97,0.00
2,0.95,6,0.00,0.00000,0.00,0.00000,0.00,0.00
2,0.95,7,0.00,0.00000,0.00,0.00000,0.00,0.00
2,0.95,8,0.00,0.00000,0.00,0.00000,0.00,0.00
2,0.95,9,0.00,0.00000,0.00,0.00000,0.00,0.00
2,0.95,10,0.00,0.00000,0.00,0.00000,0.00,0.00
2,0.95,11,5.40,0.00000,0.00,0.00000,5.42,0.00
2,0.95,12,51.50,0.00000,0.00,0.00000,5.91,0.00
2,1,1,8.90,0.00000,0.00,0.00000,49.94,1.24
2,1,2,6.40,0.00000,0.00,0.00000,48.49,0.00
2,1,3,162.90,9.92381,0.25,10.17381,50.43,34.09
2,1,4,101.80,0.27329,0.17,0.44329,85.78,55.03
2,1,5,6.00,0.00000,0.00,0.00000,35.14,0.00
2,1,6,0.00,0.00000,0.00,0.00000,0.00,0.00
2,1,7,0.00,0.00000,0.00,0.00000,0.00,0.00
2,1,8,0.00,0.00000,0.00,0.00000,0.00,0.00
2,1,9,0.00,0.00000,0.00,0.00000,0.00,0.00
2,1,10,0.00,0.00000,0.00,0.00000,0.00,0.00
2,1,11,5.40,0.00000,0.00,0.00000,5.41,0.00
2,1,12,51.50,0.00000,0.00,0.00000,6.24,0.00
2,1.05,1,8.90,0.00000,0.00,0.00000,52.03,1.20
2,1.05,2,6.40,0.00000,0.00,0.00000,46.58,0.00
2,1.05,3,162.90,9.73145,0.23,9.96145,52.56,32.84
2,1.05,4,101.80,0.14877,0.14,0.28877,89.49,53.24
2,1.05,5,6.00,0.00000,0.00,0.00000,32.37,0.00
2,1.05,6,0.00,0.00000,0.00,0.00000,0.00,0.00
2,1.05,7,0.00,0.00000,0.00,0.00000,0.00,0.00
2,1.05,8,0.00,0.00000,0.00,0.00000,0.00,0.00
2,1.05,9,0.00,0.00000,0.00,0.00000,0.00,0.00
2,1.05,10,0.00,0.00000,0.00,0.00000,0.00,0.00
2,1.05,11,5.40,0.00000,0.00,0.00000,5.37,0.00
2,1.05,12,51.50,0.00000,0.00,0.00000,6.55,0.00
2,1.1,1,8.90,0.00000,0.00,0.00000,54.05,1.15
2,1.1,2,6.40,0.00000,0.00,0.00000,44.40,0.00
2,1.1,3,162.90,9.52387,0.23,9.75387,54.81,31.63
2,1.1,4,101.80,0.06512,0.12,0.18512,93.18,51.42
2,1.1,5,6.00,0.00000,0.00,0.00000,29.61,0.00
2,1.1,6,0.00,0.00000,0.00,0.00000,0.00,0.00
2,1.1,7,0.00,0.00000,0.00,0.00000,0.00,0.00
2,1.1,8,0.00,0.00000,0.00,0.00000,0.00,0.00
2,1.1,9,0.00,0.00000,0.00,0.00000,0.00,0.00
2,1.1,10,0.00,0.00000,0.00,0.00000,0.00,0.00
2,1.1,11,5.40,0.00000,0.00,0.00000,5.38,0.00
2,1.1,12,51.50,0.00000,0.00,0.00000,6.88,0.00
2,1.15,1,8.90,0.00000,0.00,0.00000,56.09,1.10
2,1.15,2,6.40,0.00000,0.00,0.00000,42.24,0.00
2,1.15,3,162.90,9.31745,0.23,9.54745,57.07,30.42
2,1.15,4,101.80,0.02248,0.11,0.13248,97.00,49.55
2,1.15,5,6.00,0.00000,0.00,0.00000,26.73,0.00
2,1.15,6,0.00,0.00000,0.00,0.00000,0.00,0.00
2,1.15,7,0.00,0.00000,0.00,0.00000,0.00,0.00
2,1.15,8,0.00,0.00000,0.00,0.00000,0.00,0.00
2,1.15,9,0.00,0.00000,0.00,0.00000,0.00,0.00
2,1.15,10,0.00,0.00000,0.00,0.00000,0.00,0.00
2,1.15,11,5.40,0.00000,0.00,0.00000,5.38,0.00
2,1.15,12,51.50,0.00000,0.00,0.00000,7.20,0.00
2,1.2,1,8.90,0.00000,0.00,0.00000,58.15,1.06
2,1.2,2,6.40,0.00000,0.00,0.00000,40.01,0.00
2,1.2,3,162.90,9.11729,0.21,9.32729,59.39,29.21
2,1.2,4,101.80,0.00758,0.09,0.09758,100.90,47.68
2,1.2,5,6.00,0.00000,0.00,0.00000,23.85,0.00
2,1.2,6,0.00,0.00000,0.00,0.00000,0.00,0.00
2,1.2,7,0.00,0.00000,0.00,0.00000,0.00,0.00
2,1.2,8,0.00,0.00000,0.00,0.00000,0.00,0.00
2,1.2,9,0.00,0.00000,0.00,0.00000,0.00,0.00
2,1.2,10,0.00,0.00000,0.00,0.00000,0.00,0.00
2,1.2,11,5.40,0.00000,0.00,0.00000,5.40,0.00
2,1.2,12,51.50,0.00000,0.00,0.00000,7.52,0.00
3,0.85,1,8.90,0.00000,0.00,0.00000,43.75,1.37
3,0.85,2,6.40,0.00000,0.00,0.00000,46.51,0.00
3,0.85,3,162.90,10.48542,0.41,10.89542,51.16,38.46
3,0.85,4,101.80,0.21956,0.40,0.61956,74.36,60.92
3,0.85,5,6.00,0.00000,0.00,0.00000,43.57,0.00
3,0.85,6,0.00,0.00000,0.00,0.00000,0.00,0.00
3,0.85,7,0.00,0.00000,0.00,0.00000,0.00,0.00
3,0.85,8,0.00,0.00000,0.00,0.00000,0.00,0.00
3,0.85,9,0.00,0.00000,0.00,0.00000,0.00,0.00
3,0.85,10,0.00,0.00000,0.00,0.00000,0.00,0.00
3,0.85,11,5.40,0.00000,0.00,0.00000,5.41,0.00
3,0.85,12,51.50,0.00000,0.00,0.00000,5.27,0.00
3,0.9,1,8.90,0.00000,0.00,0.00000,45.89,1.32
3,0.9,2,6.40,0.00000,0.00,0.00000,49.12,0.00
3,0.9,3,162.90,10.27199,0.38,10.65199,49.27,36.70
3,0.9,4,101.80,0.21956,0.34,0.55956,78.28,58.83
3,0.9,5,6.00,0.00000,0.00,0.00000,40.73,0.00
3,0.9,6,0.00,0.00000,0.00,0.00000,0.00,0.00
3,0.9,7,0.00,0.00000,0.00,0.00000,0.00,0.00
3,0.9,8,0.00,0.00000,0.00,0.00000,0.00,0.00
3,0.9,9,0.00,0.00000,0.00,0.00000,0.00,0.00
3,0.9,10,0.00,0.00000,0.00,0.00000,0.00,0.00
3,0.9,11,5.40,0.00000,0.00,0.00000,5.40,0.00
3,0.9,12,51.50,0.00000,0.00,0.00000,5.59,0.00
3,0.95,1,8.90,0.00000,0.00,0.00000,47.91,1.28
3,0.95,2,6.40,0.00000,0.00,0.00000,49.82,0.00
3,0.95,3,162.90,10.06018,0.38,10.44018,48.94,35.30
3,0.95,4,101.80,0.55076,0.26,0.81076,82.02,56.62
3,0.95,5,6.00,0.00000,0.00,0.00000,37.96,0.00
3,0.95,6,0.00,0.00000,0.00,0.00000,0.00,0.00
3,0.95,7,0.00,0.00000,0.00,0.00000,0.00,0.00
3,0.95,8,0.00,0.00000,0.00,0.00000,0.00,0.00
3,0.95,9,0.00,0.00000,0.00,0.00000,0.00,0.00
3,0.95,10,0.00,0.00000,0.00,0.00000,0.00,0.00
3,0.95,11,5.40,0.00000,0.00,0.00000,5.42,0.00
3,0.95,12,51.50,0.00000,0.00,0.00000,5.91,0.00
3,1,1,8.90,0.00000,0.00,0.00000,49.94,1.22
3,1,2,6.40,0.00000,0.00,0.00000,48.49,0.00
3,1,3,162.90,9.84832,0.38,10.22832,50.43,34.04
3,1,4,101.80,0.27325,0.25,0.52325,85.77,54.97
3,1,5,6.00,0.00000,0.00,0.00000,35.13,0.00
3,1,6,0.00,0.00000,0.00,0.00000,0.00,0.00
3,1,7,0.00,0.00000,0.00,0.00000,0.00,0.00
3,1,8,0.00,0.00000,0.00,0.00000,0.00,0.00
3,1,9,0.00,0.00000,0.00,0.00000,0.00,0.00
3,1,10,0.00,0.00000,0.00,0.00000,0.00,0.00
3,1,11,5.40,0.00000,0.00,0.00000,5.41,0.00
3,1,12,51.50,0.00000,0.00,0.00000,6.24,0.00
3,1.05,1,8.90,0.00000,0.00,0.00000,52.02,1.19
3,1.05,2,6.40,0.00000,0.00,0.00000,46.57,0.00
3,1.05,3,162.90,9.66504,0.35,10.01504,52.56,32.80
3,1.05,4,101.80,0.14875,0.22,0.36875,89.49,53.20
3,1.05,5,6.00,0.00000,0.00,0.00000,32.36,0.00
3,1.05,6,0.00,0.00000,0.00,0.00000,0.00,0.00
3,1.05,7,0.00,0.00000,0.00,0.00000,0.00,0.00
3,1.05,8,0.00,0.00000,0.00,0.00000,0.00,0.00
3,1.05,9,0.00,0.00000,0.00,0.00000,0.00,0.00
3,1.05,10,0.00,0.00000,0.00,0.00000,0.00,0.00
3,1.05,11,5.40,0.00000,0.00,0.00000,5.37,0.00
3,1.05,12,51.50,0.00000,0.00,0.00000,6.55,0.00
3,1.1,1,8.90,0.00000,0.00,0.00000,54.04,1.13
3,1.1,2,6.40,0.00000,0.00,0.00000,44.39,0.00
3,1.1,3,162.90,9.45764,0.35,9.80764,54.81,31.59
3,1.1,4,101.80,0.06512,0.19,0.25512,93.18,51.39
3,1.1,5,6.00,0.00000,0.00,0.00000,29.60,0.00
3,1.1,6,0.00,0.00000,0.00,0.00000,0.00,0.00
3,1.1,7,0.00,0.00000,0.00,0.00000,0.00,0.00
3,1.1,8,0.00,0.00000,0.00,0.00000,0.00,0.00
3,1.1,9,0.00,0.00000,0.00,0.00000,0.00,0.00
3,1.1,10,0.00,0.00000,0.00,0.00000,0.00,0.00
3,1.1,11,5.40,0.00000,0.00,0.00000,5.38,0.00
3,1.1,12,51.50,0.00000,0.00,0.00000,6.88,0.00
3,1.15,1,8.90,0.00000,0.00,0.00000,56.09,1.09
3,1.15,2,6.40,0.00000,0.00,0.00000,42.22,0.00
3,1.15,3,162.90,9.25140,0.35,9.60140,57.07,30.39
3,1.15,4,101.80,0.02247,0.16,0.18247,97.00,49.51
3,1.15,5,6.00,0.00000,0.00,0.00000,26.72,0.00
3,1.15,6,0.00,0.00000,0.00,0.00000,0.00,0.00
3,1.15,7,0.00,0.00000,0.00,0.00000,0.00,0.00
3,1.15,8,0.00,0.00000,0.00,0.00000,0.00,0.00
3,1.15,9,0.00,0.00000,0.00,0.00000,0.00,0.00
3,1.15,10,0.00,0.00000,0.00,0.00000,0.00,0.00
3,1.15,11,5.40,0.00000,0.00,0.00000,5.38,0.00
3,1.15,12,51.50,0.00000,0.00,0.00000,7.20,0.00
3,1.2,1,8.90,0.00000,0.00,0.00000,58.15,1.06
3,1.2,2,6.40,0.00000,0.00,0.00000,39.97,0.00
3,1.2,3,162.90,9.05142,0.32,9.37142,59.39,29.17
3,1.2,4,101.80,0.00758,0.13,0.13758,100.90,47.63
3,1.2,5,6.00,0.00000,0.00,0.00000,23.85,0.00
3,1.2,6,0.00,0.00000,0.00,0.00000,0.00,0.00
3,1.2,7,0.00,0.00000,0.00,0.00000,0.00,0.00
3,1.2,8,0.00,0.00000,0.00,0.00000,0.00,0.00
3,1.2,9,0.00,0.00000,0.00,0.00000,0.00,0.00
3,1.2,10,0.00,0.00000,0.00,0.00000,0.00,0.00
3,1.2,11,5.40,0.00000,0.00,0.00000,5.40,0.00
3,1.2,12,51.50,0.00000,0.00,0.00000,7.52,0.00
5,0.85,1,8.90,0.00000,0.00,0.00000,43.74,1.33
5,0.85,2,6.40,0.00000,0.00,0.00000,46.51,0.00
5,0.85,3,162.90,10.33245,0.68,11.01245,51.16,38.34
5,0.85,4,101.80,0.21950,0.65,0.86950,74.35,60.71
5,0.85,5,6.00,0.00000,0.00,0.00000,43.52,0.00
5,0.85,6,0.00,0.00000,0.00,0.00000,0.00,0.00
5,0.85,7,0.00,0.00000,0.00,0.00000,0.00,0.00
5,0.85,8,0.00,0.00000,0.00,0.00000,0.00,0.00
5,0.85,9,0.00,0.00000,0.00,0.00000,0.00,0.00
5,0.85,10,0.00,0.00000,0.00,0.00000,0.00,0.00
5,0.85,11,5.40,0.00000,0.00,0.00000,5.41,0.00
5,0.85,12,51.50,0.00000,0.00,0.00000,5.27,0.00
5,0.9,1,8.90,0.00000,0.00,0.00000,45.86,1.28
5,0.9,2,6.40,0.00000,0.00,0.00000,49.12,0.00
5,0.9,3,162.90,10.11956,0.63,10.74956,49.25,36.58
5,0.9,4,101.80,0.21950,0.56,0.77950,78.28,58.64
5,0.9,5,6.00,0.00000,0.00,0.00000,40.72,0.00
5,0.9,6,0.00,0.00000,0.00,0.00000,0.00,0.00
5,0.9,7,0.00,0.00000,0.00,0.00000,0.00,0.00
5,0.9,8,0.00,0.00000,0.00,0.00000,0.00,0.00
5,0.9,9,0.00,0.00000,0.00,0.00000,0.00,0.00
5,0.9,10,0.00,0.00000,0.00,0.00000,0.00,0.00
5,0.9,11,5.40,0.00000,0.00,0.00000,5.40,0.00
5,0.9,12,51.50,0.00000,0.00,0.00000,5.59,0.00
5,0.95,1,8.90,0.00000,0.00,0.00000,47.91,1.24
5,0.95,2,6.40,0.00000,0.00,0.00000,49.81,0.00
5,0.95,3,162.90,9.90851,0.63,10.53851,48.93,35.21
5,0.95,4,101.80,0.55062,0.45,1.00062,82.02,56.48
5,0.95,5,6.00,0.00000,0.00,0.00000,37.94,0.00
5,0.95,6,0.00,0.00000,0.00,0.00000,0.00,0.00
5,0.95,7,0.00,0.00000,0.00,0.00000,0.00,0.00
5,0.95,8,0.00,0.00000,0.00,0.00000,0.00,0.00
5,0.95,9,0.00,0.00000,0.00,0.00000,0.00,0.00
5,0.95,10,0.00,0.00000,0.00,0.00000,0.00,0.00
5,0.95,11,5.40,0.00000,0.00,0.00000,5.42,0.00
5,0.95,12,51.50,0.00000,0.00,0.00000,5.91,0.00
5,1,1,8.90,0.00000,0.00,0.00000,49.94,1.19
5,1,2,6.40,0.00000,0.00,0.00000,48.47,0.00
5,1,3,162.90,9.69740,0.63,10.32740,50.43,33.94
5,1,4,101.80,0.27318,0.41,0.68318,85.76,54.84
5,1,5,6.00,0.00000,0.00,0.00000,35.10,0.00
5,1,6,0.00,0.00000,0.00,0.00000,0.00,0.00
5,1,7,0.00,0.00000,0.00,0.00000,0.00,0.00
5,1,8,0.00,0.00000,0.00,0.00000,0.00,0.00
5,1,9,0.00,0.00000,0.00,0.00000,0.00,0.00
5,1,10,0.00,0.00000,0.00,0.00000,0.00,0.00
5,1,11,5.40,0.00000,0.00,0.00000,5.41,0.00
5,1,12,51.50,0.00000,0.00,0.00000,6.24,0.00
5,1.05,1,8.90,0.00000,0.00,0.00000,52.01,1.14
5,1.05,2,6.40,0.00000,0.00,0.00000,46.55,0.00
5,1.05,3,162.90,9.53221,0.58,10.11221,52.56,32.69
5,1.05,4,101.80,0.14871,0.37,0.51871,89.49,53.07
5,1.05,5,6.00,0.00000,0.00,0.00000,32.35,0.00
5,1.05,6,0.00,0.00000,0.00,0.00000,0.00,0.00
5,1.05,7,0.00,0.00000,0.00,0.00000,0.00,0.00
5,1.05,8,0.00,0.00000,0.00,0.00000,0.00,0.00
5,1.05,9,0.00,0.00000,0.00,0.00000,0.00,0.00
5,1.05,10,0.00,0.00000,0.00,0.00000,0.00,0.00
5,1.05,11,5.40,0.00000,0.00,0.00000,5.37,0.00
5,1.05,12,51.50,0.00000,0.00,0.00000,6.55,0.00
5,1.1,1,8.90,0.00000,0.00,0.00000,54.04,1.10
5,1.1,2,6.40,0.00000,0.00,0.00000,44.37,0.00
5,1.1,3,162.90,9.32518,0.58,9.90518,54.81,31.48
5,1.1,4,101.80,0.06510,0.32,0.38510,93.18,51.26
5,1.1,5,6.00,0.00000,0.00,0.00000,29.59,0.00
5,1.1,6,0.00,0.00000,0.00,0.00000,0.00,0.00
5,1.1,7,0.00,0.00000,0.00,0.00000,0.00,0.00
5,1.1,8,0.00,0.00000,0.00,0.00000,0.00,0.00
5,1.1,9,0.00,0.00000,0.00,0.00000,0.00,0.00
5,1.1,10,0.00,0.00000,0.00,0.00000,0.00,0.00
5,1.1,11,5.40,0.00000,0.00,0.00000,5.38,0.00
5,1.1,12,51.50,0.00000,0.00,0.00000,6.88,0.00
5,1.15,1,8.90,0.00000,0.00,0.00000,56.09,1.06
5,1.15,2,6.40,0.00000,0.00,0.00000,42.20,0.00
5,1.15,3,162.90,9.11931,0.54,9.65931,57.07,30.32
5,1.15,4,101.80,0.02247,0.27,0.29247,97.00,49.42
5,1.15,5,6.00,0.00000,0.00,0.00000,26.71,0.00
5,1.15,6,0.00,0.00000,0.00,0.00000,0.00,0.00
5,1.15,7,0.00,0.00000,0.00,0.00000,0.00,0.00
5,1.15,8,0.00,0.00000,0.00,0.00000,0.00,0.00
5,1.15,9,0.00,0.00000,0.00,0.00000,0.00,0.00
5,1.15,10,0.00,0.00000,0.00,0.00000,0.00,0.00
5,1.15,11,5.40,0.00000,0.00,0.00000,5.38,0.00
5,1.15,12,51.50,0.00000,0.00,0.00000,7.20,0.00
5,1.2,1,8.90,0.00000,0.00,0.00000,58.15,1.02
5,1.2,2,6.40,0.00000,0.00,0.00000,39.95,0.00
5,1.2,3,162.90,8.91967,0.49,9.40968,59.39,29.13
5,1.2,4,101.80,0.00758,0.22,0.22758,100.90,47.56
5,1.2,5,6.00,0.00000,0.00,0.00000,23.84,0.00
5,1.2,6,0.00,0.00000,0.00,0.00000,0.00,0.00
5,1.2,7,0.00,0.00000,0.00,0.00000,0.00,0.00
5,1.2,8,0.00,0.00000,0.00,0.00000,0.00,0.00
5,1.2,9,0.00,0.00000,0.00,0.00000,0.00,0.00
5,1.2,10,0.00,0.00000,0.00,0.00000,0.00,0.00
5,1.2,11,5.40,0.00000,0.00,0.00000,5.40,0.00
5,1.2,12,51.50,0.00000,0.00,0.00000,7.52,0.00
7.5,0.85,1,8.90,0.00000,0.00,0.00000,43.74,1.27
7.5,0.85,2,6.40,0.00000,0.00,0.00000,46.51,0.00
7.5,0.85,3,162.90,10.14125,1.02,11.16125,51.13,38.19
7.5,0.85,4,101.80,0.21943,0.96,1.17943,74.33,60.45
7.5,0.85,5,6.00,0.00000,0.00,0.00000,43.48,0.00
7.5,0.85,6,0.00,0.00000,0.00,0.00000,0.00,0.00
7.5,0.85,7,0.00,0.00000,0.00,0.00000,0.00,0.00
7.5,0.85,8,0.00,0.00000,0.00,0.00000,0.00,0.00
7.5,0.85,9,0.00,0.00000,0.00,0.00000,0.00,0.00
7.5,0.85,10,0.00,0.00000,0.00,0.00000,0.00,0.00
7.5,0.85,11,5.40,0.00000,0.00,0.00000,5.41,0.00
7.5,0.85,12,51.50,0.00000,0.00,0.00000,5.27,0.00
7.5,0.9,1,8.90,0.00000,0.00,0.00000,45.85,1.24
7.5,0.9,2,6.40,0.00000,0.00,0.00000,49.11,0.00
7.5,0.9,3,162.90,9.92914,0.95,10.87914,49.24,36.47
7.5,0.9,4,101.80,0.21943,0.83,1.04943,78.27,58.42
7.5,0.9,5,6.00,0.00000,0.00,0.00000,40.66,0.00
7.5,0.9,6,0.00,0.00000,0.00,0.00000,0.00,0.00
7.5,0.9,7,0.00,0.00000,0.00,0.00000,0.00,0.00
7.5,0.9,8,0.00,0.00000,0.00,0.00000,0.00,0.00
7.5,0.9,9,0.00,0.00000,0.00,0.00000,0.00,0.00
7.5,0.9,10,0.00,0.00000,0.00,0.00000,0.00,0.00
7.5,0.9,11,5.40,0.00000,0.00,0.00000,5.40,0.00
7.5,0.9,12,51.50,0.00000,0.00,0.00000,5.59,0.00
7.5,0.95,1,8.90,0.00000,0.00,0.00000,47.91,1.18
7.5,0.95,2,6.40,0.00000,0.00,0.00000,49.79,0.00
7.5,0.95,3,162.90,9.71903,0.94,10.65902,48.93,35.09
7.5,0.95,4,101.80,0.55044,0.67,1.22044,82.01,56.29
7.5,0.95,5,6.00,0.00000,0.00,0.00000,37.91,0.00
7.5,0.95,6,0.00,0.00000,0.00,0.00000,0.00,0.00
7.5,0.95,7,0.00,0.00000,0.00,0.00000,0.00,0.00
7.5,0.95,8,0.00,0.00000,0.00,0.00000,0.00,0.00
7.5,0.95,9,0.00,0.00000,0.00,0.00000,0.00,0.00
7.5,0.95,10,0.00,0.00000,0.00,0.00000,0.00,0.00
7.5,0.95,11,5.40,0.00000,0.00,0.00000,5.42,0.00
7.5,0.95,12,51.50,0.00000,0.00,0.00000,5.91,0.00
7.5,1,1,8.90,0.00000,0.00,0.00000,49.94,1.14
7.5,1,2,6.40,0.00000,0.00,0.00000,48.44,0.00
7.5,1,3,162.90,9.50885,0.94,10.44885,50.42,33.82
7.5,1,4,101.80,0.27310,0.61,0.88310,85.76,54.67
7.5,1,5,6.00,0.00000,0.00,0.00000,35.07,0.00
7.5,1,6,0.00,0.00000,0.00,0.00000,0.00,0.00
7.5,1,7,0.00,0.00000,0.00,0.00000,0.00,0.00
7.5,1,8,0.00,0.00000,0.00,0.00000,0.00,0.00
7.5,1,9,0.00,0.00000,0.00,0.00000,0.00,0.00
7.5,1,10,0.00,0.00000,0.00,0.00000,0.00,0.00
7.5,1,11,5.40,0.00000,0.00,0.00000,5.41,0.00
7.5,1,12,51.50,0.00000,0.00,0.00000,6.24,0.00
7.5,1.05,1,8.90,0.00000,0.00,0.00000,52.01,1.11
7.5,1.05,2,6.40,0.00000,0.00,0.00000,46.53,0.00
7.5,1.05,3,162.90,9.36618,0.82,10.18618,52.55,32.63
7.5,1.05,4,101.80,0.14866,0.55,0.69866,89.48,52.92
7.5,1.05,5,6.00,0.00000,0.00,0.00000,32.31,0.00
7.5,1.05,6,0.00,0.00000,0.00,0.00000,0.00,0.00
7.5,1.05,7,0.00,0.00000,0.00,0.00000,0.00,0.00
7.5,1.05,8,0.00,0.00000,0.00,0.00000,0.00,0.00
7.5,1.05,9,0.00,0.00000,0.00,0.00000,0.00,0.00
7.5,1.05,10,0.00,0.00000,0.00,0.00000,0.00,0.00
7.5,1.05,11,5.40,0.00000,0.00,0.00000,5.37,0.00
7.5,1.05,12,51.50,0.00000,0.00,0.00000,6.55,0.00
7.5,1.1,1,8.90,0.00000,0.00,0.00000,54.04,1.05
7.5,1.1,2,6.40,0.00000,0.00,0.00000,44.35,0.00
7.5,1.1,3,162.90,9.15961,0.82,9.97961,54.81,31.42
7.5,1.1,4,101.80,0.06508,0.48,0.54508,93.17,51.14
7.5,1.1,5,6.00,0.00000,0.00,0.00000,29.56,0.00
7.5,1.1,6,0.00,0.00000,0.00,0.00000,0.00,0.00
7.5,1.1,7,0.00,0.00000,0.00,0.00000,0.00,0.00
7.5,1.1,8,0.00,0.00000,0.00,0.00000,0.00,0.00
7.5,1.1,9,0.00,0.00000,0.00,0.00000,0.00,0.00
7.5,1.1,10,0.00,0.00000,0.00,0.00000,0.00,0.00
7.5,1.1,11,5.40,0.00000,0.00,0.00000,5.38,0.00
7.5,1.1,12,51.50,0.00000,0.00,0.00000,6.88,0.00
7.5,1.15,1,8.90,0.00000,0.00,0.00000,56.08,1.02
7.5,1.15,2,6.40,0.00000,0.00,0.00000,42.18,0.00
7.5,1.15,3,162.90,8.95419,0.81,9.76419,57.07,30.21
7.5,1.15,4,101.80,0.02246,0.40,0.42246,97.00,49.31
7.5,1.15,5,6.00,0.00000,0.00,0.00000,26.68,0.00
7.5,1.15,6,0.00,0.00000,0.00,0.00000,0.00,0.00
7.5,1.15,7,0.00,0.00000,0.00,0.00000,0.00,0.00
7.5,1.15,8,0.00,0.00000,0.00,0.00000,0.00,0.00
7.5,1.15,9,0.00,0.00000,0.00,0.00000,0.00,0.00
7.5,1.15,10,0.00,0.00000,0.00,0.00000,0.00,0.00
7.5,1.15,11,5.40,0.00000,0.00,0.00000,5.38,0.00
7.5,1.15,12,51.50,0.00000,0.00,0.00000,7.20,0.00
7.5,1.2,1,8.90,0.00000,0.00,0.00000,58.15,1.00
7.5,1.2,2,6.40,0.00000,0.00,0.00000,39.93,0.00
7.5,1.2,3,162.90,8.75500,0.74,9.49500,59.39,29.03
7.5,1.2,4,101.80,0.00757,0.35,0.35757,100.89,47.46
7.5,1.2,5,6.00,0.00000,0.00,0.00000,23.82,0.00
7.5,1.2,6,0.00,0.00000,0.00,0.00000,0.00,0.00
7.5,1.2,7,0.00,0.00000,0.00,0.00000,0.00,0.00
7.5,1.2,8,0.00,0.00000,0.00,0.00000,0.00,0.00
7.5,1.2,9,0.00,0.00000,0.00,0.00000,0.00,0.00
7.5,1.2,10,0.00,0.00000,0.00,0.00000,0.00,0.00
7.5,1.2,11,5.40,0.00000,0.00,0.00000,5.40,0.00
7.5,1.2,12,51.50,0.00000,0.00,0.00000,7.52,0.00
10,0.85,1,8.90,0.00000,0.00,0.00000,43.72,1.24
10,0.85,2,6.40,0.00000,0.00,0.00000,46.51,0.00
10,0.85,3,162.90,9.95004,1.28,11.23004,51.11,38.12
10,0.85,4,101.80,0.21937,1.27,1.48937,74.33,60.19
10,0.85,5,6.00,0.00000,0.00,0.00000,43.44,0.00
10,0.85,6,0.00,0.00000,0.00,0.00000,0.00,0.00
10,0.85,7,0.00,0.00000,0.00,0.00000,0.00,0.00
10,0.85,8,0.00,0.00000,0.00,0.00000,0.00,0.00
10,0.85,9,0.00,0.00000,0.00,0.00000,0.00,0.00
10,0.85,10,0.00,0.00000,0.00,0.00000,0.00,0.00
10,0.85,11,5.40,0.00000,0.00,0.00000,5.41,0.00
10,0.85,12,51.50,0.00000,0.00,0.00000,5.27,0.00
10,0.9,1,8.90,0.00000,0.00,0.00000,45.85,1.19
10,0.9,2,6.40,0.00000,0.00,0.00000,49.11,0.00
10,0.9,3,162.90,9.73883,1.19,10.92883,49.22,36.41
10,0.9,4,101.80,0.21937,1.09,1.30937,78.27,58.21
10,0.9,5,6.00,0.00000,0.00,0.00000,40.63,0.00
10,0.9,6,0.00,0.00000,0.00,0.00000,0.00,0.00
10,0.9,7,0.00,0.00000,0.00,0.00000,0.00,0.00
10,0.9,8,0.00,0.00000,0.00,0.00000,0.00,0.00
10,0.9,9,0.00,0.00000,0.00,0.00000,0.00,0.00
10,0.9,10,0.00,0.00000,0.00,0.00000,0.00,0.00
10,0.9,11,5.40,0.00000,0.00,0.00000,5.40,0.00
10,0.9,12,51.50,0.00000,0.00,0.00000,5.59,0.00
10,0.95,1,8.90,0.00000,0.00,0.00000,47.90,1.15
10,0.95,2,6.40,0.00000,0.00,0.00000,49.77,0.00
10,0.95,3,162.90,9.52965,1.18,10.70965,48.93,35.03
10,0.95,4,101.80,0.55029,0.90,1.45029,82.01,56.09
10,0.95,5,6.00,0.00000,0.00,0.00000,37.87,0.00
10,0.95,6,0.00,0.00000,0.00,0.00000,0.00,0.00
10,0.95,7,0.00,0.00000,0.00,0.00000,0.00,0.00
10,0.95,8,0.00,0.00000,0.00,0.00000,0.00,0.00
10,0.95,9,0.00,0.00000,0.00,0.00000,0.00,0.00
10,0.95,10,0.00,0.00000,0.00,0.00000,0.00,0.00
10,0.95,11,5.40,0.00000,0.00,0.00000,5.42,0.00
10,0.95,12,51.50,0.00000,0.00,0.00000,5.91,0.00
10,1,1,8.90,0.00000,0.00,0.00000,49.93,1.10
10,1,2,6.40,0.00000,0.00,0.00000,48.43,0.00
10,1,3,162.90,9.32041,1.17,10.49041,50.42,33.78
10,1,4,101.80,0.27302,0.81,1.08302,85.76,54.51
10,1,5,6.00,0.00000,0.00,0.00000,35.04,0.00
10,1,6,0.00,0.00000,0.00,0.00000,0.00,0.00
10,1,7,0.00,0.00000,0.00,0.00000,0.00,0.00
10,1,8,0.00,0.00000,0.00,0.00000,0.00,0.00
10,1,9,0.00,0.00000,0.00,0.00000,0.00,0.00
10,1,10,0.00,0.00000,0.00,0.00000,0.00,0.00
10,1,11,5.40,0.00000,0.00,0.00000,5.41,0.00
10,1,12,51.50,0.00000,0.00,0.00000,6.24,0.00
10,1.05,1,8.90,0.00000,0.00,0.00000,51.99,1.06
10,1.05,2,6.40,0.00000,0.00,0.00000,46.50,0.00
10,1.05,3,162.90,9.20015,1.08,10.28015,52.55,32.53
10,1.05,4,101.80,0.14862,0.71,0.85862,89.46,52.77
10,1.05,5,6.00,0.00000,0.00,0.00000,32.29,0.00
10,1.05,6,0.00,0.00000,0.00,0.00000,0.00,0.00
10,1.05,7,0.00,0.00000,0.00,0.00000,0.00,0.00
10,1.05,8,0.00,0.00000,0.00,0.00000,0.00,0.00
10,1.05,9,0.00,0.00000,0.00,0.00000,0.00,0.00
10,1.05,10,0.00,0.00000,0.00,0.00000,0.00,0.00
10,1.05,11,5.40,0.00000,0.00,0.00000,5.37,0.00
10,1.05,12,51.50,0.00000,0.00,0.00000,6.55,0.00
10,1.1,1,8.90,0.00000,0.00,0.00000,54.03,1.02
10,1.1,2,6.40,0.00000,0.00,0.00000,44.33,0.00
10,1.1,3,162.90,8.99404,1.08,10.07404,54.81,31.32
10,1.1,4,101.80,0.06506,0.63,0.69506,93.16,51.01
10,1.1,5,6.00,0.00000,0.00,0.00000,29.53,0.00
10,1.1,6,0.00,0.00000,0.00,0.00000,0.00,0.00
10,1.1,7,0.00,0.00000,0.00,0.00000,0.00,0.00
10,1.1,8,0.00,0.00000,0.00,0.00000,0.00,0.00
10,1.1,9,0.00,0.00000,0.00,0.00000,0.00,0.00
10,1.1,10,0.00,0.00000,0.00,0.00000,0.00,0.00
10,1.1,11,5.40,0.00000,0.00,0.00000,5.38,0.00
10,1.1,12,51.50,0.00000,0.00,0.00000,6.88,0.00
10,1.15,1,8.90,0.00000,0.00,0.00000,56.07,0.99
10,1.15,2,6.40,0.00000,0.00,0.00000,42.15,0.00
10,1.15,3,162.90,8.78908,1.08,9.86908,57.07,30.10
10,1.15,4,101.80,0.02246,0.54,0.56246,97.00,49.21
10,1.15,5,6.00,0.00000,0.00,0.00000,26.67,0.00
10,1.15,6,0.00,0.00000,0.00,0.00000,0.00,0.00
10,1.15,7,0.00,0.00000,0.00,0.00000,0.00,0.00
10,1.15,8,0.00,0.00000,0.00,0.00000,0.00,0.00
10,1.15,9,0.00,0.00000,0.00,0.00000,0.00,0.00
10,1.15,10,0.00,0.00000,0.00,0.00000,0.00,0.00
10,1.15,11,5.40,0.00000,0.00,0.00000,5.38,0.00
10,1.15,12,51.50,0.00000,0.00,0.00000,7.20,0.00
10,1.2,1,8.90,0.00000,0.00,0.00000,58.13,0.97
10,1.2,2,6.40,0.00000,0.00,0.00000,39.90,0.00
10,1.2,3,162.90,8.59032,0.99,9.58032,59.39,28.97
10,1.2,4,101.80,0.00757,0.45,0.45757,100.88,47.38
10,1.2,5,6.00,0.00000,0.00,0.00000,23.79,0.00
10,1.2,6,0.00,0.00000,0.00,0.00000,0.00,0.00
10,1.2,7,0.00,0.00000,0.00,0.00000,0.00,0.00
10,1.2,8,0.00,0.00000,0.00,0.00000,0.00,0.00
10,1.2,9,0.00,0.00000,0.00,0.00000,0.00,0.00
10,1.2,10,0.00,0.00000,0.00,0.00000,0.00,0.00
10,1.2,11,5.40,0.00000,0.00,0.00000,5.40,0.00
10,1.2,12,51.50,0.00000,0.00,0.00000,7.52,0.00
