case,initial_canopy_cover,initial_ground_cover,event_date,runoff_mm,peak_ro_mm_h,eff_int_mm_h,eff_dur_h,keff_mm_h,event_soil_water_mm,event_lai,event_canopy_height_m,event_canopy_cover_pct,event_interrill_cover_pct,event_rill_cover_pct,live_biomass_kg_m2,dead_biomass_kg_m2,rill_width_m,pre_event_soil_water_mm
c30_g30,0.300000,0.300000,1980-02-14,61.284000,97.084000,46.731000,0.631000,35.000000,209.696000,0.578000,0.147000,30.000000,30.002000,30.002000,0.025000,0.071000,0.240000,197.430000
c30_g55,0.300000,0.550000,1980-02-14,61.291000,96.668000,46.731000,0.634000,35.000000,209.675000,0.578000,0.147000,30.000000,55.001000,55.001000,0.025000,0.160000,0.240000,197.410000
c30_g70,0.300000,0.700000,1980-02-14,61.299000,96.397000,46.731000,0.636000,35.000000,209.641000,0.578000,0.147000,30.000000,70.001000,70.001000,0.025000,0.241000,0.239000,197.360000
c30_g80,0.300000,0.800000,1980-02-14,61.306000,96.573000,46.731000,0.635000,35.000000,209.606000,0.578000,0.147000,30.000000,80.000000,80.000000,0.025000,0.322000,0.240000,197.320000
c30_g90,0.300000,0.900000,1980-02-14,61.317000,96.426000,46.731000,0.636000,35.000000,209.560000,0.578000,0.147000,30.000000,90.000000,90.000000,0.025000,0.461000,0.239000,197.260000
c30_g95,0.300000,0.950000,1980-02-14,61.325000,96.360000,46.731000,0.636000,35.000000,209.541000,0.578000,0.147000,30.000000,95.000000,95.000000,0.025000,0.599000,0.239000,197.240000
c55_g30,0.550000,0.300000,1980-02-14,61.249000,96.841000,46.731000,0.632000,35.000000,207.039000,1.551000,0.315000,55.000000,30.002000,30.002000,0.057000,0.071000,0.240000,193.320000
c55_g55,0.550000,0.550000,1980-02-14,61.256000,96.448000,46.731000,0.635000,35.000000,207.021000,1.551000,0.315000,55.000000,55.001000,55.001000,0.057000,0.160000,0.239000,193.300000
c55_g70,0.550000,0.700000,1980-02-14,61.264000,96.539000,46.731000,0.635000,35.000000,206.978000,1.551000,0.315000,55.000000,70.001000,70.001000,0.057000,0.241000,0.239000,193.250000
c55_g80,0.550000,0.800000,1980-02-14,61.271000,96.390000,46.731000,0.636000,35.000000,206.935000,1.551000,0.315000,55.000000,80.000000,80.000000,0.057000,0.322000,0.239000,193.190000
c55_g90,0.550000,0.900000,1980-02-14,61.282000,96.249000,46.731000,0.637000,35.000000,206.869000,1.551000,0.315000,55.000000,90.000000,90.000000,0.057000,0.461000,0.239000,193.110000
c55_g95,0.550000,0.950000,1980-02-14,61.290000,96.186000,46.731000,0.637000,35.000000,206.821000,1.551000,0.315000,55.000000,95.000000,95.000000,0.057000,0.599000,0.239000,193.040000
c70_g30,0.700000,0.300000,1980-02-14,61.222000,96.649000,46.731000,0.633000,35.000000,205.403000,2.506000,0.455000,70.000000,30.002000,30.002000,0.086000,0.071000,0.240000,190.890000
c70_g55,0.700000,0.550000,1980-02-14,61.230000,96.274000,46.731000,0.636000,35.000000,205.387000,2.506000,0.455000,70.000000,55.001000,55.001000,0.086000,0.160000,0.239000,190.880000
c70_g70,0.700000,0.700000,1980-02-14,61.237000,96.388000,46.731000,0.635000,35.000000,205.338000,2.506000,0.455000,70.000000,70.001000,70.001000,0.086000,0.241000,0.239000,190.820000
c70_g80,0.700000,0.800000,1980-02-14,61.245000,96.245000,46.731000,0.636000,35.000000,205.289000,2.506000,0.455000,70.000000,80.000000,80.000000,0.086000,0.322000,0.239000,190.750000
c70_g90,0.700000,0.900000,1980-02-14,61.256000,96.109000,46.731000,0.637000,35.000000,205.219000,2.506000,0.455000,70.000000,90.000000,90.000000,0.086000,0.461000,0.239000,190.670000
c70_g95,0.700000,0.950000,1980-02-14,61.264000,96.049000,46.731000,0.638000,35.000000,205.167000,2.506000,0.455000,70.000000,95.000000,95.000000,0.086000,0.599000,0.239000,190.600000
c80_g30,0.800000,0.300000,1980-02-14,61.205000,96.489000,46.731000,0.634000,35.000000,204.530000,3.329000,0.583000,80.000000,30.002000,30.002000,0.115000,0.071000,0.239000,189.640000
c80_g55,0.800000,0.550000,1980-02-14,61.212000,96.471000,46.731000,0.635000,35.000000,204.525000,3.329000,0.583000,80.000000,55.001000,55.001000,0.115000,0.160000,0.239000,189.650000
c80_g70,0.800000,0.700000,1980-02-14,61.220000,96.263000,46.731000,0.636000,35.000000,204.475000,3.329000,0.583000,80.000000,70.001000,70.001000,0.115000,0.241000,0.239000,189.590000
c80_g80,0.800000,0.800000,1980-02-14,61.227000,96.124000,46.731000,0.637000,35.000000,204.423000,3.329000,0.583000,80.000000,80.000000,80.000000,0.115000,0.322000,0.239000,189.520000
c80_g90,0.800000,0.900000,1980-02-14,61.238000,95.993000,46.731000,0.638000,35.000000,204.345000,3.329000,0.583000,80.000000,90.000000,90.000000,0.115000,0.461000,0.239000,189.430000
c80_g95,0.800000,0.950000,1980-02-14,61.246000,95.934000,46.731000,0.638000,35.000000,204.290000,3.329000,0.583000,80.000000,95.000000,95.000000,0.115000,0.599000,0.239000,189.360000
c90_g30,0.900000,0.300000,1980-02-14,61.187000,96.271000,46.731000,0.636000,35.000000,203.948000,4.241000,0.779000,90.000000,30.002000,30.002000,0.164000,0.071000,0.239000,188.830000
c90_g55,0.900000,0.550000,1980-02-14,61.195000,96.291000,46.731000,0.636000,35.000000,203.943000,4.241000,0.779000,90.000000,55.001000,55.001000,0.164000,0.160000,0.239000,188.840000
c90_g70,0.900000,0.700000,1980-02-14,61.202000,96.093000,46.731000,0.637000,35.000000,203.893000,4.241000,0.779000,90.000000,70.001000,70.001000,0.164000,0.241000,0.239000,188.780000
c90_g80,0.900000,0.800000,1980-02-14,61.210000,95.961000,46.731000,0.638000,35.000000,203.838000,4.241000,0.779000,90.000000,80.000000,80.000000,0.164000,0.322000,0.239000,188.710000
c90_g90,0.900000,0.900000,1980-02-14,61.221000,95.836000,46.731000,0.639000,35.000000,203.759000,4.241000,0.779000,90.000000,90.000000,90.000000,0.164000,0.461000,0.239000,188.610000
c90_g95,0.900000,0.950000,1980-02-14,61.229000,95.660000,46.731000,0.640000,35.000000,203.702000,4.241000,0.779000,90.000000,95.000000,95.000000,0.164000,0.599000,0.239000,188.540000
c95_g30,0.950000,0.300000,1980-02-14,61.178000,96.101000,46.731000,0.637000,35.000000,203.765000,4.672000,0.947000,95.000000,30.002000,30.002000,0.214000,0.071000,0.239000,188.580000
c95_g55,0.950000,0.550000,1980-02-14,61.185000,96.150000,46.731000,0.636000,35.000000,203.766000,4.672000,0.947000,95.000000,55.001000,55.001000,0.214000,0.160000,0.239000,188.590000
c95_g70,0.950000,0.700000,1980-02-14,61.193000,95.960000,46.731000,0.638000,35.000000,203.715000,4.672000,0.947000,95.000000,70.001000,70.001000,0.214000,0.241000,0.239000,188.530000
c95_g80,0.950000,0.800000,1980-02-14,61.201000,95.833000,46.731000,0.639000,35.000000,203.660000,4.672000,0.947000,95.000000,80.000000,80.000000,0.214000,0.322000,0.239000,188.460000
c95_g90,0.950000,0.900000,1980-02-14,61.212000,95.612000,46.731000,0.640000,35.000000,203.579000,4.672000,0.947000,95.000000,90.000000,90.000000,0.214000,0.461000,0.239000,188.360000
c95_g95,0.950000,0.950000,1980-02-14,61.220000,95.570000,46.731000,0.641000,35.000000,203.523000,4.672000,0.947000,95.000000,95.000000,95.000000,0.214000,0.599000,0.239000,188.300000
c30_g30,0.300000,0.300000,1982-11-30,40.404000,103.275000,114.916000,0.391000,35.000000,205.204000,0.578000,0.147000,30.000000,30.036000,30.036000,0.025000,0.071000,0.320000,173.260000
c30_g55,0.300000,0.550000,1982-11-30,40.388000,103.143000,114.916000,0.392000,35.000000,205.389000,0.578000,0.147000,30.000000,55.025000,55.025000,0.025000,0.160000,0.312000,173.320000
c30_g70,0.300000,0.700000,1982-11-30,40.479000,102.958000,114.916000,0.393000,35.000000,205.311000,0.578000,0.147000,30.000000,70.017000,70.017000,0.025000,0.241000,0.244000,173.140000
c30_g80,0.300000,0.800000,1982-11-30,40.633000,102.899000,114.916000,0.395000,35.000000,205.094000,0.578000,0.147000,30.000000,80.010000,80.010000,0.025000,0.322000,0.244000,172.910000
c30_g90,0.300000,0.900000,1982-11-30,41.195000,103.429000,114.916000,0.398000,35.000000,204.871000,0.578000,0.147000,30.000000,90.005000,90.005000,0.025000,0.461000,0.245000,173.110000
c30_g95,0.300000,0.950000,1982-11-30,41.776000,104.168000,114.916000,0.401000,35.000000,204.963000,0.578000,0.147000,30.000000,95.003000,95.003000,0.025000,0.599000,0.245000,173.980000
c55_g30,0.550000,0.300000,1982-11-30,41.971000,105.332000,114.916000,0.398000,35.000000,203.125000,1.551000,0.315000,55.000000,30.036000,30.036000,0.057000,0.071000,0.317000,170.960000
c55_g55,0.550000,0.550000,1982-11-30,42.326000,105.503000,114.916000,0.401000,35.000000,202.929000,1.551000,0.315000,55.000000,55.025000,55.025000,0.057000,0.160000,0.310000,171.040000
c55_g70,0.550000,0.700000,1982-11-30,42.593000,105.565000,114.916000,0.403000,35.000000,202.677000,1.551000,0.315000,55.000000,70.017000,70.017000,0.057000,0.241000,0.246000,170.950000
c55_g80,0.550000,0.800000,1982-11-30,42.936000,105.856000,114.916000,0.406000,35.000000,202.408000,1.551000,0.315000,55.000000,80.010000,80.010000,0.057000,0.322000,0.246000,170.920000
c55_g90,0.550000,0.900000,1982-11-30,43.503000,106.406000,114.916000,0.409000,35.000000,202.018000,1.551000,0.315000,55.000000,90.005000,90.005000,0.057000,0.461000,0.247000,170.920000
c55_g95,0.550000,0.950000,1982-11-30,43.764000,106.640000,114.916000,0.410000,35.000000,201.894000,1.551000,0.315000,55.000000,95.003000,95.003000,0.057000,0.599000,0.247000,171.030000
c70_g30,0.700000,0.300000,1982-11-30,43.775000,107.650000,114.916000,0.407000,35.000000,201.194000,2.506000,0.455000,70.000000,30.036000,30.036000,0.086000,0.071000,0.315000,170.230000
c70_g55,0.700000,0.550000,1982-11-30,44.262000,108.104000,114.916000,0.409000,35.000000,200.943000,2.506000,0.455000,70.000000,55.025000,55.025000,0.086000,0.160000,0.308000,170.420000
c70_g70,0.700000,0.700000,1982-11-30,44.637000,108.408000,114.916000,0.412000,35.000000,200.638000,2.506000,0.455000,70.000000,70.017000,70.017000,0.086000,0.241000,0.248000,170.430000
c70_g80,0.700000,0.800000,1982-11-30,45.002000,108.786000,114.916000,0.414000,35.000000,200.330000,2.506000,0.455000,70.000000,80.010000,80.010000,0.086000,0.322000,0.248000,170.440000
c70_g90,0.700000,0.900000,1982-11-30,45.505000,109.352000,114.916000,0.416000,35.000000,199.895000,2.506000,0.455000,70.000000,90.005000,90.005000,0.086000,0.461000,0.249000,170.440000
c70_g95,0.700000,0.950000,1982-11-30,45.726000,109.556000,114.916000,0.417000,35.000000,199.848000,2.506000,0.455000,70.000000,95.003000,95.003000,0.086000,0.599000,0.249000,170.620000
c80_g30,0.800000,0.300000,1982-11-30,44.996000,109.312000,114.916000,0.412000,35.000000,200.011000,3.329000,0.583000,80.000000,30.036000,30.036000,0.115000,0.071000,0.313000,170.090000
c80_g55,0.800000,0.550000,1982-11-30,45.494000,109.840000,114.916000,0.414000,35.000000,199.751000,3.329000,0.583000,80.000000,55.025000,55.025000,0.115000,0.160000,0.306000,170.300000
c80_g70,0.800000,0.700000,1982-11-30,45.872000,110.195000,114.916000,0.416000,35.000000,199.430000,3.329000,0.583000,80.000000,70.017000,70.017000,0.115000,0.241000,0.249000,170.330000
c80_g80,0.800000,0.800000,1982-11-30,46.199000,110.541000,114.916000,0.418000,35.000000,199.214000,3.329000,0.583000,80.000000,80.010000,80.010000,0.115000,0.322000,0.250000,170.420000
c80_g90,0.800000,0.900000,1982-11-30,46.608000,110.981000,114.916000,0.420000,35.000000,198.850000,3.329000,0.583000,80.000000,90.005000,90.005000,0.115000,0.461000,0.250000,170.450000
c80_g95,0.800000,0.950000,1982-11-30,46.808000,111.166000,114.916000,0.421000,35.000000,198.825000,3.329000,0.583000,80.000000,95.003000,95.003000,0.115000,0.599000,0.250000,170.620000
c90_g30,0.900000,0.300000,1982-11-30,45.864000,110.526000,114.916000,0.415000,35.000000,199.217000,4.241000,0.779000,90.000000,30.036000,30.036000,0.164000,0.071000,0.309000,170.170000
c90_g55,0.900000,0.550000,1982-11-30,46.348000,111.079000,114.916000,0.417000,35.000000,198.956000,4.241000,0.779000,90.000000,55.025000,55.025000,0.164000,0.160000,0.303000,170.380000
c90_g70,0.900000,0.700000,1982-11-30,46.649000,111.339000,114.916000,0.419000,35.000000,198.692000,4.241000,0.779000,90.000000,70.017000,70.017000,0.164000,0.241000,0.250000,170.400000
c90_g80,0.900000,0.800000,1982-11-30,47.006000,111.696000,114.916000,0.421000,35.000000,198.421000,4.241000,0.779000,90.000000,80.010000,80.010000,0.164000,0.322000,0.250000,170.420000
c90_g90,0.900000,0.900000,1982-11-30,47.411000,112.162000,114.916000,0.423000,35.000000,198.109000,4.241000,0.779000,90.000000,90.005000,90.005000,0.164000,0.461000,0.251000,170.510000
c90_g95,0.900000,0.950000,1982-11-30,47.611000,112.365000,114.916000,0.424000,35.000000,198.070000,4.241000,0.779000,90.000000,95.003000,95.003000,0.164000,0.599000,0.251000,170.670000
c95_g30,0.950000,0.300000,1982-11-30,46.162000,110.887000,114.916000,0.416000,35.000000,198.972000,4.672000,0.947000,95.000000,30.036000,30.036000,0.214000,0.071000,0.307000,170.220000
c95_g55,0.950000,0.550000,1982-11-30,46.639000,111.449000,114.916000,0.418000,35.000000,198.712000,4.672000,0.947000,95.000000,55.025000,55.025000,0.214000,0.160000,0.301000,170.430000
c95_g70,0.950000,0.700000,1982-11-30,46.939000,111.723000,114.916000,0.420000,35.000000,198.446000,4.672000,0.947000,95.000000,70.017000,70.017000,0.214000,0.241000,0.250000,170.450000
c95_g80,0.950000,0.800000,1982-11-30,47.294000,112.090000,114.916000,0.422000,35.000000,198.174000,4.672000,0.947000,95.000000,80.010000,80.010000,0.214000,0.322000,0.251000,170.470000
c95_g90,0.950000,0.900000,1982-11-30,47.698000,112.565000,114.916000,0.424000,35.000000,197.862000,4.672000,0.947000,95.000000,90.005000,90.005000,0.214000,0.461000,0.251000,170.560000
c95_g95,0.950000,0.950000,1982-11-30,47.898000,112.778000,114.916000,0.425000,35.000000,197.821000,4.672000,0.947000,95.000000,95.003000,95.003000,0.214000,0.599000,0.251000,170.710000
c30_g30,0.300000,0.300000,1983-03-01,109.828000,113.286000,41.404000,0.969000,35.000000,220.451000,0.578000,0.147000,30.000000,30.039000,30.039000,0.025000,0.071000,0.320000,216.440000
c30_g55,0.300000,0.550000,1983-03-01,109.844000,113.302000,41.404000,0.969000,35.000000,220.412000,0.578000,0.147000,30.000000,55.027000,55.027000,0.025000,0.160000,0.312000,216.370000
c30_g70,0.300000,0.700000,1983-03-01,109.862000,113.321000,41.404000,0.969000,35.000000,220.365000,0.578000,0.147000,30.000000,70.018000,70.018000,0.025000,0.241000,0.291000,216.280000
c30_g80,0.300000,0.800000,1983-03-01,109.884000,113.343000,41.404000,0.969000,35.000000,220.304000,0.578000,0.147000,30.000000,80.010000,80.010000,0.025000,0.322000,0.296000,216.170000
c30_g90,0.300000,0.900000,1983-03-01,109.909000,113.369000,41.404000,0.969000,35.000000,220.246000,0.578000,0.147000,30.000000,90.005000,90.005000,0.025000,0.461000,0.303000,216.070000
c30_g95,0.300000,0.950000,1983-03-01,109.924000,113.384000,41.404000,0.969000,35.000000,220.208000,0.578000,0.147000,30.000000,95.003000,95.003000,0.025000,0.599000,0.308000,216.010000
c55_g30,0.550000,0.300000,1983-03-01,110.261000,113.732000,41.404000,0.969000,35.000000,218.846000,1.551000,0.315000,55.000000,30.039000,30.039000,0.057000,0.071000,0.317000,214.110000
c55_g55,0.550000,0.550000,1983-03-01,110.278000,113.750000,41.404000,0.969000,35.000000,218.799000,1.551000,0.315000,55.000000,55.027000,55.027000,0.057000,0.160000,0.310000,214.030000
c55_g70,0.550000,0.700000,1983-03-01,110.300000,113.772000,41.404000,0.969000,35.000000,218.737000,1.551000,0.315000,55.000000,70.018000,70.018000,0.057000,0.241000,0.293000,213.910000
c55_g80,0.550000,0.800000,1983-03-01,110.328000,113.801000,41.404000,0.969000,35.000000,218.651000,1.551000,0.315000,55.000000,80.010000,80.010000,0.057000,0.322000,0.298000,213.750000
c55_g90,0.550000,0.900000,1983-03-01,110.352000,113.826000,41.404000,0.969000,35.000000,218.589000,1.551000,0.315000,55.000000,90.005000,90.005000,0.057000,0.461000,0.304000,213.640000
c55_g95,0.550000,0.950000,1983-03-01,110.370000,113.844000,41.404000,0.969000,35.000000,218.542000,1.551000,0.315000,55.000000,95.003000,95.003000,0.057000,0.599000,0.309000,213.560000
c70_g30,0.700000,0.300000,1983-03-01,110.551000,114.031000,41.404000,0.969000,35.000000,217.783000,2.506000,0.455000,70.000000,30.039000,30.039000,0.086000,0.071000,0.315000,212.570000
c70_g55,0.700000,0.550000,1983-03-01,110.568000,114.049000,41.404000,0.969000,35.000000,217.736000,2.506000,0.455000,70.000000,55.027000,55.027000,0.086000,0.160000,0.308000,212.490000
c70_g70,0.700000,0.700000,1983-03-01,110.591000,114.072000,41.404000,0.969000,35.000000,217.671000,2.506000,0.455000,70.000000,70.018000,70.018000,0.086000,0.241000,0.294000,212.370000
c70_g80,0.700000,0.800000,1983-03-01,110.617000,114.099000,41.404000,0.969000,35.000000,217.589000,2.506000,0.455000,70.000000,80.010000,80.010000,0.086000,0.322000,0.298000,212.220000
c70_g90,0.700000,0.900000,1983-03-01,110.639000,114.122000,41.404000,0.969000,35.000000,217.532000,2.506000,0.455000,70.000000,90.005000,90.005000,0.086000,0.461000,0.305000,212.120000
c70_g95,0.700000,0.950000,1983-03-01,110.657000,114.140000,41.404000,0.969000,35.000000,217.486000,2.506000,0.455000,70.000000,95.003000,95.003000,0.086000,0.599000,0.310000,212.040000
c80_g30,0.800000,0.300000,1983-03-01,110.718000,114.203000,41.404000,0.969000,35.000000,217.174000,3.329000,0.583000,80.000000,30.039000,30.039000,0.115000,0.071000,0.313000,211.710000
c80_g55,0.800000,0.550000,1983-03-01,110.732000,114.217000,41.404000,0.969000,35.000000,217.140000,3.329000,0.583000,80.000000,55.027000,55.027000,0.115000,0.160000,0.306000,211.650000
c80_g70,0.800000,0.700000,1983-03-01,110.753000,114.239000,41.404000,0.969000,35.000000,217.077000,3.329000,0.583000,80.000000,70.018000,70.018000,0.115000,0.241000,0.293000,211.540000
c80_g80,0.800000,0.800000,1983-03-01,110.780000,114.267000,41.404000,0.969000,35.000000,216.993000,3.329000,0.583000,80.000000,80.010000,80.010000,0.115000,0.322000,0.297000,211.380000
c80_g90,0.800000,0.900000,1983-03-01,110.801000,114.289000,41.404000,0.969000,35.000000,216.940000,3.329000,0.583000,80.000000,90.005000,90.005000,0.115000,0.461000,0.304000,211.300000
c80_g95,0.800000,0.950000,1983-03-01,110.819000,114.307000,41.404000,0.969000,35.000000,216.893000,3.329000,0.583000,80.000000,95.003000,95.003000,0.115000,0.599000,0.310000,211.220000
c90_g30,0.900000,0.300000,1983-03-01,110.839000,114.328000,41.404000,0.969000,35.000000,216.725000,4.241000,0.779000,90.000000,30.039000,30.039000,0.164000,0.071000,0.309000,211.100000
c90_g55,0.900000,0.550000,1983-03-01,110.850000,114.340000,41.404000,0.969000,35.000000,216.702000,4.241000,0.779000,90.000000,55.027000,55.027000,0.164000,0.160000,0.303000,211.060000
c90_g70,0.900000,0.700000,1983-03-01,110.870000,114.360000,41.404000,0.969000,35.000000,216.646000,4.241000,0.779000,90.000000,70.018000,70.018000,0.164000,0.241000,0.291000,210.970000
c90_g80,0.900000,0.800000,1983-03-01,110.897000,114.388000,41.404000,0.969000,35.000000,216.560000,4.241000,0.779000,90.000000,80.010000,80.010000,0.164000,0.322000,0.295000,210.800000
c90_g90,0.900000,0.900000,1983-03-01,110.915000,114.407000,41.404000,0.969000,35.000000,216.518000,4.241000,0.779000,90.000000,90.005000,90.005000,0.164000,0.461000,0.302000,210.740000
c90_g95,0.900000,0.950000,1983-03-01,110.933000,114.425000,41.404000,0.969000,35.000000,216.471000,4.241000,0.779000,90.000000,95.003000,95.003000,0.164000,0.599000,0.308000,210.660000
c95_g30,0.950000,0.300000,1983-03-01,110.878000,114.369000,41.404000,0.969000,35.000000,216.572000,4.672000,0.947000,95.000000,30.039000,30.039000,0.214000,0.071000,0.307000,210.900000
c95_g55,0.950000,0.550000,1983-03-01,110.888000,114.379000,41.404000,0.969000,35.000000,216.556000,4.672000,0.947000,95.000000,55.027000,55.027000,0.214000,0.160000,0.301000,210.890000
c95_g70,0.950000,0.700000,1983-03-01,110.907000,114.398000,41.404000,0.969000,35.000000,216.503000,4.672000,0.947000,95.000000,70.018000,70.018000,0.214000,0.241000,0.289000,210.790000
c95_g80,0.950000,0.800000,1983-03-01,110.933000,114.425000,41.404000,0.969000,35.000000,216.421000,4.672000,0.947000,95.000000,80.010000,80.010000,0.214000,0.322000,0.293000,210.640000
c95_g90,0.950000,0.900000,1983-03-01,110.951000,114.444000,41.404000,0.969000,35.000000,216.380000,4.672000,0.947000,95.000000,90.005000,90.005000,0.214000,0.461000,0.300000,210.580000
c95_g95,0.950000,0.950000,1983-03-01,110.969000,114.462000,41.404000,0.969000,35.000000,216.332000,4.672000,0.947000,95.000000,95.003000,95.003000,0.214000,0.599000,0.307000,210.500000
c30_g30,0.300000,0.300000,1986-02-15,42.834000,275.624000,39.115000,0.155000,35.000000,218.050000,0.578000,0.147000,30.000000,30.076000,30.076000,0.025000,0.072000,0.329000,213.760000
c30_g55,0.300000,0.550000,1986-02-15,42.845000,293.582000,39.115000,0.146000,35.000000,218.027000,0.578000,0.147000,30.000000,55.053000,55.053000,0.025000,0.160000,0.335000,213.730000
c30_g70,0.300000,0.700000,1986-02-15,42.860000,316.229000,39.115000,0.136000,35.000000,217.993000,0.578000,0.147000,30.000000,70.035000,70.035000,0.025000,0.241000,0.343000,213.680000
c30_g80,0.300000,0.800000,1986-02-15,42.875000,323.029000,39.115000,0.133000,35.000000,217.957000,0.578000,0.147000,30.000000,80.020000,80.020000,0.025000,0.322000,0.345000,213.620000
c30_g90,0.300000,0.900000,1986-02-15,42.894000,3.516000,39.115000,12.200000,35.000000,217.915000,0.578000,0.147000,30.000000,90.010000,90.010000,0.025000,0.461000,0.303000,213.560000
c30_g95,0.300000,0.950000,1986-02-15,42.906000,3.517000,39.115000,12.200000,35.000000,217.892000,0.578000,0.147000,30.000000,95.007000,95.007000,0.025000,0.599000,0.308000,213.530000
c55_g30,0.550000,0.300000,1986-02-15,43.082000,277.217000,39.115000,0.155000,35.000000,217.285000,1.551000,0.315000,55.000000,30.076000,30.076000,0.057000,0.072000,0.330000,213.040000
c55_g55,0.550000,0.550000,1986-02-15,43.093000,295.280000,39.115000,0.146000,35.000000,217.261000,1.551000,0.315000,55.000000,55.053000,55.053000,0.057000,0.160000,0.336000,213.010000
c55_g70,0.550000,0.700000,1986-02-15,43.110000,318.075000,39.115000,0.136000,35.000000,217.219000,1.551000,0.315000,55.000000,70.035000,70.035000,0.057000,0.241000,0.344000,212.940000
c55_g80,0.550000,0.800000,1986-02-15,43.134000,316.632000,39.115000,0.136000,35.000000,217.150000,1.551000,0.315000,55.000000,80.020000,80.020000,0.057000,0.322000,0.343000,212.800000
c55_g90,0.550000,0.900000,1986-02-15,43.162000,3.538000,39.115000,12.200000,35.000000,217.072000,1.551000,0.315000,55.000000,90.010000,90.010000,0.057000,0.461000,0.304000,212.670000
c55_g95,0.550000,0.950000,1986-02-15,43.183000,3.540000,39.115000,12.200000,35.000000,217.013000,1.551000,0.315000,55.000000,95.007000,95.007000,0.057000,0.599000,0.309000,212.560000
c70_g30,0.700000,0.300000,1986-02-15,43.266000,278.406000,39.115000,0.155000,35.000000,216.712000,2.506000,0.455000,70.000000,30.076000,30.076000,0.086000,0.072000,0.330000,212.360000
c70_g55,0.700000,0.550000,1986-02-15,43.305000,296.732000,39.115000,0.146000,35.000000,216.607000,2.506000,0.455000,70.000000,55.053000,55.053000,0.086000,0.160000,0.337000,212.120000
c70_g70,0.700000,0.700000,1986-02-15,43.364000,319.946000,39.115000,0.136000,35.000000,216.443000,2.506000,0.455000,70.000000,70.035000,70.035000,0.086000,0.241000,0.344000,211.740000
c70_g80,0.700000,0.800000,1986-02-15,43.408000,312.292000,39.115000,0.139000,35.000000,216.313000,2.506000,0.455000,70.000000,80.020000,80.020000,0.086000,0.322000,0.342000,211.450000
c70_g90,0.700000,0.900000,1986-02-15,43.466000,3.563000,39.115000,12.200000,35.000000,216.156000,2.506000,0.455000,70.000000,90.010000,90.010000,0.086000,0.461000,0.305000,211.100000
c70_g95,0.700000,0.950000,1986-02-15,43.506000,3.566000,39.115000,12.200000,35.000000,216.045000,2.506000,0.455000,70.000000,95.007000,95.007000,0.086000,0.599000,0.310000,210.850000
c80_g30,0.800000,0.300000,1986-02-15,43.750000,281.517000,39.115000,0.155000,35.000000,215.317000,3.329000,0.583000,80.000000,30.076000,30.076000,0.115000,0.072000,0.331000,209.050000
c80_g55,0.800000,0.550000,1986-02-15,43.788000,300.037000,39.115000,0.146000,35.000000,215.183000,3.329000,0.583000,80.000000,55.053000,55.053000,0.115000,0.160000,0.338000,208.730000
c80_g70,0.800000,0.700000,1986-02-15,43.840000,320.541000,39.115000,0.137000,35.000000,214.973000,3.329000,0.583000,80.000000,70.035000,70.035000,0.115000,0.241000,0.345000,208.220000
c80_g80,0.800000,0.800000,1986-02-15,43.878000,310.862000,39.115000,0.141000,35.000000,214.806000,3.329000,0.583000,80.000000,80.020000,80.020000,0.115000,0.322000,0.341000,207.840000
c80_g90,0.800000,0.900000,1986-02-15,43.922000,3.600000,39.115000,12.200000,35.000000,214.622000,3.329000,0.583000,80.000000,90.010000,90.010000,0.115000,0.461000,0.304000,207.400000
c80_g95,0.800000,0.950000,1986-02-15,43.947000,3.602000,39.115000,12.200000,35.000000,214.510000,3.329000,0.583000,80.000000,95.007000,95.007000,0.115000,0.599000,0.310000,207.150000
c90_g30,0.900000,0.300000,1986-02-15,43.933000,282.697000,39.115000,0.155000,35.000000,214.589000,4.241000,0.779000,90.000000,30.076000,30.076000,0.164000,0.072000,0.332000,207.450000
c90_g55,0.900000,0.550000,1986-02-15,43.961000,301.228000,39.115000,0.146000,35.000000,214.461000,4.241000,0.779000,90.000000,55.053000,55.053000,0.164000,0.160000,0.338000,207.150000
c90_g70,0.900000,0.700000,1986-02-15,43.998000,312.152000,39.115000,0.141000,35.000000,214.274000,4.241000,0.779000,90.000000,70.035000,70.035000,0.164000,0.241000,0.342000,206.700000
c90_g80,0.900000,0.800000,1986-02-15,44.029000,303.239000,39.115000,0.145000,35.000000,214.102000,4.241000,0.779000,90.000000,80.020000,80.020000,0.164000,0.322000,0.339000,206.310000
c90_g90,0.900000,0.900000,1986-02-15,44.061000,3.612000,39.115000,12.200000,35.000000,213.946000,4.241000,0.779000,90.000000,90.010000,90.010000,0.164000,0.461000,0.302000,205.950000
c90_g95,0.900000,0.950000,1986-02-15,44.081000,3.613000,39.115000,12.200000,35.000000,213.847000,4.241000,0.779000,90.000000,95.007000,95.007000,0.164000,0.599000,0.308000,205.730000
c95_g30,0.950000,0.300000,1986-02-15,43.975000,282.966000,39.115000,0.155000,35.000000,214.407000,4.672000,0.947000,95.000000,30.076000,30.076000,0.214000,0.072000,0.332000,207.090000
c95_g55,0.950000,0.550000,1986-02-15,44.002000,301.505000,39.115000,0.146000,35.000000,214.279000,4.672000,0.947000,95.000000,55.053000,55.053000,0.214000,0.160000,0.338000,206.790000
c95_g70,0.950000,0.700000,1986-02-15,44.034000,304.527000,39.115000,0.145000,35.000000,214.112000,4.672000,0.947000,95.000000,70.035000,70.035000,0.214000,0.241000,0.339000,206.400000
c95_g80,0.950000,0.800000,1986-02-15,44.063000,296.254000,39.115000,0.149000,35.000000,213.944000,4.672000,0.947000,95.000000,80.020000,80.020000,0.214000,0.322000,0.336000,206.010000
c95_g90,0.950000,0.900000,1986-02-15,44.096000,3.614000,39.115000,12.200000,35.000000,213.771000,4.672000,0.947000,95.000000,90.010000,90.010000,0.214000,0.461000,0.300000,205.610000
c95_g95,0.950000,0.950000,1986-02-15,44.115000,3.616000,39.115000,12.200000,35.000000,213.673000,4.672000,0.947000,95.000000,95.007000,95.007000,0.214000,0.599000,0.307000,205.390000
c30_g30,0.300000,0.300000,1995-01-03,99.075000,135.031000,102.522000,0.734000,35.000000,149.378000,0.578000,0.147000,30.000000,30.186000,30.186000,0.025000,0.072000,0.329000,90.790000
c30_g55,0.300000,0.550000,1995-01-03,99.269000,134.816000,102.187000,0.736000,35.000000,148.703000,0.578000,0.147000,30.000000,55.128000,55.128000,0.025000,0.160000,0.335000,90.310000
c30_g70,0.300000,0.700000,1995-01-03,99.520000,134.475000,101.699000,0.740000,35.000000,147.976000,0.578000,0.147000,30.000000,70.086000,70.086000,0.025000,0.241000,0.343000,89.830000
c30_g80,0.300000,0.800000,1995-01-03,99.763000,134.125000,101.248000,0.744000,35.000000,147.297000,0.578000,0.147000,30.000000,80.049000,80.049000,0.025000,0.322000,0.345000,89.400000
c30_g90,0.300000,0.900000,1995-01-03,100.159000,133.577000,100.521000,0.750000,35.000000,146.374000,0.578000,0.147000,30.000000,90.024000,90.024000,0.025000,0.461000,0.303000,88.880000
c30_g95,0.300000,0.950000,1995-01-03,100.585000,133.160000,99.844000,0.755000,35.000000,145.971000,0.578000,0.147000,30.000000,95.016000,95.016000,0.025000,0.600000,0.308000,88.910000
c55_g30,0.550000,0.300000,1995-01-03,100.209000,135.157000,100.987000,0.741000,35.000000,145.896000,1.551000,0.315000,55.000000,30.186000,30.186000,0.057000,0.072000,0.330000,88.430000
c55_g55,0.550000,0.550000,1995-01-03,100.411000,135.025000,100.770000,0.744000,35.000000,145.593000,1.551000,0.315000,55.000000,55.128000,55.128000,0.057000,0.160000,0.336000,88.330000
c55_g70,0.550000,0.700000,1995-01-03,100.486000,135.097000,101.146000,0.744000,35.000000,145.363000,1.551000,0.315000,55.000000,70.086000,70.086000,0.057000,0.241000,0.344000,88.180000
c55_g80,0.550000,0.800000,1995-01-03,100.461000,135.326000,101.934000,0.742000,35.000000,145.223000,1.551000,0.315000,55.000000,80.049000,80.049000,0.057000,0.322000,0.343000,88.010000
c55_g90,0.550000,0.900000,1995-01-03,100.461000,135.533000,102.893000,0.741000,35.000000,145.045000,1.551000,0.315000,55.000000,90.024000,90.024000,0.057000,0.461000,0.304000,87.830000
c55_g95,0.550000,0.950000,1995-01-03,100.524000,135.637000,103.522000,0.741000,35.000000,144.923000,1.551000,0.315000,55.000000,95.016000,95.016000,0.057000,0.600000,0.309000,87.720000
c70_g30,0.700000,0.300000,1995-01-03,101.098000,135.250000,99.792000,0.747000,35.000000,145.037000,2.506000,0.455000,70.000000,30.186000,30.186000,0.086000,0.072000,0.330000,88.460000
c70_g55,0.700000,0.550000,1995-01-03,101.154000,135.393000,100.187000,0.747000,35.000000,144.924000,2.506000,0.455000,70.000000,55.128000,55.128000,0.086000,0.160000,0.337000,88.400000
c70_g70,0.700000,0.700000,1995-01-03,101.206000,135.498000,100.650000,0.747000,35.000000,144.809000,2.506000,0.455000,70.000000,70.086000,70.086000,0.086000,0.241000,0.344000,88.340000
c70_g80,0.700000,0.800000,1995-01-03,101.285000,135.536000,101.012000,0.747000,35.000000,144.697000,2.506000,0.455000,70.000000,80.049000,80.049000,0.086000,0.322000,0.342000,88.310000
c70_g90,0.700000,0.900000,1995-01-03,101.480000,135.561000,101.500000,0.749000,35.000000,144.522000,2.506000,0.455000,70.000000,90.024000,90.024000,0.086000,0.461000,0.305000,88.270000
c70_g95,0.700000,0.950000,1995-01-03,101.525000,135.473000,101.835000,0.749000,35.000000,144.455000,2.506000,0.455000,70.000000,95.016000,95.016000,0.086000,0.600000,0.310000,88.250000
c80_g30,0.800000,0.300000,1995-01-03,101.650000,143.893000,109.007000,0.706000,35.000000,144.749000,3.329000,0.583000,80.000000,30.186000,30.186000,0.115000,0.072000,0.331000,88.720000
c80_g55,0.800000,0.550000,1995-01-03,101.736000,135.428000,101.901000,0.751000,35.000000,144.644000,3.329000,0.583000,80.000000,55.128000,55.128000,0.115000,0.160000,0.338000,88.710000
c80_g70,0.800000,0.700000,1995-01-03,101.886000,135.477000,99.614000,0.752000,35.000000,144.533000,3.329000,0.583000,80.000000,70.086000,70.086000,0.115000,0.241000,0.345000,88.690000
c80_g80,0.800000,0.800000,1995-01-03,101.991000,135.492000,99.910000,0.753000,35.000000,144.415000,3.329000,0.583000,80.000000,80.049000,80.049000,0.115000,0.322000,0.341000,88.670000
c80_g90,0.800000,0.900000,1995-01-03,102.138000,135.387000,100.299000,0.754000,35.000000,144.261000,3.329000,0.583000,80.000000,90.024000,90.024000,0.115000,0.461000,0.304000,88.670000
c80_g95,0.800000,0.950000,1995-01-03,102.223000,135.188000,100.423000,0.756000,35.000000,144.220000,3.329000,0.583000,80.000000,95.016000,95.016000,0.115000,0.600000,0.310000,88.710000
c90_g30,0.900000,0.300000,1995-01-03,102.154000,143.650000,108.155000,0.711000,35.000000,144.550000,4.241000,0.779000,90.000000,30.186000,30.186000,0.164000,0.072000,0.332000,89.030000
c90_g55,0.900000,0.550000,1995-01-03,102.256000,143.814000,108.376000,0.711000,35.000000,144.450000,4.241000,0.779000,90.000000,55.128000,55.128000,0.164000,0.160000,0.338000,89.030000
c90_g70,0.900000,0.700000,1995-01-03,102.456000,143.986000,108.569000,0.712000,35.000000,144.334000,4.241000,0.779000,90.000000,70.086000,70.086000,0.164000,0.241000,0.342000,89.060000
c90_g80,0.900000,0.800000,1995-01-03,102.610000,144.023000,108.704000,0.712000,35.000000,144.218000,4.241000,0.779000,90.000000,80.049000,80.049000,0.164000,0.322000,0.339000,89.090000
c90_g90,0.900000,0.900000,1995-01-03,102.777000,143.895000,108.873000,0.714000,35.000000,144.114000,4.241000,0.779000,90.000000,90.024000,90.024000,0.164000,0.461000,0.302000,89.160000
c90_g95,0.900000,0.950000,1995-01-03,102.864000,143.750000,108.974000,0.716000,35.000000,144.078000,4.241000,0.779000,90.000000,95.016000,95.016000,0.164000,0.600000,0.308000,89.210000
c95_g30,0.950000,0.300000,1995-01-03,102.388000,143.491000,107.697000,0.714000,35.000000,144.485000,4.672000,0.947000,95.000000,30.186000,30.186000,0.214000,0.072000,0.332000,89.200000
c95_g55,0.950000,0.550000,1995-01-03,102.512000,143.606000,107.851000,0.714000,35.000000,144.386000,4.672000,0.947000,95.000000,55.128000,55.128000,0.214000,0.160000,0.338000,89.230000
c95_g70,0.950000,0.700000,1995-01-03,102.718000,143.766000,108.031000,0.714000,35.000000,144.268000,4.672000,0.947000,95.000000,70.086000,70.086000,0.214000,0.241000,0.339000,89.250000
c95_g80,0.950000,0.800000,1995-01-03,102.876000,143.787000,108.152000,0.715000,35.000000,144.154000,4.672000,0.947000,95.000000,80.049000,80.049000,0.214000,0.322000,0.336000,89.300000
c95_g90,0.950000,0.900000,1995-01-03,103.026000,143.618000,108.315000,0.717000,35.000000,144.069000,4.672000,0.947000,95.000000,90.024000,90.024000,0.214000,0.461000,0.300000,89.360000
c95_g95,0.950000,0.950000,1995-01-03,103.119000,143.451000,108.394000,0.719000,35.000000,144.035000,4.672000,0.947000,95.000000,95.016000,95.016000,0.214000,0.600000,0.307000,89.420000
c30_g30,0.300000,0.300000,1995-01-10,112.693000,85.679000,39.610000,1.315000,35.000000,222.010000,0.578000,0.147000,30.000000,30.186000,30.186000,0.025000,0.072000,0.329000,219.380000
c30_g55,0.300000,0.550000,1995-01-10,112.707000,85.926000,39.610000,1.312000,35.000000,221.965000,0.578000,0.147000,30.000000,55.129000,55.129000,0.025000,0.160000,0.335000,219.270000
c30_g70,0.300000,0.700000,1995-01-10,112.726000,81.838000,39.610000,1.377000,35.000000,221.909000,0.578000,0.147000,30.000000,70.086000,70.086000,0.025000,0.241000,0.343000,219.130000
c30_g80,0.300000,0.800000,1995-01-10,112.744000,83.496000,39.712000,1.350000,35.000000,221.852000,0.578000,0.147000,30.000000,80.049000,80.049000,0.025000,0.322000,0.345000,218.990000
c30_g90,0.300000,0.900000,1995-01-10,112.773000,102.494000,40.880000,1.100000,35.000000,221.762000,0.578000,0.147000,30.000000,90.025000,90.025000,0.025000,0.461000,0.303000,218.770000
c30_g95,0.300000,0.950000,1995-01-10,112.795000,114.761000,41.633000,0.983000,35.000000,221.704000,0.578000,0.147000,30.000000,95.016000,95.016000,0.025000,0.600000,0.308000,218.640000
c55_g30,0.550000,0.300000,1995-01-10,113.041000,86.333000,39.610000,1.309000,35.000000,221.176000,1.551000,0.315000,55.000000,30.186000,30.186000,0.057000,0.072000,0.330000,218.450000
c55_g55,0.550000,0.550000,1995-01-10,113.054000,82.077000,39.610000,1.377000,35.000000,221.132000,1.551000,0.315000,55.000000,55.129000,55.129000,0.057000,0.160000,0.336000,218.350000
c55_g70,0.550000,0.700000,1995-01-10,113.067000,83.736000,39.712000,1.350000,35.000000,221.090000,1.551000,0.315000,55.000000,70.086000,70.086000,0.057000,0.241000,0.344000,218.250000
c55_g80,0.550000,0.800000,1995-01-10,113.078000,95.536000,40.435000,1.184000,35.000000,221.052000,1.551000,0.315000,55.000000,80.049000,80.049000,0.057000,0.322000,0.343000,218.160000
c55_g90,0.550000,0.900000,1995-01-10,113.098000,115.069000,41.633000,0.983000,35.000000,220.995000,1.551000,0.315000,55.000000,90.025000,90.025000,0.057000,0.461000,0.304000,218.030000
c55_g95,0.550000,0.950000,1995-01-10,113.118000,115.089000,41.633000,0.983000,35.000000,220.948000,1.551000,0.315000,55.000000,95.016000,95.016000,0.057000,0.600000,0.309000,217.940000
c70_g30,0.700000,0.300000,1995-01-10,113.250000,82.219000,39.610000,1.377000,35.000000,220.688000,2.506000,0.455000,70.000000,30.186000,30.186000,0.086000,0.072000,0.330000,217.990000
c70_g55,0.700000,0.550000,1995-01-10,113.260000,82.226000,39.610000,1.377000,35.000000,220.654000,2.506000,0.455000,70.000000,55.129000,55.129000,0.086000,0.160000,0.337000,217.910000
c70_g70,0.700000,0.700000,1995-01-10,113.271000,83.887000,39.712000,1.350000,35.000000,220.617000,2.506000,0.455000,70.000000,70.086000,70.086000,0.086000,0.241000,0.344000,217.830000
c70_g80,0.700000,0.800000,1995-01-10,113.282000,102.957000,40.880000,1.100000,35.000000,220.580000,2.506000,0.455000,70.000000,80.049000,80.049000,0.086000,0.322000,0.342000,217.740000
c70_g90,0.700000,0.900000,1995-01-10,113.305000,115.280000,41.633000,0.983000,35.000000,220.518000,2.506000,0.455000,70.000000,90.025000,90.025000,0.086000,0.461000,0.305000,217.610000
c70_g95,0.700000,0.950000,1995-01-10,113.324000,115.300000,41.633000,0.983000,35.000000,220.474000,2.506000,0.455000,70.000000,95.016000,95.016000,0.086000,0.600000,0.310000,217.520000
c80_g30,0.800000,0.300000,1995-01-10,113.368000,82.304000,39.610000,1.377000,35.000000,220.417000,3.329000,0.583000,80.000000,30.186000,30.186000,0.115000,0.072000,0.331000,217.760000
c80_g55,0.800000,0.550000,1995-01-10,113.378000,82.312000,39.610000,1.377000,35.000000,220.383000,3.329000,0.583000,80.000000,55.129000,55.129000,0.115000,0.160000,0.338000,217.680000
c80_g70,0.800000,0.700000,1995-01-10,113.389000,89.497000,40.050000,1.267000,35.000000,220.345000,3.329000,0.583000,80.000000,70.086000,70.086000,0.115000,0.241000,0.345000,217.590000
c80_g80,0.800000,0.800000,1995-01-10,113.400000,103.064000,40.880000,1.100000,35.000000,220.308000,3.329000,0.583000,80.000000,80.049000,80.049000,0.115000,0.322000,0.341000,217.500000
c80_g90,0.800000,0.900000,1995-01-10,113.425000,115.403000,41.633000,0.983000,35.000000,220.244000,3.329000,0.583000,80.000000,90.025000,90.025000,0.115000,0.461000,0.304000,217.370000
c80_g95,0.800000,0.950000,1995-01-10,113.444000,115.421000,41.633000,0.983000,35.000000,220.201000,3.329000,0.583000,80.000000,95.016000,95.016000,0.115000,0.600000,0.310000,217.290000
c90_g30,0.900000,0.300000,1995-01-10,113.458000,82.370000,39.610000,1.377000,35.000000,220.212000,4.241000,0.779000,90.000000,30.186000,30.186000,0.164000,0.072000,0.332000,217.580000
c90_g55,0.900000,0.550000,1995-01-10,113.468000,82.377000,39.610000,1.377000,35.000000,220.178000,4.241000,0.779000,90.000000,55.129000,55.129000,0.164000,0.160000,0.338000,217.500000
c90_g70,0.900000,0.700000,1995-01-10,113.479000,89.568000,40.050000,1.267000,35.000000,220.139000,4.241000,0.779000,90.000000,70.086000,70.086000,0.164000,0.241000,0.342000,217.410000
c90_g80,0.900000,0.800000,1995-01-10,113.490000,103.146000,40.880000,1.100000,35.000000,220.101000,4.241000,0.779000,90.000000,80.049000,80.049000,0.164000,0.322000,0.339000,217.320000
c90_g90,0.900000,0.900000,1995-01-10,113.516000,115.495000,41.633000,0.983000,35.000000,220.039000,4.241000,0.779000,90.000000,90.025000,90.025000,0.164000,0.461000,0.302000,217.200000
c90_g95,0.900000,0.950000,1995-01-10,113.535000,115.514000,41.633000,0.983000,35.000000,219.996000,4.241000,0.779000,90.000000,95.016000,95.016000,0.164000,0.600000,0.308000,217.120000
c95_g30,0.950000,0.300000,1995-01-10,113.490000,82.393000,39.610000,1.377000,35.000000,220.139000,4.672000,0.947000,95.000000,30.186000,30.186000,0.214000,0.072000,0.332000,217.530000
c95_g55,0.950000,0.550000,1995-01-10,113.500000,82.400000,39.610000,1.377000,35.000000,220.105000,4.672000,0.947000,95.000000,55.129000,55.129000,0.214000,0.160000,0.338000,217.450000
c95_g70,0.950000,0.700000,1995-01-10,113.511000,95.902000,40.435000,1.184000,35.000000,220.066000,4.672000,0.947000,95.000000,70.086000,70.086000,0.214000,0.241000,0.339000,217.360000
c95_g80,0.950000,0.800000,1995-01-10,113.522000,111.630000,41.397000,1.017000,35.000000,220.028000,4.672000,0.947000,95.000000,80.049000,80.049000,0.214000,0.322000,0.336000,217.270000
c95_g90,0.950000,0.900000,1995-01-10,113.548000,115.528000,41.633000,0.983000,35.000000,219.967000,4.672000,0.947000,95.000000,90.025000,90.025000,0.214000,0.461000,0.300000,217.140000
c95_g95,0.950000,0.950000,1995-01-10,113.567000,115.547000,41.633000,0.983000,35.000000,219.923000,4.672000,0.947000,95.000000,95.016000,95.016000,0.214000,0.600000,0.307000,217.060000
c30_g30,0.300000,0.300000,1996-02-20,82.376000,85.217000,52.246000,0.967000,35.000000,211.337000,0.578000,0.147000,30.000000,30.200000,30.200000,0.025000,0.072000,0.329000,199.780000
c30_g55,0.300000,0.550000,1996-02-20,82.384000,85.225000,52.246000,0.967000,35.000000,211.295000,0.578000,0.147000,30.000000,55.138000,55.138000,0.025000,0.160000,0.335000,199.720000
c30_g70,0.300000,0.700000,1996-02-20,82.392000,85.233000,52.246000,0.967000,35.000000,211.237000,0.578000,0.147000,30.000000,70.092000,70.092000,0.025000,0.241000,0.343000,199.630000
c30_g80,0.300000,0.800000,1996-02-20,82.400000,85.241000,52.246000,0.967000,35.000000,211.221000,0.578000,0.147000,30.000000,80.053000,80.053000,0.025000,0.322000,0.345000,199.620000
c30_g90,0.300000,0.900000,1996-02-20,82.412000,85.253000,52.246000,0.967000,35.000000,211.202000,0.578000,0.147000,30.000000,90.026000,90.026000,0.025000,0.461000,0.303000,199.600000
c30_g95,0.300000,0.950000,1996-02-20,82.419000,85.261000,52.246000,0.967000,35.000000,211.201000,0.578000,0.147000,30.000000,95.018000,95.018000,0.025000,0.600000,0.308000,199.610000
c55_g30,0.550000,0.300000,1996-02-20,82.492000,85.337000,52.246000,0.967000,35.000000,207.450000,1.551000,0.315000,55.000000,30.200000,30.200000,0.057000,0.072000,0.330000,192.680000
c55_g55,0.550000,0.550000,1996-02-20,82.500000,85.344000,52.246000,0.967000,35.000000,207.258000,1.551000,0.315000,55.000000,55.138000,55.138000,0.057000,0.160000,0.336000,192.330000
c55_g70,0.550000,0.700000,1996-02-20,82.508000,85.353000,52.246000,0.967000,35.000000,206.749000,1.551000,0.315000,55.000000,70.092000,70.092000,0.057000,0.241000,0.344000,191.450000
c55_g80,0.550000,0.800000,1996-02-20,82.515000,85.361000,52.246000,0.967000,35.000000,206.331000,1.551000,0.315000,55.000000,80.053000,80.053000,0.057000,0.322000,0.343000,190.760000
c55_g90,0.550000,0.900000,1996-02-20,82.527000,85.373000,52.246000,0.967000,35.000000,206.103000,1.551000,0.315000,55.000000,90.026000,90.026000,0.057000,0.461000,0.304000,190.420000
c55_g95,0.550000,0.950000,1996-02-20,82.535000,85.381000,52.246000,0.967000,35.000000,205.764000,1.551000,0.315000,55.000000,95.018000,95.018000,0.057000,0.600000,0.309000,189.910000
c70_g30,0.700000,0.300000,1996-02-20,82.564000,85.411000,52.246000,0.967000,35.000000,198.733000,2.506000,0.455000,70.000000,30.200000,30.200000,0.086000,0.072000,0.330000,182.110000
c70_g55,0.700000,0.550000,1996-02-20,82.571000,85.419000,52.246000,0.967000,35.000000,198.637000,2.506000,0.455000,70.000000,55.138000,55.138000,0.086000,0.160000,0.337000,182.020000
c70_g70,0.700000,0.700000,1996-02-20,82.579000,85.427000,52.246000,0.967000,35.000000,198.043000,2.506000,0.455000,70.000000,70.092000,70.092000,0.086000,0.241000,0.344000,181.440000
c70_g80,0.700000,0.800000,1996-02-20,82.587000,85.435000,52.246000,0.967000,35.000000,197.829000,2.506000,0.455000,70.000000,80.053000,80.053000,0.086000,0.322000,0.342000,181.230000
c70_g90,0.700000,0.900000,1996-02-20,82.599000,85.447000,52.246000,0.967000,35.000000,197.546000,2.506000,0.455000,70.000000,90.026000,90.026000,0.086000,0.461000,0.305000,180.960000
c70_g95,0.700000,0.950000,1996-02-20,82.606000,85.455000,52.246000,0.967000,35.000000,197.047000,2.506000,0.455000,70.000000,95.018000,95.018000,0.086000,0.600000,0.310000,180.470000
c80_g30,0.800000,0.300000,1996-02-20,82.606000,85.454000,52.246000,0.967000,35.000000,194.484000,3.329000,0.583000,80.000000,30.200000,30.200000,0.115000,0.072000,0.331000,177.900000
c80_g55,0.800000,0.550000,1996-02-20,82.613000,85.462000,52.246000,0.967000,35.000000,194.440000,3.329000,0.583000,80.000000,55.138000,55.138000,0.115000,0.160000,0.338000,177.870000
c80_g70,0.800000,0.700000,1996-02-20,82.621000,85.470000,52.246000,0.967000,35.000000,194.201000,3.329000,0.583000,80.000000,70.092000,70.092000,0.115000,0.241000,0.345000,177.630000
c80_g80,0.800000,0.800000,1996-02-20,82.629000,85.478000,52.246000,0.967000,35.000000,194.046000,3.329000,0.583000,80.000000,80.053000,80.053000,0.115000,0.322000,0.341000,177.490000
c80_g90,0.800000,0.900000,1996-02-20,82.640000,85.490000,52.246000,0.967000,35.000000,193.449000,3.329000,0.583000,80.000000,90.026000,90.026000,0.115000,0.461000,0.304000,176.900000
c80_g95,0.800000,0.950000,1996-02-20,82.648000,85.498000,52.246000,0.967000,35.000000,192.929000,3.329000,0.583000,80.000000,95.018000,95.018000,0.115000,0.600000,0.310000,176.390000
c90_g30,0.900000,0.300000,1996-02-20,82.639000,85.488000,52.246000,0.967000,35.000000,192.356000,4.241000,0.779000,90.000000,30.200000,30.200000,0.164000,0.072000,0.332000,175.800000
c90_g55,0.900000,0.550000,1996-02-20,82.646000,85.496000,52.246000,0.967000,35.000000,192.578000,4.241000,0.779000,90.000000,55.138000,55.138000,0.164000,0.160000,0.338000,176.030000
c90_g70,0.900000,0.700000,1996-02-20,82.654000,85.504000,52.246000,0.967000,35.000000,192.172000,4.241000,0.779000,90.000000,70.092000,70.092000,0.164000,0.241000,0.342000,175.630000
c90_g80,0.900000,0.800000,1996-02-20,82.662000,85.512000,52.246000,0.967000,35.000000,191.730000,4.241000,0.779000,90.000000,80.053000,80.053000,0.164000,0.322000,0.339000,175.200000
c90_g90,0.900000,0.900000,1996-02-20,82.673000,85.524000,52.246000,0.967000,35.000000,191.183000,4.241000,0.779000,90.000000,90.026000,90.026000,0.164000,0.461000,0.302000,174.660000
c90_g95,0.900000,0.950000,1996-02-20,82.681000,85.532000,52.246000,0.967000,35.000000,190.758000,4.241000,0.779000,90.000000,95.018000,95.018000,0.164000,0.600000,0.308000,174.250000
c95_g30,0.950000,0.300000,1996-02-20,82.651000,85.501000,52.246000,0.967000,35.000000,191.822000,4.672000,0.947000,95.000000,30.200000,30.200000,0.214000,0.072000,0.332000,175.280000
c95_g55,0.950000,0.550000,1996-02-20,82.659000,85.509000,52.246000,0.967000,35.000000,192.126000,4.672000,0.947000,95.000000,55.138000,55.138000,0.214000,0.160000,0.338000,175.590000
c95_g70,0.950000,0.700000,1996-02-20,82.667000,85.517000,52.246000,0.967000,35.000000,191.566000,4.672000,0.947000,95.000000,70.092000,70.092000,0.214000,0.241000,0.339000,175.040000
c95_g80,0.950000,0.800000,1996-02-20,82.674000,85.525000,52.246000,0.967000,35.000000,191.121000,4.672000,0.947000,95.000000,80.053000,80.053000,0.214000,0.322000,0.336000,174.600000
c95_g90,0.950000,0.900000,1996-02-20,82.686000,85.537000,52.246000,0.967000,35.000000,190.590000,4.672000,0.947000,95.000000,90.026000,90.026000,0.214000,0.461000,0.300000,174.080000
c95_g95,0.950000,0.950000,1996-02-20,82.694000,85.545000,52.246000,0.967000,35.000000,190.195000,4.672000,0.947000,95.000000,95.018000,95.018000,0.214000,0.600000,0.307000,173.690000
c30_g30,0.300000,0.300000,2005-01-09,70.963000,102.378000,38.266000,0.693000,35.000000,218.599000,0.578000,0.147000,30.000000,30.309000,30.309000,0.025000,0.072000,0.329000,214.050000
c30_g55,0.300000,0.550000,2005-01-09,70.962000,97.433000,38.266000,0.728000,35.000000,218.599000,0.578000,0.147000,30.000000,55.214000,55.214000,0.025000,0.161000,0.335000,214.050000
c30_g70,0.300000,0.700000,2005-01-09,70.963000,97.434000,38.266000,0.728000,35.000000,218.591000,0.578000,0.147000,30.000000,70.143000,70.143000,0.025000,0.242000,0.343000,214.040000
c30_g80,0.300000,0.800000,2005-01-09,70.963000,97.434000,38.266000,0.728000,35.000000,218.590000,0.578000,0.147000,30.000000,80.082000,80.082000,0.025000,0.323000,0.345000,214.040000
c30_g90,0.300000,0.900000,2005-01-09,70.962000,111.616000,38.951000,0.636000,35.000000,218.590000,0.578000,0.147000,30.000000,90.041000,90.041000,0.025000,0.461000,0.303000,214.050000
c30_g95,0.300000,0.950000,2005-01-09,70.937000,157.115000,41.152000,0.451000,35.000000,218.615000,0.578000,0.147000,30.000000,95.027000,95.027000,0.025000,0.600000,0.308000,214.060000
c55_g30,0.550000,0.300000,2005-01-09,71.095000,97.616000,38.266000,0.728000,35.000000,218.079000,1.551000,0.315000,55.000000,30.309000,30.309000,0.057000,0.072000,0.330000,213.570000
c55_g55,0.550000,0.550000,2005-01-09,71.096000,97.617000,38.266000,0.728000,35.000000,218.072000,1.551000,0.315000,55.000000,55.214000,55.214000,0.057000,0.161000,0.336000,213.560000
c55_g70,0.550000,0.700000,2005-01-09,71.098000,97.619000,38.266000,0.728000,35.000000,218.063000,1.551000,0.315000,55.000000,70.143000,70.143000,0.057000,0.242000,0.344000,213.540000
c55_g80,0.550000,0.800000,2005-01-09,71.099000,97.620000,38.266000,0.728000,35.000000,218.058000,1.551000,0.315000,55.000000,80.082000,80.082000,0.057000,0.323000,0.343000,213.530000
c55_g90,0.550000,0.900000,2005-01-09,71.075000,157.419000,41.152000,0.451000,35.000000,218.071000,1.551000,0.315000,55.000000,90.041000,90.041000,0.057000,0.461000,0.304000,213.520000
c55_g95,0.550000,0.950000,2005-01-09,71.084000,157.439000,41.152000,0.451000,35.000000,218.059000,1.551000,0.315000,55.000000,95.027000,95.027000,0.057000,0.600000,0.309000,213.510000
c70_g30,0.700000,0.300000,2005-01-09,71.183000,97.736000,38.266000,0.728000,35.000000,217.737000,2.506000,0.455000,70.000000,30.309000,30.309000,0.086000,0.072000,0.330000,213.240000
c70_g55,0.700000,0.550000,2005-01-09,71.184000,97.737000,38.266000,0.728000,35.000000,217.732000,2.506000,0.455000,70.000000,55.214000,55.214000,0.086000,0.161000,0.337000,213.230000
c70_g70,0.700000,0.700000,2005-01-09,71.185000,97.739000,38.266000,0.728000,35.000000,217.725000,2.506000,0.455000,70.000000,70.143000,70.143000,0.086000,0.242000,0.344000,213.220000
c70_g80,0.700000,0.800000,2005-01-09,71.186000,97.740000,38.266000,0.728000,35.000000,217.720000,2.506000,0.455000,70.000000,80.082000,80.082000,0.086000,0.323000,0.342000,213.210000
c70_g90,0.700000,0.900000,2005-01-09,71.166000,157.621000,41.152000,0.451000,35.000000,217.729000,2.506000,0.455000,70.000000,90.041000,90.041000,0.086000,0.461000,0.305000,213.200000
c70_g95,0.700000,0.950000,2005-01-09,71.175000,157.641000,41.152000,0.451000,35.000000,217.716000,2.506000,0.455000,70.000000,95.027000,95.027000,0.086000,0.600000,0.310000,213.190000
c80_g30,0.800000,0.300000,2005-01-09,71.233000,97.805000,38.266000,0.728000,35.000000,217.543000,3.329000,0.583000,80.000000,30.309000,30.309000,0.115000,0.072000,0.331000,213.060000
c80_g55,0.800000,0.550000,2005-01-09,71.234000,97.806000,38.266000,0.728000,35.000000,217.538000,3.329000,0.583000,80.000000,55.214000,55.214000,0.115000,0.161000,0.338000,213.050000
c80_g70,0.800000,0.700000,2005-01-09,71.235000,97.807000,38.266000,0.728000,35.000000,217.532000,3.329000,0.583000,80.000000,70.143000,70.143000,0.115000,0.242000,0.345000,213.040000
c80_g80,0.800000,0.800000,2005-01-09,71.211000,112.008000,38.951000,0.636000,35.000000,217.548000,3.329000,0.583000,80.000000,80.082000,80.082000,0.115000,0.323000,0.341000,213.030000
c80_g90,0.800000,0.900000,2005-01-09,71.217000,157.735000,41.152000,0.451000,35.000000,217.536000,3.329000,0.583000,80.000000,90.041000,90.041000,0.115000,0.461000,0.304000,213.020000
c80_g95,0.800000,0.950000,2005-01-09,71.226000,157.755000,41.152000,0.451000,35.000000,217.523000,3.329000,0.583000,80.000000,95.027000,95.027000,0.115000,0.600000,0.310000,213.010000
c90_g30,0.900000,0.300000,2005-01-09,71.271000,97.857000,38.266000,0.728000,35.000000,217.400000,4.241000,0.779000,90.000000,30.309000,30.309000,0.164000,0.072000,0.332000,212.930000
c90_g55,0.900000,0.550000,2005-01-09,71.272000,97.858000,38.266000,0.728000,35.000000,217.394000,4.241000,0.779000,90.000000,55.214000,55.214000,0.164000,0.161000,0.338000,212.920000
c90_g70,0.900000,0.700000,2005-01-09,71.273000,97.859000,38.266000,0.728000,35.000000,217.389000,4.241000,0.779000,90.000000,70.143000,70.143000,0.164000,0.242000,0.342000,212.910000
c90_g80,0.900000,0.800000,2005-01-09,71.248000,112.067000,38.951000,0.636000,35.000000,217.405000,4.241000,0.779000,90.000000,80.082000,80.082000,0.164000,0.323000,0.339000,212.900000
c90_g90,0.900000,0.900000,2005-01-09,71.256000,157.821000,41.152000,0.451000,35.000000,217.391000,4.241000,0.779000,90.000000,90.041000,90.041000,0.164000,0.461000,0.302000,212.890000
c90_g95,0.900000,0.950000,2005-01-09,71.265000,157.841000,41.152000,0.451000,35.000000,217.379000,4.241000,0.779000,90.000000,95.027000,95.027000,0.164000,0.600000,0.308000,212.880000
c95_g30,0.950000,0.300000,2005-01-09,71.284000,97.875000,38.266000,0.728000,35.000000,217.351000,4.672000,0.947000,95.000000,30.309000,30.309000,0.214000,0.072000,0.332000,212.890000
c95_g55,0.950000,0.550000,2005-01-09,71.285000,97.876000,38.266000,0.728000,35.000000,217.345000,4.672000,0.947000,95.000000,55.214000,55.214000,0.214000,0.161000,0.338000,212.880000
c95_g70,0.950000,0.700000,2005-01-09,71.286000,97.877000,38.266000,0.728000,35.000000,217.340000,4.672000,0.947000,95.000000,70.143000,70.143000,0.214000,0.242000,0.339000,212.870000
c95_g80,0.950000,0.800000,2005-01-09,71.257000,151.902000,40.867000,0.469000,35.000000,217.359000,4.672000,0.947000,95.000000,80.082000,80.082000,0.214000,0.323000,0.336000,212.860000
c95_g90,0.950000,0.900000,2005-01-09,71.269000,157.851000,41.152000,0.451000,35.000000,217.342000,4.672000,0.947000,95.000000,90.041000,90.041000,0.214000,0.461000,0.300000,212.850000
c95_g95,0.950000,0.950000,2005-01-09,71.278000,157.871000,41.152000,0.451000,35.000000,217.329000,4.672000,0.947000,95.000000,95.027000,95.027000,0.214000,0.600000,0.307000,212.840000
c30_g30,0.300000,0.300000,2005-02-21,43.108000,80.051000,48.801000,0.539000,35.000000,219.306000,0.578000,0.147000,30.000000,30.311000,30.311000,0.025000,0.072000,0.329000,216.140000
c30_g55,0.300000,0.550000,2005-02-21,43.474000,80.731000,48.801000,0.539000,35.000000,219.280000,0.578000,0.147000,30.000000,55.215000,55.215000,0.025000,0.161000,0.335000,216.450000
c30_g70,0.300000,0.700000,2005-02-21,43.585000,80.937000,48.801000,0.539000,35.000000,219.251000,0.578000,0.147000,30.000000,70.143000,70.143000,0.025000,0.242000,0.343000,216.500000
c30_g80,0.300000,0.800000,2005-02-21,43.598000,80.960000,48.801000,0.539000,35.000000,219.222000,0.578000,0.147000,30.000000,80.082000,80.082000,0.025000,0.323000,0.345000,216.460000
c30_g90,0.300000,0.900000,2005-02-21,43.615000,80.993000,48.801000,0.539000,35.000000,219.183000,0.578000,0.147000,30.000000,90.041000,90.041000,0.025000,0.461000,0.303000,216.400000
c30_g95,0.300000,0.950000,2005-02-21,43.626000,81.013000,48.801000,0.539000,35.000000,219.162000,0.578000,0.147000,30.000000,95.027000,95.027000,0.025000,0.600000,0.308000,216.370000
c55_g30,0.550000,0.300000,2005-02-21,43.686000,81.125000,48.801000,0.539000,35.000000,218.536000,1.551000,0.315000,55.000000,30.311000,30.311000,0.057000,0.072000,0.330000,215.760000
c55_g55,0.550000,0.550000,2005-02-21,43.698000,81.146000,48.801000,0.539000,35.000000,218.510000,1.551000,0.315000,55.000000,55.215000,55.215000,0.057000,0.161000,0.336000,215.720000
c55_g70,0.550000,0.700000,2005-02-21,43.711000,81.170000,48.801000,0.539000,35.000000,218.482000,1.551000,0.315000,55.000000,70.143000,70.143000,0.057000,0.242000,0.344000,215.680000
c55_g80,0.550000,0.800000,2005-02-21,43.723000,81.193000,48.801000,0.539000,35.000000,218.455000,1.551000,0.315000,55.000000,80.082000,80.082000,0.057000,0.323000,0.343000,215.640000
c55_g90,0.550000,0.900000,2005-02-21,43.741000,81.226000,48.801000,0.539000,35.000000,218.415000,1.551000,0.315000,55.000000,90.041000,90.041000,0.057000,0.461000,0.304000,215.580000
c55_g95,0.550000,0.950000,2005-02-21,43.753000,81.249000,48.801000,0.539000,35.000000,218.386000,1.551000,0.315000,55.000000,95.027000,95.027000,0.057000,0.600000,0.309000,215.530000
c70_g30,0.700000,0.300000,2005-02-21,43.768000,81.276000,48.801000,0.539000,35.000000,218.047000,2.506000,0.455000,70.000000,30.311000,30.311000,0.086000,0.072000,0.330000,215.250000
c70_g55,0.700000,0.550000,2005-02-21,43.779000,81.297000,48.801000,0.539000,35.000000,218.021000,2.506000,0.455000,70.000000,55.215000,55.215000,0.086000,0.161000,0.337000,215.210000
c70_g70,0.700000,0.700000,2005-02-21,43.792000,81.321000,48.801000,0.539000,35.000000,217.992000,2.506000,0.455000,70.000000,70.143000,70.143000,0.086000,0.242000,0.344000,215.160000
c70_g80,0.700000,0.800000,2005-02-21,43.805000,81.344000,48.801000,0.539000,35.000000,217.965000,2.506000,0.455000,70.000000,80.082000,80.082000,0.086000,0.323000,0.342000,215.120000
c70_g90,0.700000,0.900000,2005-02-21,43.822000,81.378000,48.801000,0.539000,35.000000,217.925000,2.506000,0.455000,70.000000,90.041000,90.041000,0.086000,0.461000,0.305000,215.060000
c70_g95,0.700000,0.950000,2005-02-21,43.835000,81.401000,48.801000,0.539000,35.000000,217.897000,2.506000,0.455000,70.000000,95.027000,95.027000,0.086000,0.600000,0.310000,215.020000
c80_g30,0.800000,0.300000,2005-02-21,43.814000,81.362000,48.801000,0.539000,35.000000,217.767000,3.329000,0.583000,80.000000,30.311000,30.311000,0.115000,0.072000,0.331000,214.950000
c80_g55,0.800000,0.550000,2005-02-21,43.826000,81.384000,48.801000,0.539000,35.000000,217.740000,3.329000,0.583000,80.000000,55.215000,55.215000,0.115000,0.161000,0.338000,214.910000
c80_g70,0.800000,0.700000,2005-02-21,43.839000,81.408000,48.801000,0.539000,35.000000,217.711000,3.329000,0.583000,80.000000,70.143000,70.143000,0.115000,0.242000,0.345000,214.870000
c80_g80,0.800000,0.800000,2005-02-21,43.851000,81.431000,48.801000,0.539000,35.000000,217.683000,3.329000,0.583000,80.000000,80.082000,80.082000,0.115000,0.323000,0.341000,214.820000
c80_g90,0.800000,0.900000,2005-02-21,43.869000,81.465000,48.801000,0.539000,35.000000,217.643000,3.329000,0.583000,80.000000,90.041000,90.041000,0.115000,0.461000,0.304000,214.760000
c80_g95,0.800000,0.950000,2005-02-21,43.878000,81.480000,48.801000,0.539000,35.000000,217.643000,3.329000,0.583000,80.000000,95.027000,95.027000,0.115000,0.600000,0.310000,214.760000
c90_g30,0.900000,0.300000,2005-02-21,43.848000,81.425000,48.801000,0.539000,35.000000,217.555000,4.241000,0.779000,90.000000,30.311000,30.311000,0.164000,0.072000,0.332000,214.730000
c90_g55,0.900000,0.550000,2005-02-21,43.860000,81.447000,48.801000,0.539000,35.000000,217.528000,4.241000,0.779000,90.000000,55.215000,55.215000,0.164000,0.161000,0.338000,214.690000
c90_g70,0.900000,0.700000,2005-02-21,43.873000,81.471000,48.801000,0.539000,35.000000,217.498000,4.241000,0.779000,90.000000,70.143000,70.143000,0.164000,0.242000,0.342000,214.650000
c90_g80,0.900000,0.800000,2005-02-21,43.886000,81.495000,48.801000,0.539000,35.000000,217.470000,4.241000,0.779000,90.000000,80.082000,80.082000,0.164000,0.323000,0.339000,214.600000
c90_g90,0.900000,0.900000,2005-02-21,43.900000,81.521000,48.801000,0.539000,35.000000,217.458000,4.241000,0.779000,90.000000,90.041000,90.041000,0.164000,0.461000,0.302000,214.590000
c90_g95,0.900000,0.950000,2005-02-21,43.912000,81.544000,48.801000,0.539000,35.000000,217.430000,4.241000,0.779000,90.000000,95.027000,95.027000,0.164000,0.600000,0.308000,214.540000
c95_g30,0.950000,0.300000,2005-02-21,43.859000,81.446000,48.801000,0.539000,35.000000,217.479000,4.672000,0.947000,95.000000,30.311000,30.311000,0.214000,0.072000,0.332000,214.660000
c95_g55,0.950000,0.550000,2005-02-21,43.871000,81.468000,48.801000,0.539000,35.000000,217.452000,4.672000,0.947000,95.000000,55.215000,55.215000,0.214000,0.161000,0.338000,214.620000
c95_g70,0.950000,0.700000,2005-02-21,43.884000,81.492000,48.801000,0.539000,35.000000,217.423000,4.672000,0.947000,95.000000,70.143000,70.143000,0.214000,0.242000,0.339000,214.570000
c95_g80,0.950000,0.800000,2005-02-21,43.893000,81.508000,48.801000,0.539000,35.000000,217.423000,4.672000,0.947000,95.000000,80.082000,80.082000,0.214000,0.323000,0.336000,214.570000
c95_g90,0.950000,0.900000,2005-02-21,43.911000,81.542000,48.801000,0.539000,35.000000,217.383000,4.672000,0.947000,95.000000,90.041000,90.041000,0.214000,0.461000,0.300000,214.510000
c95_g95,0.950000,0.950000,2005-02-21,43.923000,81.565000,48.801000,0.539000,35.000000,217.355000,4.672000,0.947000,95.000000,95.027000,95.027000,0.214000,0.600000,0.307000,214.470000
c30_g30,0.300000,0.300000,2019-01-16,28.334000,77.280000,86.973000,0.367000,35.000000,218.281000,0.578000,0.147000,30.000000,30.482000,30.482000,0.025000,0.073000,0.329000,214.250000
c30_g55,0.300000,0.550000,2019-01-16,28.263000,77.010000,86.961000,0.367000,35.000000,218.387000,0.578000,0.147000,30.000000,55.333000,55.333000,0.025000,0.161000,0.335000,214.270000
c30_g70,0.300000,0.700000,2019-01-16,28.327000,76.937000,86.945000,0.368000,35.000000,218.363000,0.578000,0.147000,30.000000,70.222000,70.222000,0.025000,0.242000,0.343000,214.280000
c30_g80,0.300000,0.800000,2019-01-16,28.393000,76.930000,86.924000,0.369000,35.000000,218.334000,0.578000,0.147000,30.000000,80.127000,80.127000,0.025000,0.323000,0.345000,214.280000
c30_g90,0.300000,0.900000,2019-01-16,28.485000,76.977000,86.883000,0.370000,35.000000,218.297000,0.578000,0.147000,30.000000,90.064000,90.064000,0.025000,0.462000,0.303000,214.290000
c30_g95,0.300000,0.950000,2019-01-16,28.540000,77.094000,86.839000,0.370000,35.000000,218.285000,0.578000,0.147000,30.000000,95.042000,95.042000,0.025000,0.601000,0.308000,214.330000
c55_g30,0.550000,0.300000,2019-01-16,28.334000,77.162000,86.973000,0.367000,35.000000,218.156000,1.551000,0.315000,55.000000,30.482000,30.482000,0.057000,0.073000,0.330000,214.100000
c55_g55,0.550000,0.550000,2019-01-16,28.395000,77.005000,86.961000,0.369000,35.000000,218.129000,1.551000,0.315000,55.000000,55.333000,55.333000,0.057000,0.161000,0.336000,214.100000
c55_g70,0.550000,0.700000,2019-01-16,28.462000,76.947000,86.945000,0.370000,35.000000,218.099000,1.551000,0.315000,55.000000,70.222000,70.222000,0.057000,0.242000,0.344000,214.110000
c55_g80,0.550000,0.800000,2019-01-16,28.527000,76.947000,86.924000,0.371000,35.000000,218.070000,1.551000,0.315000,55.000000,80.127000,80.127000,0.057000,0.323000,0.343000,214.110000
c55_g90,0.550000,0.900000,2019-01-16,28.622000,77.012000,86.883000,0.372000,35.000000,218.027000,1.551000,0.315000,55.000000,90.064000,90.064000,0.057000,0.462000,0.304000,214.110000
c55_g95,0.550000,0.950000,2019-01-16,28.690000,77.147000,86.839000,0.372000,35.000000,217.997000,1.551000,0.315000,55.000000,95.042000,95.042000,0.057000,0.601000,0.309000,214.110000
c70_g30,0.700000,0.300000,2019-01-16,28.418000,77.130000,86.973000,0.368000,35.000000,217.988000,2.506000,0.455000,70.000000,30.482000,30.482000,0.086000,0.073000,0.330000,213.990000
c70_g55,0.700000,0.550000,2019-01-16,28.479000,76.987000,86.961000,0.370000,35.000000,217.961000,2.506000,0.455000,70.000000,55.333000,55.333000,0.086000,0.161000,0.337000,213.990000
c70_g70,0.700000,0.700000,2019-01-16,28.546000,76.939000,86.945000,0.371000,35.000000,217.931000,2.506000,0.455000,70.000000,70.222000,70.222000,0.086000,0.242000,0.344000,214.000000
c70_g80,0.700000,0.800000,2019-01-16,28.611000,76.945000,86.924000,0.372000,35.000000,217.902000,2.506000,0.455000,70.000000,80.127000,80.127000,0.086000,0.323000,0.342000,214.000000
c70_g90,0.700000,0.900000,2019-01-16,28.707000,77.020000,86.883000,0.373000,35.000000,217.859000,2.506000,0.455000,70.000000,90.064000,90.064000,0.086000,0.462000,0.305000,214.000000
c70_g95,0.700000,0.950000,2019-01-16,28.774000,77.159000,86.839000,0.373000,35.000000,217.829000,2.506000,0.455000,70.000000,95.042000,95.042000,0.086000,0.601000,0.310000,214.000000
c80_g30,0.800000,0.300000,2019-01-16,28.466000,77.085000,86.973000,0.369000,35.000000,217.893000,3.329000,0.583000,80.000000,30.482000,30.482000,0.115000,0.073000,0.331000,213.930000
c80_g55,0.800000,0.550000,2019-01-16,28.528000,76.953000,86.961000,0.371000,35.000000,217.866000,3.329000,0.583000,80.000000,55.333000,55.333000,0.115000,0.161000,0.338000,213.930000
c80_g70,0.800000,0.700000,2019-01-16,28.595000,76.911000,86.945000,0.372000,35.000000,217.836000,3.329000,0.583000,80.000000,70.222000,70.222000,0.115000,0.242000,0.345000,213.930000
c80_g80,0.800000,0.800000,2019-01-16,28.660000,76.922000,86.924000,0.373000,35.000000,217.807000,3.329000,0.583000,80.000000,80.127000,80.127000,0.115000,0.323000,0.341000,213.930000
c80_g90,0.800000,0.900000,2019-01-16,28.755000,77.005000,86.883000,0.373000,35.000000,217.764000,3.329000,0.583000,80.000000,90.064000,90.064000,0.115000,0.462000,0.304000,213.940000
c80_g95,0.800000,0.950000,2019-01-16,28.823000,77.149000,86.839000,0.374000,35.000000,217.734000,3.329000,0.583000,80.000000,95.042000,95.042000,0.115000,0.601000,0.310000,213.940000
c90_g30,0.900000,0.300000,2019-01-16,28.503000,76.995000,86.973000,0.370000,35.000000,217.825000,4.241000,0.779000,90.000000,30.482000,30.482000,0.164000,0.073000,0.332000,213.880000
c90_g55,0.900000,0.550000,2019-01-16,28.564000,76.877000,86.961000,0.372000,35.000000,217.798000,4.241000,0.779000,90.000000,55.333000,55.333000,0.164000,0.161000,0.338000,213.890000
c90_g70,0.900000,0.700000,2019-01-16,28.631000,76.842000,86.945000,0.373000,35.000000,217.768000,4.241000,0.779000,90.000000,70.222000,70.222000,0.164000,0.242000,0.342000,213.890000
c90_g80,0.900000,0.800000,2019-01-16,28.697000,76.861000,86.924000,0.373000,35.000000,217.738000,4.241000,0.779000,90.000000,80.127000,80.127000,0.164000,0.323000,0.339000,213.890000
c90_g90,0.900000,0.900000,2019-01-16,28.792000,76.953000,86.883000,0.374000,35.000000,217.695000,4.241000,0.779000,90.000000,90.064000,90.064000,0.164000,0.462000,0.302000,213.890000
c90_g95,0.900000,0.950000,2019-01-16,28.860000,77.103000,86.839000,0.374000,35.000000,217.665000,4.241000,0.779000,90.000000,95.042000,95.042000,0.164000,0.601000,0.308000,213.890000
c95_g30,0.950000,0.300000,2019-01-16,28.515000,76.909000,86.973000,0.371000,35.000000,217.804000,4.672000,0.947000,95.000000,30.482000,30.482000,0.214000,0.073000,0.332000,213.870000
c95_g55,0.950000,0.550000,2019-01-16,28.577000,76.800000,86.961000,0.372000,35.000000,217.777000,4.672000,0.947000,95.000000,55.333000,55.333000,0.214000,0.161000,0.338000,213.870000
c95_g70,0.950000,0.700000,2019-01-16,28.644000,76.772000,86.945000,0.373000,35.000000,217.747000,4.672000,0.947000,95.000000,70.222000,70.222000,0.214000,0.242000,0.339000,213.870000
c95_g80,0.950000,0.800000,2019-01-16,28.709000,76.795000,86.924000,0.374000,35.000000,217.717000,4.672000,0.947000,95.000000,80.127000,80.127000,0.214000,0.323000,0.336000,213.880000
c95_g90,0.950000,0.900000,2019-01-16,28.805000,76.895000,86.883000,0.375000,35.000000,217.674000,4.672000,0.947000,95.000000,90.064000,90.064000,0.214000,0.462000,0.300000,213.880000
c95_g95,0.950000,0.950000,2019-01-16,28.872000,77.049000,86.839000,0.375000,35.000000,217.644000,4.672000,0.947000,95.000000,95.042000,95.042000,0.214000,0.601000,0.307000,213.880000
c30_g30,0.300000,0.300000,2021-12-29,62.058000,107.109000,58.487000,0.579000,35.000000,214.076000,0.578000,0.147000,30.000000,30.518000,30.518000,0.025000,0.073000,0.329000,185.240000
c30_g55,0.300000,0.550000,2021-12-29,62.337000,94.850000,56.481000,0.657000,35.000000,213.988000,0.578000,0.147000,30.000000,55.359000,55.359000,0.025000,0.161000,0.335000,185.370000
c30_g70,0.300000,0.700000,2021-12-29,62.646000,95.387000,56.481000,0.657000,35.000000,213.888000,0.578000,0.147000,30.000000,70.239000,70.239000,0.025000,0.242000,0.343000,185.520000
c30_g80,0.300000,0.800000,2021-12-29,62.914000,95.820000,56.481000,0.657000,35.000000,213.756000,0.578000,0.147000,30.000000,80.137000,80.137000,0.025000,0.323000,0.345000,185.560000
c30_g90,0.300000,0.900000,2021-12-29,63.260000,96.390000,56.481000,0.656000,35.000000,213.745000,0.578000,0.147000,30.000000,90.068000,90.068000,0.025000,0.462000,0.303000,185.870000
c30_g95,0.300000,0.950000,2021-12-29,63.450000,96.677000,56.481000,0.656000,35.000000,213.776000,0.578000,0.147000,30.000000,95.046000,95.046000,0.025000,0.601000,0.308000,186.110000
c55_g30,0.550000,0.300000,2021-12-29,62.617000,94.729000,56.570000,0.661000,35.000000,213.836000,1.551000,0.315000,55.000000,30.518000,30.518000,0.057000,0.073000,0.330000,185.550000
c55_g55,0.550000,0.550000,2021-12-29,62.893000,95.104000,56.598000,0.661000,35.000000,213.752000,1.551000,0.315000,55.000000,55.359000,55.359000,0.057000,0.161000,0.336000,185.680000
c55_g70,0.550000,0.700000,2021-12-29,63.213000,95.411000,56.640000,0.663000,35.000000,213.646000,1.551000,0.315000,55.000000,70.239000,70.239000,0.057000,0.242000,0.344000,185.820000
c55_g80,0.550000,0.800000,2021-12-29,63.471000,95.848000,56.636000,0.662000,35.000000,213.516000,1.551000,0.315000,55.000000,80.137000,80.137000,0.057000,0.323000,0.343000,185.860000
c55_g90,0.550000,0.900000,2021-12-29,63.816000,96.263000,56.661000,0.663000,35.000000,213.490000,1.551000,0.315000,55.000000,90.068000,90.068000,0.057000,0.462000,0.304000,186.140000
c55_g95,0.550000,0.950000,2021-12-29,63.993000,96.636000,56.642000,0.662000,35.000000,213.509000,1.551000,0.315000,55.000000,95.046000,95.046000,0.057000,0.601000,0.309000,186.350000
c70_g30,0.700000,0.300000,2021-12-29,62.968000,94.596000,56.698000,0.666000,35.000000,213.674000,2.506000,0.455000,70.000000,30.518000,30.518000,0.086000,0.073000,0.330000,185.720000
c70_g55,0.700000,0.550000,2021-12-29,63.251000,94.950000,56.729000,0.666000,35.000000,213.585000,2.506000,0.455000,70.000000,55.359000,55.359000,0.086000,0.161000,0.337000,185.850000
c70_g70,0.700000,0.700000,2021-12-29,63.552000,95.293000,56.758000,0.667000,35.000000,213.484000,2.506000,0.455000,70.000000,70.239000,70.239000,0.086000,0.242000,0.344000,185.980000
c70_g80,0.700000,0.800000,2021-12-29,63.812000,95.723000,56.756000,0.667000,35.000000,213.354000,2.506000,0.455000,70.000000,80.137000,80.137000,0.086000,0.323000,0.342000,186.020000
c70_g90,0.700000,0.900000,2021-12-29,64.174000,96.103000,56.790000,0.668000,35.000000,213.320000,2.506000,0.455000,70.000000,90.068000,90.068000,0.086000,0.462000,0.305000,186.300000
c70_g95,0.700000,0.950000,2021-12-29,64.346000,96.474000,56.770000,0.667000,35.000000,213.352000,2.506000,0.455000,70.000000,95.046000,95.046000,0.086000,0.601000,0.310000,186.530000
c80_g30,0.800000,0.300000,2021-12-29,63.160000,94.559000,56.764000,0.668000,35.000000,213.586000,3.329000,0.583000,80.000000,30.518000,30.518000,0.115000,0.073000,0.331000,185.810000
c80_g55,0.800000,0.550000,2021-12-29,63.447000,94.896000,56.798000,0.669000,35.000000,213.493000,3.329000,0.583000,80.000000,55.359000,55.359000,0.115000,0.161000,0.338000,185.940000
c80_g70,0.800000,0.700000,2021-12-29,63.757000,95.219000,56.832000,0.670000,35.000000,213.388000,3.329000,0.583000,80.000000,70.239000,70.239000,0.115000,0.242000,0.345000,186.070000
c80_g80,0.800000,0.800000,2021-12-29,64.018000,95.643000,56.830000,0.669000,35.000000,213.257000,3.329000,0.583000,80.000000,80.137000,80.137000,0.115000,0.323000,0.341000,186.110000
c80_g90,0.800000,0.900000,2021-12-29,64.375000,96.012000,56.865000,0.670000,35.000000,213.251000,3.329000,0.583000,80.000000,90.068000,90.068000,0.115000,0.462000,0.304000,186.450000
c80_g95,0.800000,0.950000,2021-12-29,64.538000,96.422000,56.835000,0.669000,35.000000,213.258000,3.329000,0.583000,80.000000,95.046000,95.046000,0.115000,0.601000,0.310000,186.620000
c90_g30,0.900000,0.300000,2021-12-29,63.315000,94.538000,56.821000,0.670000,35.000000,213.518000,4.241000,0.779000,90.000000,30.518000,30.518000,0.164000,0.073000,0.332000,185.890000
c90_g55,0.900000,0.550000,2021-12-29,63.603000,94.864000,56.855000,0.670000,35.000000,213.424000,4.241000,0.779000,90.000000,55.359000,55.359000,0.164000,0.161000,0.338000,186.020000
c90_g70,0.900000,0.700000,2021-12-29,63.913000,95.160000,56.893000,0.672000,35.000000,213.334000,4.241000,0.779000,90.000000,70.239000,70.239000,0.164000,0.242000,0.342000,186.180000
c90_g80,0.900000,0.800000,2021-12-29,64.178000,95.587000,56.891000,0.671000,35.000000,213.200000,4.241000,0.779000,90.000000,80.137000,80.137000,0.164000,0.323000,0.339000,186.220000
c90_g90,0.900000,0.900000,2021-12-29,64.519000,95.991000,56.914000,0.672000,35.000000,213.185000,4.241000,0.779000,90.000000,90.068000,90.068000,0.164000,0.462000,0.302000,186.520000
c90_g95,0.900000,0.950000,2021-12-29,64.688000,96.390000,56.887000,0.671000,35.000000,213.190000,4.241000,0.779000,90.000000,95.046000,95.046000,0.164000,0.601000,0.308000,186.690000
c95_g30,0.950000,0.300000,2021-12-29,63.371000,94.557000,56.842000,0.670000,35.000000,213.497000,4.672000,0.947000,95.000000,30.518000,30.518000,0.214000,0.073000,0.332000,185.920000
c95_g55,0.950000,0.550000,2021-12-29,63.662000,94.859000,56.880000,0.671000,35.000000,213.416000,4.672000,0.947000,95.000000,55.359000,55.359000,0.214000,0.161000,0.338000,186.070000
c95_g70,0.950000,0.700000,2021-12-29,63.963000,95.182000,56.910000,0.672000,35.000000,213.314000,4.672000,0.947000,95.000000,70.239000,70.239000,0.214000,0.242000,0.339000,186.200000
c95_g80,0.950000,0.800000,2021-12-29,64.227000,95.608000,56.907000,0.672000,35.000000,213.179000,4.672000,0.947000,95.000000,80.137000,80.137000,0.214000,0.323000,0.336000,186.240000
c95_g90,0.950000,0.900000,2021-12-29,64.570000,96.006000,56.931000,0.673000,35.000000,213.165000,4.672000,0.947000,95.000000,90.068000,90.068000,0.214000,0.462000,0.300000,186.550000
c95_g95,0.950000,0.950000,2021-12-29,64.740000,96.400000,56.906000,0.672000,35.000000,213.170000,4.672000,0.947000,95.000000,95.046000,95.046000,0.214000,0.601000,0.307000,186.720000
c30_g30,0.300000,0.300000,2021-12-30,55.987000,124.231000,70.974000,0.451000,35.000000,217.808000,0.578000,0.147000,30.000000,30.518000,30.518000,0.025000,0.073000,0.329000,214.080000
c30_g55,0.300000,0.550000,2021-12-30,55.997000,128.315000,74.716000,0.436000,35.000000,217.762000,0.578000,0.147000,30.000000,55.359000,55.359000,0.025000,0.161000,0.335000,213.990000
c30_g70,0.300000,0.700000,2021-12-30,56.007000,131.720000,79.159000,0.425000,35.000000,217.710000,0.578000,0.147000,30.000000,70.239000,70.239000,0.025000,0.242000,0.343000,213.890000
c30_g80,0.300000,0.800000,2021-12-30,56.021000,132.928000,84.200000,0.421000,35.000000,217.641000,0.578000,0.147000,30.000000,80.137000,80.137000,0.025000,0.323000,0.345000,213.760000
c30_g90,0.300000,0.900000,2021-12-30,56.023000,133.743000,83.804000,0.419000,35.000000,217.637000,0.578000,0.147000,30.000000,90.068000,90.068000,0.025000,0.462000,0.303000,213.740000
c30_g95,0.300000,0.950000,2021-12-30,56.019000,132.290000,83.804000,0.423000,35.000000,217.653000,0.578000,0.147000,30.000000,95.046000,95.046000,0.025000,0.601000,0.308000,213.780000
c55_g30,0.550000,0.300000,2021-12-30,55.965000,127.485000,75.211000,0.439000,35.000000,217.615000,1.551000,0.315000,55.000000,30.518000,30.518000,0.057000,0.073000,0.330000,213.840000
c55_g55,0.550000,0.550000,2021-12-30,55.974000,131.630000,79.680000,0.425000,35.000000,217.570000,1.551000,0.315000,55.000000,55.359000,55.359000,0.057000,0.161000,0.336000,213.750000
c55_g70,0.550000,0.700000,2021-12-30,55.986000,135.916000,85.344000,0.412000,35.000000,217.516000,1.551000,0.315000,55.000000,70.239000,70.239000,0.057000,0.242000,0.344000,213.650000
c55_g80,0.550000,0.800000,2021-12-30,55.999000,133.571000,84.200000,0.419000,35.000000,217.448000,1.551000,0.315000,55.000000,80.137000,80.137000,0.057000,0.323000,0.343000,213.520000
c55_g90,0.550000,0.900000,2021-12-30,56.002000,133.357000,83.804000,0.420000,35.000000,217.436000,1.551000,0.315000,55.000000,90.068000,90.068000,0.057000,0.462000,0.304000,213.490000
c55_g95,0.550000,0.950000,2021-12-30,56.000000,131.787000,83.804000,0.425000,35.000000,217.446000,1.551000,0.315000,55.000000,95.046000,95.046000,0.057000,0.601000,0.309000,213.510000
c70_g30,0.700000,0.300000,2021-12-30,55.952000,127.833000,75.519000,0.438000,35.000000,217.487000,2.506000,0.455000,70.000000,30.518000,30.518000,0.086000,0.073000,0.330000,213.670000
c70_g55,0.700000,0.550000,2021-12-30,55.962000,131.091000,80.005000,0.427000,35.000000,217.441000,2.506000,0.455000,70.000000,55.359000,55.359000,0.086000,0.161000,0.337000,213.580000
c70_g70,0.700000,0.700000,2021-12-30,55.972000,132.309000,85.344000,0.423000,35.000000,217.388000,2.506000,0.455000,70.000000,70.239000,70.239000,0.086000,0.242000,0.344000,213.480000
c70_g80,0.700000,0.800000,2021-12-30,55.986000,133.846000,84.200000,0.418000,35.000000,217.320000,2.506000,0.455000,70.000000,80.137000,80.137000,0.086000,0.323000,0.342000,213.350000
c70_g90,0.700000,0.900000,2021-12-30,55.990000,133.025000,83.804000,0.421000,35.000000,217.304000,2.506000,0.455000,70.000000,90.068000,90.068000,0.086000,0.462000,0.305000,213.320000
c70_g95,0.700000,0.950000,2021-12-30,55.987000,132.211000,83.804000,0.423000,35.000000,217.321000,2.506000,0.455000,70.000000,95.046000,95.046000,0.086000,0.601000,0.310000,213.350000
c80_g30,0.800000,0.300000,2021-12-30,55.945000,127.316000,75.693000,0.439000,35.000000,217.417000,3.329000,0.583000,80.000000,30.518000,30.518000,0.115000,0.073000,0.331000,213.590000
c80_g55,0.800000,0.550000,2021-12-30,55.955000,129.446000,80.188000,0.432000,35.000000,217.369000,3.329000,0.583000,80.000000,55.359000,55.359000,0.115000,0.161000,0.338000,213.490000
c80_g70,0.800000,0.700000,2021-12-30,55.966000,132.680000,85.344000,0.422000,35.000000,217.314000,3.329000,0.583000,80.000000,70.239000,70.239000,0.115000,0.242000,0.345000,213.390000
c80_g80,0.800000,0.800000,2021-12-30,55.980000,134.003000,84.200000,0.418000,35.000000,217.246000,3.329000,0.583000,80.000000,80.137000,80.137000,0.115000,0.323000,0.341000,213.260000
c80_g90,0.800000,0.900000,2021-12-30,55.981000,132.920000,83.804000,0.421000,35.000000,217.243000,3.329000,0.583000,80.000000,90.068000,90.068000,0.115000,0.462000,0.304000,213.250000
c80_g95,0.800000,0.950000,2021-12-30,55.980000,109.047000,83.804000,0.513000,35.000000,217.247000,3.329000,0.583000,80.000000,95.046000,95.046000,0.115000,0.601000,0.310000,213.260000
c90_g30,0.900000,0.300000,2021-12-30,55.941000,126.687000,75.820000,0.442000,35.000000,217.364000,4.241000,0.779000,90.000000,30.518000,30.518000,0.164000,0.073000,0.332000,213.520000
c90_g55,0.900000,0.550000,2021-12-30,55.951000,127.265000,80.322000,0.440000,35.000000,217.315000,4.241000,0.779000,90.000000,55.359000,55.359000,0.164000,0.161000,0.338000,213.420000
c90_g70,0.900000,0.700000,2021-12-30,55.960000,133.152000,85.344000,0.420000,35.000000,217.268000,4.241000,0.779000,90.000000,70.239000,70.239000,0.164000,0.242000,0.342000,213.330000
c90_g80,0.900000,0.800000,2021-12-30,55.974000,134.286000,84.200000,0.417000,35.000000,217.198000,4.241000,0.779000,90.000000,80.137000,80.137000,0.164000,0.323000,0.339000,213.200000
c90_g90,0.900000,0.900000,2021-12-30,55.976000,132.956000,83.804000,0.421000,35.000000,217.191000,4.241000,0.779000,90.000000,90.068000,90.068000,0.164000,0.462000,0.302000,213.190000
c90_g95,0.900000,0.950000,2021-12-30,55.976000,108.961000,83.804000,0.514000,35.000000,217.195000,4.241000,0.779000,90.000000,95.046000,95.046000,0.164000,0.601000,0.308000,213.190000
c95_g30,0.950000,0.300000,2021-12-30,55.940000,123.761000,75.862000,0.452000,35.000000,217.347000,4.672000,0.947000,95.000000,30.518000,30.518000,0.214000,0.073000,0.332000,213.500000
c95_g55,0.950000,0.550000,2021-12-30,55.949000,127.621000,80.365000,0.438000,35.000000,217.305000,4.672000,0.947000,95.000000,55.359000,55.359000,0.214000,0.161000,0.338000,213.420000
c95_g70,0.950000,0.700000,2021-12-30,55.960000,133.505000,85.344000,0.419000,35.000000,217.251000,4.672000,0.947000,95.000000,70.239000,70.239000,0.214000,0.242000,0.339000,213.310000
c95_g80,0.950000,0.800000,2021-12-30,55.974000,134.549000,84.200000,0.416000,35.000000,217.181000,4.672000,0.947000,95.000000,80.137000,80.137000,0.214000,0.323000,0.336000,213.180000
c95_g90,0.950000,0.900000,2021-12-30,55.976000,133.126000,83.804000,0.420000,35.000000,217.175000,4.672000,0.947000,95.000000,90.068000,90.068000,0.214000,0.462000,0.300000,213.160000
c95_g95,0.950000,0.950000,2021-12-30,55.975000,108.890000,83.804000,0.514000,35.000000,217.178000,4.672000,0.947000,95.000000,95.046000,95.046000,0.214000,0.601000,0.307000,213.170000
