event_date,burned_precip,burned_runoff,burned_eff_int,burned_peak_ro,burned_eff_dur,burned_keff,burned_sm,burned_pre_event_soil_water_mm,burned_prior30_ep_mm,burned_prior30_es_mm,burned_prior30_er_mm,burned_ksat35_precip,burned_ksat35_runoff,burned_ksat35_eff_int,burned_ksat35_peak_ro,burned_ksat35_eff_dur,burned_ksat35_keff,burned_ksat35_sm,burned_ksat35_pre_event_soil_water_mm,burned_ksat35_prior30_ep_mm,burned_ksat35_prior30_es_mm,burned_ksat35_prior30_er_mm,undisturbed_precip,undisturbed_runoff,undisturbed_eff_int,undisturbed_peak_ro,undisturbed_eff_dur,undisturbed_keff,undisturbed_sm,undisturbed_pre_event_soil_water_mm,undisturbed_prior30_ep_mm,undisturbed_prior30_es_mm,undisturbed_prior30_er_mm,undisturbed_minus_burned_peak_ro,undisturbed_minus_burned_ksat35_peak_ro,burned_ksat35_minus_burned_peak_ro
1980-01-09,76.000000,30.282000,0.000000,4.265000,7.100000,20.000000,207.987000,164.340000,1.260000,12.840000,0.000000,76.000000,29.551000,0.000000,4.162000,7.100000,35.000000,207.987000,164.340000,1.260000,12.840000,0.000000,76.000000,35.190000,0.000000,4.956000,7.100000,35.000000,202.035000,164.180000,9.620000,4.610000,0.000000,0.691000,0.794000,-0.103000
1980-01-10,34.900000,15.127000,25.341000,57.860000,0.261000,20.000000,223.751000,207.990000,1.360000,13.840000,0.000000,34.900000,13.975000,0.000000,2.218000,6.300000,35.000000,223.754000,207.990000,1.360000,13.840000,0.000000,34.900000,15.089000,0.000000,2.395000,6.300000,35.000000,217.568000,202.030000,10.360000,4.960000,0.000000,-55.465000,0.177000,-55.642000
1980-01-11,41.600000,17.910000,0.000000,6.633000,2.700000,20.000000,239.246000,223.750000,1.460000,14.860000,0.000000,41.600000,16.809000,0.000000,6.225000,2.700000,35.000000,239.202000,223.750000,1.460000,14.860000,0.000000,41.600000,18.681000,0.000000,6.919000,2.700000,35.000000,232.842000,217.570000,11.110000,5.320000,0.000000,0.286000,0.694000,-0.408000
1980-01-28,68.100000,7.903000,0.000000,1.491000,5.300000,20.000000,216.433000,160.090000,4.330000,40.210000,0.000000,68.100000,7.572000,0.000000,1.429000,5.300000,35.000000,216.217000,159.860000,4.330000,40.210000,0.000000,68.100000,10.758000,0.000000,2.030000,5.300000,35.000000,211.540000,158.010000,33.430000,15.840000,0.000000,0.539000,0.601000,-0.062000
1980-01-29,41.100000,18.688000,0.000000,1.471000,12.700000,20.000000,232.079000,216.430000,4.460000,41.590000,0.000000,41.100000,17.634000,0.000000,1.389000,12.700000,35.000000,231.818000,216.220000,4.460000,41.590000,0.000000,41.100000,18.430000,0.000000,1.451000,12.700000,35.000000,227.047000,211.540000,34.460000,16.330000,0.000000,-0.020000,0.062000,-0.082000
1980-02-13,66.000000,4.970000,27.459000,0.904000,5.500000,20.000000,211.866000,154.770000,6.160000,40.610000,0.000000,66.000000,4.647000,0.000000,0.845000,5.500000,35.000000,211.854000,154.760000,6.160000,40.610000,0.000000,66.000000,2.853000,0.000000,0.519000,5.500000,35.000000,201.911000,142.330000,48.190000,18.860000,0.000000,-0.385000,-0.326000,-0.059000
1980-02-14,82.400000,60.122000,39.233000,47.710000,1.260000,20.000000,228.210000,211.870000,6.280000,41.800000,0.000000,82.400000,58.630000,46.731000,92.714000,0.632000,35.000000,228.534000,211.850000,6.280000,41.800000,0.000000,82.400000,59.909000,46.731000,94.094000,0.637000,35.000000,218.584000,201.910000,49.170000,19.330000,0.000000,46.384000,1.380000,45.004000
1980-02-15,115.700000,88.970000,47.392000,63.938000,1.392000,20.000000,244.682000,228.210000,6.310000,42.160000,0.000000,115.700000,87.271000,62.662000,94.531000,0.923000,35.000000,245.449000,228.530000,6.310000,42.160000,0.000000,115.700000,90.494000,62.662000,98.022000,0.923000,35.000000,234.962000,218.580000,49.470000,19.480000,0.000000,34.084000,3.491000,30.593000
1980-02-16,54.300000,35.056000,29.810000,48.209000,0.727000,20.000000,249.593000,244.680000,6.360000,42.730000,0.000000,54.300000,33.702000,34.852000,245.153000,0.137000,35.000000,249.593000,245.450000,6.360000,42.730000,0.000000,54.300000,27.064000,34.852000,3.261000,8.300000,35.000000,248.415000,234.960000,49.920000,19.700000,0.000000,-44.948000,-241.892000,196.944000
1980-02-17,54.800000,40.179000,30.444000,30.205000,1.330000,20.000000,249.324000,249.590000,6.370000,42.820000,0.000000,54.800000,37.611000,35.579000,66.998000,0.561000,32.400000,249.596000,249.590000,6.370000,42.820000,0.000000,54.800000,37.540000,36.621000,131.845000,0.285000,32.400000,248.449000,248.410000,50.020000,19.750000,0.000000,101.640000,64.847000,36.793000
1980-02-18,55.100000,39.750000,26.065000,46.447000,0.856000,20.000000,249.578000,249.320000,6.360000,42.730000,0.000000,55.100000,37.725000,0.000000,7.397000,5.100000,32.400000,249.578000,249.600000,6.360000,42.730000,0.000000,55.100000,37.807000,0.000000,7.413000,5.100000,32.400000,248.309000,248.450000,49.960000,19.720000,0.000000,-39.034000,0.016000,-39.050000
1980-02-19,20.200000,6.250000,0.000000,0.919000,6.800000,20.000000,248.224000,249.580000,6.360000,42.720000,0.000000,20.200000,4.049000,0.000000,0.596000,6.800000,32.400000,248.132000,249.580000,6.360000,42.720000,0.000000,20.200000,2.707000,0.000000,0.398000,6.800000,32.400000,248.138000,248.310000,49.960000,19.720000,0.000000,-0.521000,-0.198000,-0.323000
1980-02-20,18.700000,3.469000,0.000000,0.754000,4.600000,20.000000,248.217000,248.220000,6.360000,42.660000,0.000000,18.700000,1.201000,0.000000,0.261000,4.600000,35.000000,248.125000,248.130000,6.360000,42.660000,0.000000,18.700000,1.109000,0.000000,0.241000,4.600000,32.400000,248.198000,248.140000,49.920000,19.700000,0.000000,-0.513000,-0.020000,-0.493000
1980-03-02,64.100000,4.696000,34.478000,12.674000,0.371000,20.000000,223.294000,169.980000,7.170000,47.880000,0.000000,64.100000,4.438000,0.000000,0.683000,6.500000,35.000000,222.711000,169.350000,7.170000,47.580000,0.000000,64.100000,7.597000,0.000000,1.169000,6.500000,35.000000,215.833000,164.980000,56.120000,22.090000,0.000000,-11.505000,0.486000,-11.991000
1980-03-03,21.400000,0.738000,29.173000,0.789000,0.935000,20.000000,234.249000,223.290000,7.130000,47.450000,0.000000,0.000000,0.000000,0.000000,0.000000,0.000000,0.000000,0.000000,222.710000,7.130000,47.150000,0.000000,0.000000,0.000000,0.000000,0.000000,0.000000,0.000000,0.000000,215.830000,55.790000,21.930000,0.000000,-0.789000,0.000000,-0.789000
1981-01-28,57.100000,20.835000,36.826000,26.875000,0.775000,20.000000,219.092000,186.560000,5.870000,10.730000,0.000000,57.100000,19.643000,0.000000,4.365000,4.500000,35.000000,219.350000,186.560000,5.870000,10.730000,0.000000,57.100000,20.878000,0.000000,4.639000,4.500000,35.000000,145.760000,112.760000,23.410000,6.460000,0.000000,-22.236000,0.274000,-22.510000
1981-01-29,18.900000,0.204000,24.221000,1.790000,0.114000,20.000000,230.762000,219.090000,5.740000,12.120000,0.000000,0.000000,0.000000,0.000000,0.000000,0.000000,0.000000,0.000000,219.350000,5.740000,12.120000,0.000000,0.000000,0.000000,0.000000,0.000000,0.000000,0.000000,0.000000,145.760000,22.520000,6.950000,0.000000,-1.790000,0.000000,-1.790000
1981-03-01,50.100000,3.587000,0.000000,1.560000,2.300000,20.000000,216.687000,174.350000,7.940000,35.760000,0.000000,50.100000,3.233000,0.000000,1.406000,2.300000,35.000000,216.639000,174.350000,7.940000,35.730000,0.000000,50.100000,6.613000,0.000000,2.875000,2.300000,35.000000,177.529000,137.360000,62.310000,18.460000,0.000000,1.315000,1.469000,-0.154000
1981-03-02,0.000000,0.000000,0.000000,0.000000,0.000000,0.000000,0.000000,216.690000,8.000000,36.360000,0.000000,0.000000,0.000000,0.000000,0.000000,0.000000,0.000000,0.000000,216.640000,8.000000,36.330000,0.000000,20.200000,0.319000,0.000000,0.133000,2.400000,35.000000,192.446000,177.530000,62.790000,18.690000,0.000000,0.133000,0.133000,0.000000
1981-03-05,33.800000,3.757000,0.000000,1.073000,3.500000,20.000000,248.435000,233.270000,7.900000,35.360000,0.000000,33.800000,1.490000,0.000000,0.426000,3.500000,35.000000,248.341000,232.380000,7.900000,35.330000,0.000000,33.800000,4.472000,0.000000,1.278000,3.500000,35.000000,232.992000,212.450000,61.920000,18.280000,0.000000,0.205000,0.852000,-0.647000
1981-11-27,59.100000,10.102000,68.758000,32.915000,0.307000,20.000000,197.464000,150.270000,2.920000,6.170000,0.000000,59.100000,2.510000,86.684000,5.073000,0.495000,35.000000,204.559000,150.270000,2.920000,6.170000,0.000000,59.100000,4.251000,86.684000,9.187000,0.463000,35.000000,137.234000,84.560000,4.050000,4.740000,0.000000,-23.728000,4.114000,-27.842000
1981-11-28,17.000000,0.801000,31.486000,4.799000,0.167000,20.000000,210.140000,197.460000,2.870000,5.510000,0.000000,0.000000,0.000000,0.000000,0.000000,0.000000,0.000000,0.000000,204.560000,2.870000,5.510000,0.000000,0.000000,0.000000,0.000000,0.000000,0.000000,0.000000,0.000000,137.230000,4.190000,4.510000,0.000000,-4.799000,0.000000,-4.799000
1982-03-16,52.800000,10.282000,39.112000,19.507000,0.527000,20.000000,240.646000,207.370000,7.670000,20.590000,0.000000,52.800000,9.019000,0.000000,1.879000,4.800000,35.000000,241.084000,207.370000,7.670000,20.590000,0.000000,52.800000,21.834000,46.100000,63.543000,0.344000,35.000000,188.182000,161.540000,59.770000,11.610000,0.000000,44.036000,61.664000,-17.628000
1982-03-17,36.600000,14.470000,27.583000,18.175000,0.796000,20.000000,248.387000,240.650000,7.590000,22.540000,0.000000,36.600000,13.043000,0.000000,7.246000,1.800000,35.000000,248.495000,241.080000,7.590000,22.540000,0.000000,36.600000,16.159000,0.000000,8.977000,1.800000,35.000000,203.189000,188.180000,59.150000,11.720000,0.000000,-9.198000,1.731000,-10.929000
1982-04-01,23.400000,0.025000,106.466000,0.131000,0.193000,20.000000,193.714000,175.930000,7.910000,57.010000,0.000000,23.400000,0.000000,0.000000,0.000000,0.000000,35.000000,193.607000,175.760000,7.910000,56.530000,0.000000,23.400000,0.001000,5.342000,0.131000,0.005000,35.000000,194.047000,173.960000,61.840000,25.030000,0.000000,0.000000,0.131000,-0.131000
1982-11-09,98.900000,30.897000,74.436000,54.991000,0.562000,20.000000,204.502000,139.180000,7.880000,4.500000,0.000000,98.900000,28.058000,94.671000,83.604000,0.336000,35.000000,206.576000,139.180000,7.880000,4.500000,0.000000,98.900000,28.708000,93.617000,90.581000,0.317000,35.000000,139.119000,72.330000,1.070000,5.630000,0.000000,35.590000,6.977000,28.613000
1982-11-29,30.600000,0.228000,92.338000,0.136000,1.682000,20.000000,184.516000,156.440000,5.640000,37.230000,0.000000,0.000000,0.000000,0.000000,0.000000,0.000000,0.000000,0.000000,156.450000,5.640000,37.060000,0.000000,0.000000,0.000000,0.000000,0.000000,0.000000,0.000000,0.000000,141.320000,31.630000,16.420000,0.000000,-0.136000,0.000000,-0.136000
1982-11-30,79.200000,39.721000,114.916000,115.380000,0.344000,20.000000,219.342000,184.520000,5.630000,37.530000,0.000000,79.200000,37.914000,114.916000,100.816000,0.376000,35.000000,220.440000,184.740000,5.630000,37.360000,0.000000,79.200000,45.505000,114.916000,109.362000,0.416000,35.000000,200.018000,170.440000,32.340000,16.360000,0.000000,-6.018000,8.546000,-14.564000
1982-12-22,67.200000,24.389000,41.298000,26.271000,0.928000,20.000000,216.422000,176.860000,5.420000,31.620000,0.000000,67.200000,22.835000,50.571000,85.924000,0.266000,35.000000,217.066000,176.880000,5.420000,31.550000,0.000000,67.200000,22.473000,48.191000,75.934000,0.296000,35.000000,205.598000,163.940000,42.260000,15.880000,0.000000,49.663000,-9.990000,59.653000
1983-01-22,81.800000,37.737000,36.137000,44.794000,0.842000,20.000000,225.836000,187.160000,6.260000,24.920000,0.000000,81.800000,36.692000,0.000000,6.219000,5.900000,35.000000,225.988000,187.160000,6.260000,24.870000,0.000000,81.800000,42.612000,0.000000,7.222000,5.900000,35.000000,199.862000,164.210000,48.890000,12.360000,0.000000,-37.572000,1.003000,-38.575000
1983-01-23,38.600000,14.821000,41.544000,38.888000,0.381000,20.000000,239.970000,225.840000,6.210000,24.470000,0.000000,38.600000,13.287000,54.343000,38.623000,0.344000,35.000000,240.469000,225.990000,6.210000,24.420000,0.000000,38.600000,18.003000,54.343000,56.383000,0.319000,35.000000,214.928000,199.860000,48.520000,12.190000,0.000000,17.495000,17.760000,-0.265000
1983-01-24,40.600000,17.650000,30.392000,26.425000,0.668000,20.000000,249.577000,239.970000,6.190000,24.270000,0.000000,40.600000,16.226000,35.005000,7.727000,2.100000,35.000000,249.625000,240.470000,6.190000,24.220000,0.000000,40.600000,17.378000,0.000000,8.275000,2.100000,35.000000,230.781000,214.930000,48.320000,12.090000,0.000000,-18.150000,0.548000,-18.698000
1983-01-27,87.400000,56.531000,23.987000,19.888000,2.842000,20.000000,249.567000,233.720000,6.210000,24.630000,0.000000,87.400000,52.438000,0.000000,14.566000,3.600000,35.000000,249.567000,231.690000,6.210000,24.580000,0.000000,87.400000,45.618000,0.000000,12.672000,3.600000,35.000000,248.207000,222.050000,48.530000,12.200000,0.000000,-7.216000,-1.894000,-5.322000
1983-01-28,14.100000,0.393000,0.000000,0.131000,3.006000,20.000000,247.662000,249.570000,6.260000,25.140000,0.000000,0.000000,0.000000,0.000000,0.000000,0.000000,0.000000,0.000000,249.570000,6.260000,25.090000,0.000000,0.000000,0.000000,0.000000,0.000000,0.000000,0.000000,0.000000,248.210000,48.930000,12.390000,0.000000,-0.131000,0.000000,-0.131000
1983-01-29,49.000000,31.934000,0.000000,6.141000,5.200000,20.000000,249.562000,247.660000,6.370000,26.250000,0.000000,49.000000,27.976000,0.000000,5.380000,5.200000,35.000000,249.467000,245.880000,6.370000,26.200000,0.000000,49.000000,28.127000,0.000000,5.409000,5.200000,35.000000,248.255000,244.850000,49.820000,12.810000,0.000000,-0.732000,0.029000,-0.761000
1983-02-26,47.300000,0.886000,0.000000,0.222000,4.000000,20.000000,215.239000,172.430000,6.890000,46.650000,0.000000,47.300000,0.623000,0.000000,0.156000,4.000000,35.000000,215.180000,172.420000,6.890000,46.650000,0.000000,47.300000,1.749000,0.000000,0.437000,4.000000,35.000000,199.640000,156.770000,53.900000,21.100000,0.000000,0.215000,0.281000,-0.066000
1983-02-27,25.800000,4.434000,0.000000,0.964000,4.600000,20.000000,229.852000,215.240000,6.870000,46.480000,0.000000,25.800000,3.289000,0.000000,0.715000,4.600000,35.000000,229.796000,215.180000,6.870000,46.480000,0.000000,25.800000,5.058000,0.000000,1.100000,4.600000,35.000000,214.814000,199.640000,53.740000,21.020000,0.000000,0.136000,0.385000,-0.249000
1983-02-28,61.400000,33.475000,30.823000,39.842000,0.840000,20.000000,246.549000,229.850000,6.820000,45.930000,0.000000,61.400000,31.638000,40.275000,144.386000,0.219000,35.000000,247.158000,229.800000,6.820000,45.930000,0.000000,61.400000,37.516000,40.768000,192.358000,0.195000,35.000000,230.584000,214.810000,53.290000,20.810000,0.000000,152.516000,47.972000,104.544000
1983-03-01,133.800000,115.603000,32.598000,46.941000,2.463000,20.000000,249.549000,246.550000,6.830000,45.970000,0.000000,133.800000,114.052000,41.404000,117.642000,0.969000,32.400000,249.549000,247.160000,6.830000,45.970000,0.000000,133.800000,103.711000,41.404000,106.976000,0.969000,35.000000,247.657000,230.580000,53.330000,20.830000,0.000000,60.035000,-10.666000,70.701000
1983-03-02,46.600000,32.207000,39.529000,53.809000,0.599000,20.000000,248.559000,249.550000,6.820000,45.950000,0.000000,46.600000,29.655000,49.587000,68.028000,0.436000,32.400000,248.813000,249.550000,6.820000,45.950000,0.000000,46.600000,28.521000,47.802000,69.633000,0.410000,32.400000,248.079000,247.660000,53.360000,20.840000,0.000000,15.824000,1.605000,14.219000
1983-03-24,48.900000,2.402000,0.000000,0.334000,7.200000,20.000000,241.281000,205.660000,7.730000,63.270000,0.000000,48.900000,2.029000,0.000000,0.282000,7.200000,35.000000,241.200000,205.620000,7.730000,62.990000,0.000000,48.900000,4.889000,0.000000,0.679000,7.200000,35.000000,240.585000,208.080000,60.440000,26.920000,0.000000,0.345000,0.397000,-0.052000
1983-12-24,52.000000,0.447000,51.112000,0.660000,0.678000,20.000000,211.943000,162.950000,5.000000,45.400000,0.000000,52.000000,0.193000,0.000000,0.131000,1.474000,35.000000,211.943000,162.950000,5.000000,45.400000,0.000000,52.000000,3.542000,0.000000,1.476000,2.400000,35.000000,206.003000,159.970000,38.890000,18.190000,0.000000,0.816000,1.345000,-0.529000
1983-12-25,58.000000,36.630000,29.000000,19.070000,1.921000,20.000000,227.842000,211.940000,5.010000,45.560000,0.000000,58.000000,35.109000,0.000000,17.555000,2.000000,35.000000,228.204000,211.940000,5.010000,45.560000,0.000000,58.000000,36.238000,0.000000,18.119000,2.000000,35.000000,222.031000,206.000000,39.060000,18.260000,0.000000,-0.951000,0.564000,-1.515000
1984-11-23,26.800000,0.200000,103.407000,0.131000,1.527000,20.000000,183.049000,159.600000,4.030000,31.720000,0.000000,0.000000,0.000000,0.000000,0.000000,0.000000,0.000000,0.000000,159.600000,4.030000,31.720000,0.000000,26.800000,0.002000,10.499000,0.131000,0.019000,35.000000,130.455000,105.820000,21.930000,12.030000,0.000000,0.000000,0.131000,-0.131000
1984-12-18,24.400000,0.163000,50.944000,2.117000,0.077000,20.000000,212.363000,192.940000,5.090000,50.890000,0.000000,0.000000,0.000000,0.000000,0.000000,0.000000,0.000000,0.000000,192.940000,5.090000,50.890000,0.000000,24.400000,0.003000,57.212000,0.131000,0.026000,35.000000,212.729000,191.970000,39.170000,18.980000,0.000000,-1.986000,0.131000,-2.117000
1985-11-24,56.700000,20.086000,111.962000,81.545000,0.246000,20.000000,187.898000,152.900000,7.300000,19.740000,0.000000,56.700000,11.361000,114.096000,46.011000,0.247000,35.000000,196.590000,152.900000,7.300000,19.740000,0.000000,56.700000,4.751000,119.866000,10.921000,0.435000,35.000000,136.460000,85.760000,26.550000,11.450000,0.000000,-70.624000,-35.090000,-35.534000
1985-11-25,46.400000,14.709000,60.279000,49.708000,0.296000,20.000000,215.979000,187.900000,7.130000,20.900000,0.000000,46.400000,15.627000,59.181000,46.515000,0.336000,35.000000,221.804000,196.590000,7.130000,20.900000,0.000000,46.400000,21.763000,59.181000,61.687000,0.353000,35.000000,156.824000,136.460000,25.750000,11.330000,0.000000,11.979000,15.172000,-3.193000
1985-11-29,0.000000,0.000000,0.000000,0.000000,0.000000,0.000000,0.000000,200.670000,6.590000,27.270000,0.000000,0.000000,0.000000,0.000000,0.000000,0.000000,0.000000,0.000000,203.940000,6.590000,27.270000,0.000000,40.500000,2.847000,0.000000,1.139000,2.500000,35.000000,192.067000,156.800000,27.310000,12.950000,0.000000,1.139000,1.139000,0.000000
1986-01-30,67.400000,19.524000,40.349000,31.568000,0.618000,20.000000,212.562000,168.420000,6.570000,13.230000,0.000000,67.400000,18.134000,0.000000,6.975000,2.600000,35.000000,213.173000,168.420000,6.570000,13.230000,0.000000,67.400000,16.454000,0.000000,6.328000,2.600000,35.000000,157.238000,109.960000,51.450000,8.440000,0.000000,-25.240000,-0.647000,-24.593000
1986-02-13,57.100000,12.622000,39.750000,37.059000,0.341000,20.000000,224.228000,185.180000,6.570000,28.980000,0.000000,57.100000,11.993000,0.000000,1.845000,6.500000,35.000000,224.174000,185.110000,6.570000,28.950000,0.000000,57.100000,21.336000,0.000000,3.282000,6.500000,35.000000,209.726000,177.890000,51.480000,12.700000,0.000000,-33.777000,1.437000,-35.214000
1986-02-14,64.700000,40.473000,44.570000,60.388000,0.670000,20.000000,239.558000,224.230000,6.550000,30.730000,0.000000,64.700000,38.530000,53.701000,53.300000,0.723000,35.000000,240.285000,224.170000,6.550000,30.700000,0.000000,64.700000,42.324000,53.701000,58.548000,0.723000,35.000000,225.601000,209.730000,51.390000,13.340000,0.000000,-1.840000,5.248000,-7.088000
1986-02-15,64.700000,41.141000,28.279000,42.734000,0.963000,20.000000,249.585000,239.560000,6.510000,32.320000,0.000000,64.700000,40.094000,39.115000,274.730000,0.146000,35.000000,249.585000,240.280000,6.510000,32.290000,0.000000,64.700000,38.143000,39.115000,3.127000,12.200000,35.000000,241.450000,225.600000,51.170000,13.920000,0.000000,-39.607000,-271.603000,231.996000
1986-03-16,18.900000,0.467000,33.778000,0.401000,1.164000,20.000000,234.892000,227.910000,8.040000,50.740000,0.000000,0.000000,0.000000,0.000000,0.000000,0.000000,0.000000,0.000000,227.830000,8.040000,50.440000,0.000000,0.000000,0.000000,0.000000,0.000000,0.000000,0.000000,0.000000,222.980000,62.860000,21.380000,0.000000,-0.401000,0.000000,-0.401000
1987-10-31,75.700000,24.461000,83.971000,82.483000,0.297000,20.000000,216.812000,169.780000,2.890000,23.450000,0.000000,75.700000,21.313000,110.367000,63.305000,0.337000,35.000000,219.124000,169.780000,2.890000,23.450000,0.000000,75.700000,30.685000,110.367000,89.476000,0.343000,35.000000,158.563000,116.630000,16.220000,9.700000,0.000000,6.993000,26.171000,-19.178000
1987-11-04,25.800000,0.003000,64.282000,0.131000,0.019000,20.000000,217.902000,200.150000,3.600000,31.420000,0.000000,0.000000,0.000000,0.000000,0.000000,0.000000,0.000000,0.000000,201.240000,3.600000,31.420000,0.000000,0.000000,0.000000,0.000000,0.000000,0.000000,0.000000,0.000000,158.990000,22.140000,12.560000,0.000000,-0.131000,0.000000,-0.131000
1988-01-17,70.700000,12.581000,0.000000,4.058000,3.100000,20.000000,211.038000,155.680000,4.760000,29.620000,0.000000,70.700000,12.135000,0.000000,3.914000,3.100000,35.000000,211.038000,155.680000,4.760000,29.620000,0.000000,70.700000,13.796000,0.000000,4.450000,3.100000,35.000000,204.414000,150.300000,37.030000,16.790000,0.000000,0.392000,0.536000,-0.144000
1988-04-20,20.100000,0.714000,115.495000,0.759000,0.941000,20.000000,201.720000,186.860000,10.730000,18.080000,0.000000,20.100000,0.160000,115.495000,0.131000,1.223000,35.000000,202.272000,186.860000,10.730000,18.080000,0.000000,20.100000,0.117000,115.495000,0.131000,0.893000,35.000000,135.099000,118.400000,26.860000,8.690000,0.000000,-0.628000,0.000000,-0.628000
1989-02-08,0.000000,0.000000,0.000000,0.000000,0.000000,0.000000,0.000000,171.550000,6.390000,17.270000,0.000000,0.000000,0.000000,0.000000,0.000000,0.000000,0.000000,0.000000,171.550000,6.390000,17.270000,0.000000,48.600000,3.798000,0.000000,0.691000,5.500000,35.000000,188.551000,146.160000,50.130000,12.150000,0.000000,0.691000,0.691000,0.000000
1990-02-16,79.400000,19.169000,52.109000,38.919000,0.493000,20.000000,210.011000,152.300000,7.090000,28.240000,0.000000,79.400000,17.745000,50.829000,3.776000,4.700000,35.000000,210.783000,152.300000,7.090000,28.240000,0.000000,79.400000,12.212000,0.000000,2.598000,4.700000,35.000000,157.513000,92.540000,55.220000,18.130000,0.000000,-36.321000,-1.178000,-35.143000
1990-02-17,63.200000,41.595000,0.000000,8.319000,5.000000,20.000000,226.371000,210.010000,7.060000,27.920000,0.000000,63.200000,40.334000,0.000000,8.067000,5.000000,35.000000,227.143000,210.780000,7.060000,27.920000,0.000000,63.200000,42.900000,0.000000,8.580000,5.000000,35.000000,173.562000,157.510000,55.000000,18.010000,0.000000,0.261000,0.513000,-0.252000
1991-02-27,68.300000,19.736000,53.997000,27.648000,0.714000,20.000000,209.724000,164.190000,8.040000,2.360000,0.000000,68.300000,18.281000,0.000000,6.771000,2.700000,35.000000,210.428000,164.190000,8.040000,2.360000,0.000000,68.300000,18.646000,0.000000,6.906000,2.700000,35.000000,140.946000,94.630000,6.330000,0.860000,0.000000,-20.742000,0.135000,-20.877000
1991-02-28,68.000000,45.655000,24.383000,40.308000,1.133000,20.000000,226.072000,209.720000,8.040000,4.300000,0.000000,68.000000,44.313000,0.000000,12.309000,3.600000,35.000000,226.863000,210.430000,8.040000,4.300000,0.000000,68.000000,46.990000,0.000000,13.053000,3.600000,35.000000,156.843000,140.950000,6.680000,1.570000,0.000000,-27.255000,0.744000,-27.999000
1991-03-01,22.700000,0.237000,0.000000,0.131000,1.817000,20.000000,238.639000,226.070000,8.040000,6.490000,0.000000,22.700000,0.000000,0.000000,0.000000,0.000000,35.000000,238.404000,226.860000,8.040000,6.490000,0.000000,22.700000,2.581000,0.000000,0.587000,4.400000,35.000000,171.802000,156.840000,7.300000,2.380000,0.000000,0.456000,0.587000,-0.131000
1991-03-19,40.100000,11.394000,32.707000,20.439000,0.557000,20.000000,227.690000,206.620000,8.290000,40.410000,0.000000,40.100000,9.921000,41.717000,39.969000,0.248000,35.000000,228.015000,206.560000,8.290000,40.300000,0.000000,40.100000,14.842000,39.282000,60.305000,0.246000,35.000000,212.611000,193.740000,43.020000,19.920000,0.000000,39.866000,20.336000,19.530000
1991-03-26,28.600000,3.005000,28.565000,10.641000,0.282000,20.000000,248.031000,236.920000,8.090000,60.230000,0.000000,28.600000,1.218000,0.000000,0.196000,6.200000,35.000000,247.996000,236.490000,8.090000,60.120000,0.000000,28.600000,1.126000,0.000000,0.182000,6.200000,35.000000,247.797000,234.890000,58.160000,27.170000,0.000000,-10.459000,-0.014000,-10.445000
1991-03-27,23.600000,7.966000,22.950000,3.793000,2.100000,20.000000,247.336000,248.030000,8.050000,62.790000,0.000000,23.600000,5.739000,0.000000,2.733000,2.100000,35.000000,247.248000,248.000000,8.050000,62.680000,0.000000,23.600000,5.256000,0.000000,2.503000,2.100000,32.400000,247.421000,247.800000,60.130000,28.110000,0.000000,-1.290000,-0.230000,-1.060000
1991-12-28,117.400000,73.127000,37.903000,46.913000,1.559000,20.000000,214.480000,173.210000,4.740000,10.830000,0.000000,117.400000,71.581000,0.000000,14.913000,4.800000,35.000000,215.001000,173.210000,4.740000,10.830000,0.000000,117.400000,71.818000,0.000000,14.962000,4.800000,35.000000,145.961000,103.700000,11.310000,5.930000,0.000000,-31.951000,0.049000,-32.000000
1991-12-29,37.600000,16.327000,22.208000,18.490000,0.883000,20.000000,230.282000,214.480000,4.670000,12.050000,0.000000,37.600000,15.062000,0.000000,8.368000,1.800000,35.000000,230.843000,215.000000,4.670000,12.050000,0.000000,37.600000,18.072000,0.000000,10.040000,1.800000,35.000000,161.670000,145.960000,12.190000,6.370000,0.000000,-8.450000,1.672000,-10.122000
1992-01-05,0.000000,0.000000,0.000000,0.000000,0.000000,0.000000,0.000000,200.620000,4.910000,22.990000,0.000000,0.000000,0.000000,0.000000,0.000000,0.000000,0.000000,0.000000,200.700000,4.910000,22.990000,0.000000,42.400000,4.466000,0.000000,0.770000,5.800000,35.000000,207.357000,172.300000,20.430000,10.330000,0.000000,0.770000,0.770000,0.000000
1992-02-06,53.300000,1.238000,0.000000,0.263000,4.700000,20.000000,208.825000,158.680000,6.920000,18.010000,0.000000,53.300000,0.984000,0.000000,0.209000,4.700000,35.000000,208.814000,158.660000,6.920000,17.950000,0.000000,0.000000,0.000000,0.000000,0.000000,0.000000,0.000000,0.000000,124.900000,54.400000,9.560000,0.000000,-0.263000,-0.209000,-0.054000
1992-02-10,90.000000,60.370000,48.516000,66.641000,0.906000,20.000000,249.601000,233.980000,6.720000,16.020000,0.000000,90.000000,58.188000,63.320000,68.231000,0.853000,35.000000,249.601000,233.690000,6.720000,15.960000,0.000000,90.000000,64.750000,63.320000,75.926000,0.853000,35.000000,231.926000,214.630000,52.770000,8.770000,0.000000,9.285000,7.695000,1.590000
1992-02-11,68.000000,53.366000,36.524000,61.294000,0.871000,20.000000,249.620000,249.600000,6.660000,15.400000,0.000000,68.000000,51.070000,44.390000,91.423000,0.559000,32.400000,249.620000,249.600000,6.660000,15.340000,0.000000,68.000000,39.478000,46.995000,95.642000,0.413000,35.000000,248.132000,231.930000,52.310000,8.550000,0.000000,34.348000,4.219000,30.129000
1992-02-12,45.500000,31.012000,0.000000,7.753000,4.000000,20.000000,249.633000,249.620000,6.580000,14.750000,0.000000,45.500000,28.716000,0.000000,7.179000,4.000000,32.400000,249.633000,249.620000,6.580000,14.710000,0.000000,45.500000,28.206000,0.000000,7.051000,4.000000,32.400000,248.733000,248.130000,51.660000,8.240000,0.000000,-0.702000,-0.128000,-0.574000
1992-03-02,72.500000,18.956000,76.836000,58.755000,0.323000,20.000000,208.463000,158.610000,6.960000,37.120000,0.000000,72.500000,13.977000,93.621000,38.876000,0.360000,35.000000,212.505000,158.370000,6.960000,36.640000,0.000000,72.500000,10.382000,96.921000,33.891000,0.306000,35.000000,201.086000,142.750000,54.500000,16.490000,0.000000,-24.864000,-4.985000,-19.879000
1992-03-20,61.800000,4.147000,54.685000,15.891000,0.261000,20.000000,211.961000,158.590000,8.560000,40.960000,0.000000,61.800000,3.689000,0.000000,0.997000,3.700000,35.000000,212.189000,158.740000,8.560000,40.480000,0.000000,61.800000,2.404000,0.000000,0.650000,3.700000,35.000000,199.851000,144.310000,66.780000,20.930000,0.000000,-15.241000,-0.347000,-14.894000
1992-03-21,30.100000,8.891000,75.893000,33.316000,0.267000,20.000000,226.946000,211.960000,8.560000,40.940000,0.000000,30.100000,7.584000,75.893000,26.712000,0.284000,35.000000,227.289000,212.190000,8.560000,40.460000,0.000000,30.100000,8.617000,75.893000,26.677000,0.323000,35.000000,215.599000,199.850000,66.790000,20.930000,0.000000,-6.639000,-0.035000,-6.604000
1992-12-06,66.900000,5.803000,0.000000,0.817000,7.100000,20.000000,207.085000,147.910000,7.040000,4.240000,0.000000,66.900000,5.512000,0.000000,0.776000,7.100000,35.000000,207.085000,147.910000,7.040000,4.240000,0.000000,66.900000,3.548000,0.000000,0.500000,7.100000,35.000000,136.329000,74.660000,32.990000,4.250000,0.000000,-0.317000,-0.276000,-0.041000
1992-12-07,90.300000,68.980000,28.062000,26.757000,2.578000,20.000000,223.440000,207.080000,6.870000,5.510000,0.000000,90.300000,67.281000,0.000000,21.025000,3.200000,35.000000,223.974000,207.080000,6.870000,5.510000,0.000000,90.300000,69.431000,0.000000,21.697000,3.200000,35.000000,152.738000,136.330000,31.730000,4.010000,0.000000,-5.060000,0.672000,-5.732000
1992-12-28,41.400000,2.880000,88.210000,6.143000,0.469000,20.000000,194.348000,157.860000,5.330000,35.620000,0.000000,41.400000,0.049000,82.804000,0.922000,0.053000,35.000000,197.176000,157.870000,5.330000,35.610000,0.000000,41.400000,0.075000,87.846000,1.291000,0.058000,35.000000,177.824000,137.860000,31.540000,16.570000,0.000000,-4.852000,0.369000,-5.221000
1992-12-29,26.000000,2.296000,36.552000,4.371000,0.525000,20.000000,214.466000,194.350000,5.200000,36.850000,0.000000,26.000000,0.044000,50.031000,0.131000,0.338000,35.000000,218.775000,197.180000,5.200000,36.840000,0.000000,26.000000,1.766000,50.031000,2.475000,0.714000,35.000000,198.693000,177.820000,32.350000,17.010000,0.000000,-1.896000,2.344000,-4.240000
1993-01-06,84.100000,29.153000,0.000000,7.879000,3.700000,20.000000,235.403000,188.260000,5.010000,44.000000,0.000000,84.100000,28.298000,0.000000,7.648000,3.700000,35.000000,236.729000,189.600000,5.010000,43.990000,0.000000,84.100000,31.732000,0.000000,8.576000,3.700000,35.000000,229.720000,185.140000,39.010000,18.620000,0.000000,0.697000,0.928000,-0.231000
1993-01-07,58.400000,32.431000,69.594000,84.234000,0.385000,20.000000,249.634000,235.400000,4.980000,43.750000,0.000000,58.400000,31.977000,69.594000,72.683000,0.440000,35.000000,249.634000,236.730000,4.980000,43.740000,0.000000,58.400000,31.156000,69.594000,71.716000,0.434000,35.000000,245.354000,229.720000,38.860000,18.530000,0.000000,-12.518000,-0.967000,-11.551000
1993-01-11,37.200000,2.832000,33.715000,6.664000,0.425000,20.000000,249.458000,228.760000,4.820000,42.040000,0.000000,0.000000,0.000000,0.000000,0.000000,0.000000,0.000000,0.000000,226.270000,4.820000,42.030000,0.000000,0.000000,0.000000,0.000000,0.000000,0.000000,0.000000,0.000000,225.080000,37.580000,17.890000,0.000000,-6.664000,0.000000,-6.664000
1993-01-12,47.700000,33.032000,0.000000,5.243000,6.300000,20.000000,249.631000,249.460000,4.790000,41.760000,0.000000,47.700000,30.188000,0.000000,4.792000,6.300000,32.400000,249.631000,248.910000,4.790000,41.750000,0.000000,47.700000,30.468000,0.000000,4.836000,6.300000,32.400000,248.720000,248.310000,37.310000,17.770000,0.000000,-0.407000,0.044000,-0.451000
1993-01-13,44.100000,29.617000,32.901000,46.103000,0.642000,20.000000,249.259000,249.630000,4.710000,40.970000,0.000000,44.100000,27.033000,38.176000,81.721000,0.331000,32.400000,249.547000,249.630000,4.710000,40.960000,0.000000,44.100000,27.152000,41.232000,123.867000,0.219000,32.400000,248.462000,248.720000,36.670000,17.470000,0.000000,77.764000,42.146000,35.618000
1993-01-14,79.500000,64.633000,49.050000,57.036000,1.133000,20.000000,249.631000,249.260000,4.680000,40.710000,0.000000,79.500000,62.625000,56.090000,96.487000,0.649000,32.400000,249.631000,249.550000,4.680000,40.700000,0.000000,79.500000,62.423000,56.511000,97.420000,0.641000,32.400000,248.734000,248.460000,36.460000,17.370000,0.000000,40.384000,0.933000,39.451000
1993-01-15,22.700000,8.697000,0.000000,0.777000,11.200000,20.000000,249.322000,249.630000,4.670000,40.660000,0.000000,22.700000,6.497000,0.000000,0.580000,11.200000,32.400000,249.227000,249.630000,4.670000,40.650000,0.000000,22.700000,5.955000,0.000000,0.532000,11.200000,32.400000,248.855000,248.730000,36.420000,17.350000,0.000000,-0.245000,-0.048000,-0.197000
1993-01-16,47.400000,32.898000,0.000000,6.327000,5.200000,20.000000,249.661000,249.320000,4.620000,40.170000,0.000000,47.400000,30.506000,0.000000,5.866000,5.200000,32.400000,249.661000,249.230000,4.620000,40.160000,0.000000,47.400000,30.827000,0.000000,5.928000,5.200000,32.400000,248.965000,248.850000,36.030000,17.170000,0.000000,-0.399000,0.062000,-0.461000
1993-01-17,59.900000,45.572000,23.121000,58.172000,0.783000,20.000000,249.645000,249.660000,4.560000,39.620000,0.000000,59.900000,43.276000,0.000000,10.819000,4.000000,32.400000,249.645000,249.660000,4.560000,39.610000,0.000000,59.900000,43.373000,0.000000,10.843000,4.000000,32.400000,248.831000,248.970000,35.610000,16.960000,0.000000,-47.329000,0.024000,-47.353000
1993-01-18,15.800000,2.098000,0.000000,0.599000,3.500000,20.000000,248.558000,249.640000,4.520000,39.230000,0.000000,0.000000,0.000000,0.000000,0.000000,0.000000,0.000000,0.000000,249.640000,4.520000,39.220000,0.000000,0.000000,0.000000,0.000000,0.000000,0.000000,0.000000,0.000000,248.830000,35.310000,16.820000,0.000000,-0.599000,0.000000,-0.599000
1993-02-08,64.200000,29.291000,28.230000,27.784000,1.054000,20.000000,227.665000,198.770000,5.260000,38.640000,0.000000,64.200000,28.092000,0.000000,5.402000,5.200000,35.000000,227.789000,198.720000,5.260000,38.490000,0.000000,64.200000,32.854000,0.000000,6.318000,5.200000,35.000000,216.834000,190.980000,40.900000,17.520000,0.000000,-21.466000,0.916000,-22.382000
1993-02-17,68.800000,7.180000,0.000000,1.381000,5.200000,20.000000,222.691000,167.200000,6.090000,45.100000,0.000000,68.800000,6.798000,0.000000,1.307000,5.200000,35.000000,222.721000,167.230000,6.090000,44.950000,0.000000,68.800000,12.620000,0.000000,2.427000,5.200000,35.000000,215.333000,164.800000,47.170000,20.510000,0.000000,1.046000,1.120000,-0.074000
1993-02-18,45.300000,21.117000,27.680000,31.194000,0.677000,20.000000,238.250000,222.690000,6.140000,45.610000,0.000000,45.300000,19.634000,0.000000,4.566000,4.300000,35.000000,238.596000,222.720000,6.140000,45.460000,0.000000,45.300000,21.149000,0.000000,4.918000,4.300000,35.000000,231.375000,215.330000,47.570000,20.700000,0.000000,-26.276000,0.352000,-26.628000
1993-02-19,24.500000,0.965000,24.811000,2.802000,0.344000,20.000000,248.487000,238.250000,6.110000,45.300000,0.000000,0.000000,0.000000,0.000000,0.000000,0.000000,0.000000,0.000000,238.600000,6.110000,45.150000,0.000000,0.000000,0.000000,0.000000,0.000000,0.000000,0.000000,0.000000,231.370000,47.360000,20.600000,0.000000,-2.802000,0.000000,-2.802000
1993-03-25,71.200000,7.411000,0.000000,1.106000,6.700000,20.000000,206.922000,146.380000,9.360000,24.540000,0.000000,71.200000,7.079000,0.000000,1.056000,6.700000,35.000000,206.915000,146.370000,9.360000,24.540000,0.000000,71.200000,5.103000,0.000000,0.762000,6.700000,35.000000,163.340000,100.400000,73.200000,12.420000,0.000000,-0.344000,-0.294000,-0.050000
1993-03-26,25.700000,6.009000,0.000000,1.397000,4.300000,20.000000,220.542000,206.920000,9.440000,25.380000,0.000000,25.700000,4.910000,0.000000,1.142000,4.300000,35.000000,220.495000,206.920000,9.440000,25.380000,0.000000,25.700000,5.274000,0.000000,1.227000,4.300000,35.000000,178.210000,163.340000,73.870000,12.740000,0.000000,-0.170000,0.085000,-0.255000
1995-01-03,160.900000,100.152000,93.188000,108.750000,0.921000,20.000000,213.300000,155.560000,4.950000,20.740000,0.000000,160.900000,97.918000,103.192000,134.531000,0.728000,35.000000,214.546000,155.560000,4.950000,20.740000,0.000000,160.900000,101.480000,101.500000,135.609000,0.748000,35.000000,144.522000,88.270000,17.650000,10.200000,0.000000,26.859000,1.078000,25.781000
1995-01-04,38.800000,17.379000,0.000000,3.103000,5.600000,20.000000,228.941000,213.300000,4.950000,22.030000,0.000000,38.800000,16.100000,0.000000,2.875000,5.600000,35.000000,230.129000,214.550000,4.950000,22.030000,0.000000,38.800000,19.073000,0.000000,3.406000,5.600000,35.000000,160.032000,144.520000,18.580000,10.670000,0.000000,0.303000,0.531000,-0.228000
1995-01-07,74.700000,36.712000,44.875000,36.757000,0.999000,20.000000,249.669000,224.710000,4.870000,26.630000,0.000000,74.700000,35.243000,56.970000,141.449000,0.249000,35.000000,249.669000,225.290000,4.870000,26.630000,0.000000,74.700000,42.756000,53.413000,79.409000,0.538000,35.000000,200.312000,171.650000,22.030000,12.340000,0.000000,42.652000,-62.040000,104.692000
1995-01-08,28.800000,14.629000,26.282000,37.568000,0.389000,20.000000,249.370000,249.670000,4.740000,27.620000,0.000000,28.800000,12.380000,0.000000,2.381000,5.200000,32.400000,249.323000,249.670000,4.740000,27.620000,0.000000,28.800000,9.346000,0.000000,1.797000,5.200000,35.000000,215.460000,200.310000,22.770000,12.700000,0.000000,-35.771000,-0.584000,-35.187000
1995-01-09,92.100000,77.530000,36.928000,51.810000,1.496000,20.000000,249.649000,249.370000,4.660000,28.970000,0.000000,92.100000,75.186000,45.985000,93.850000,0.801000,32.400000,249.649000,249.320000,4.660000,28.970000,0.000000,92.100000,68.826000,45.985000,85.911000,0.801000,35.000000,232.082000,215.460000,23.780000,13.180000,0.000000,34.101000,-7.939000,42.040000
1995-01-10,136.400000,121.551000,30.070000,45.388000,2.678000,20.000000,249.595000,249.650000,4.580000,30.160000,0.000000,136.400000,119.254000,39.845000,95.844000,1.244000,32.400000,249.595000,249.650000,4.580000,30.160000,0.000000,136.400000,107.420000,41.633000,109.293000,0.983000,35.000000,248.414000,232.080000,24.670000,13.610000,0.000000,63.905000,13.449000,50.456000
1995-01-11,21.900000,7.894000,0.000000,2.819000,2.800000,20.000000,249.339000,249.590000,4.570000,31.910000,0.000000,21.900000,5.693000,0.000000,2.033000,2.800000,32.400000,249.243000,249.590000,4.570000,31.910000,0.000000,21.900000,4.865000,0.000000,1.738000,2.800000,32.400000,248.901000,248.410000,26.020000,14.260000,0.000000,-1.081000,-0.295000,-0.786000
1995-01-23,65.100000,17.137000,0.000000,2.720000,6.300000,20.000000,230.581000,189.340000,4.220000,42.030000,0.000000,65.100000,16.659000,0.000000,2.644000,6.300000,35.000000,229.780000,188.490000,4.220000,42.030000,0.000000,65.100000,21.276000,0.000000,3.377000,6.300000,35.000000,227.318000,190.410000,29.810000,15.700000,0.000000,0.657000,0.733000,-0.076000
1995-01-24,94.100000,66.908000,28.878000,43.226000,1.548000,20.000000,247.229000,230.580000,4.200000,41.910000,0.000000,94.100000,65.557000,34.509000,116.546000,0.562000,35.000000,246.771000,229.780000,4.200000,41.910000,0.000000,94.100000,66.311000,32.882000,11.841000,5.600000,35.000000,244.011000,227.320000,30.010000,15.670000,0.000000,-31.385000,-104.705000,73.320000
1995-01-25,21.900000,5.755000,22.204000,1.046000,5.500000,20.000000,249.237000,247.230000,4.190000,41.760000,0.000000,21.900000,3.385000,0.000000,0.615000,5.500000,32.400000,249.141000,246.770000,4.190000,41.760000,0.000000,21.900000,1.621000,0.000000,0.295000,5.500000,35.000000,248.827000,244.010000,30.190000,15.630000,0.000000,-0.751000,-0.320000,-0.431000
1995-02-14,28.300000,1.810000,30.468000,3.059000,0.592000,20.000000,220.977000,199.910000,5.800000,43.380000,0.000000,0.000000,0.000000,0.000000,0.000000,0.000000,0.000000,0.000000,199.850000,5.800000,43.260000,0.000000,28.300000,0.386000,37.588000,0.131000,2.956000,35.000000,216.686000,193.420000,45.240000,18.620000,0.000000,-2.928000,0.131000,-3.059000
1995-03-05,48.400000,8.775000,26.406000,2.194000,4.000000,20.000000,227.445000,194.120000,7.350000,36.210000,0.000000,48.400000,8.163000,0.000000,2.041000,4.000000,35.000000,227.446000,194.160000,7.350000,36.380000,0.000000,48.400000,15.064000,0.000000,3.766000,4.000000,35.000000,210.634000,181.750000,57.150000,18.270000,0.000000,1.572000,1.725000,-0.153000
1995-03-10,74.300000,22.042000,0.000000,3.195000,6.900000,20.000000,243.898000,201.700000,7.340000,49.050000,0.000000,74.300000,21.346000,0.000000,3.094000,6.900000,35.000000,243.895000,201.690000,7.340000,49.220000,0.000000,74.300000,27.535000,0.000000,3.991000,6.900000,35.000000,232.738000,195.200000,57.010000,21.080000,0.000000,0.796000,0.897000,-0.101000
1995-03-11,48.900000,29.511000,38.347000,49.757000,0.593000,20.000000,248.372000,243.900000,7.380000,49.390000,0.000000,48.900000,27.319000,48.778000,62.841000,0.435000,35.000000,248.644000,243.890000,7.380000,49.560000,0.000000,48.900000,19.991000,48.645000,45.072000,0.444000,35.000000,247.915000,232.740000,57.340000,21.230000,0.000000,-4.685000,-17.769000,13.084000
1996-01-31,59.900000,1.780000,0.000000,0.324000,5.500000,20.000000,210.600000,154.940000,6.020000,18.180000,0.000000,59.900000,1.530000,0.000000,0.278000,5.500000,35.000000,210.600000,154.940000,6.020000,18.180000,0.000000,0.000000,0.000000,0.000000,0.000000,0.000000,0.000000,0.000000,82.990000,44.560000,12.580000,0.000000,-0.324000,-0.278000,-0.046000
1996-02-19,99.300000,36.188000,0.000000,3.446000,10.500000,20.000000,212.528000,152.460000,6.430000,33.140000,0.000000,99.300000,35.547000,0.000000,3.385000,10.500000,35.000000,212.526000,152.460000,6.430000,33.140000,0.000000,99.300000,30.660000,0.000000,2.920000,10.500000,35.000000,180.959000,115.090000,49.100000,18.460000,0.000000,-0.526000,-0.465000,-0.061000
1996-02-20,103.400000,81.277000,41.009000,70.365000,1.155000,20.000000,229.015000,212.530000,6.340000,34.480000,0.000000,103.400000,79.728000,52.246000,82.477000,0.967000,35.000000,229.403000,212.530000,6.340000,34.480000,0.000000,103.400000,82.599000,52.246000,85.447000,0.967000,35.000000,197.546000,180.960000,48.460000,18.430000,0.000000,15.082000,2.970000,12.112000
1996-10-29,42.200000,1.468000,140.015000,2.234000,0.657000,20.000000,177.354000,139.370000,0.110000,1.900000,0.000000,42.200000,0.102000,140.015000,0.131000,0.782000,35.000000,178.720000,139.370000,0.110000,1.900000,0.000000,42.200000,0.055000,140.015000,0.131000,0.417000,35.000000,113.780000,74.050000,0.710000,0.870000,0.000000,-2.103000,0.000000,-2.103000
1996-10-30,26.900000,1.751000,67.562000,2.911000,0.601000,20.000000,200.677000,177.350000,0.350000,4.400000,0.000000,26.900000,0.036000,68.442000,0.394000,0.092000,35.000000,203.619000,178.720000,0.350000,4.400000,0.000000,26.900000,0.025000,58.045000,0.238000,0.103000,35.000000,139.032000,113.780000,2.210000,1.790000,0.000000,-2.673000,-0.156000,-2.517000
1996-11-21,49.500000,0.594000,52.015000,3.708000,0.160000,20.000000,196.916000,149.570000,5.640000,21.320000,0.000000,0.000000,0.000000,0.000000,0.000000,0.000000,0.000000,0.000000,149.610000,5.640000,21.380000,0.000000,0.000000,0.000000,0.000000,0.000000,0.000000,0.000000,0.000000,91.360000,42.280000,10.890000,0.000000,-3.708000,0.000000,-3.708000
1996-12-09,39.400000,11.801000,34.871000,28.396000,0.416000,20.000000,222.081000,198.490000,6.360000,23.610000,0.000000,39.400000,7.934000,46.578000,34.549000,0.230000,35.000000,224.645000,198.520000,6.360000,23.640000,0.000000,39.400000,11.821000,46.578000,47.282000,0.250000,35.000000,193.534000,169.150000,48.690000,12.190000,0.000000,18.886000,12.733000,6.153000
1996-12-10,32.800000,6.939000,25.236000,20.753000,0.334000,20.000000,239.809000,222.080000,6.130000,24.650000,0.000000,32.800000,8.043000,0.000000,2.117000,3.800000,35.000000,240.052000,224.650000,6.130000,24.680000,0.000000,32.800000,13.473000,0.000000,3.546000,3.800000,35.000000,209.004000,193.530000,47.050000,12.040000,0.000000,-17.207000,1.429000,-18.636000
1996-12-11,29.000000,6.421000,21.338000,2.792000,2.300000,20.000000,249.357000,239.810000,5.940000,25.720000,0.000000,29.000000,5.097000,0.000000,2.216000,2.300000,35.000000,249.262000,240.050000,5.940000,25.750000,0.000000,29.000000,8.323000,0.000000,3.619000,2.300000,35.000000,224.138000,209.000000,45.660000,12.270000,0.000000,0.827000,1.403000,-0.576000
1997-01-25,34.100000,1.815000,45.721000,3.073000,0.591000,20.000000,248.959000,229.510000,4.350000,44.130000,0.000000,0.000000,0.000000,0.000000,0.000000,0.000000,0.000000,0.000000,229.250000,4.350000,44.130000,0.000000,34.100000,1.476000,48.794000,0.178000,8.300000,35.000000,249.003000,230.740000,33.630000,16.110000,0.000000,-2.895000,0.178000,-3.073000
1997-12-06,43.900000,14.152000,26.063000,33.462000,0.423000,20.000000,234.325000,212.200000,5.070000,39.860000,0.000000,43.900000,13.058000,0.000000,3.348000,3.900000,35.000000,234.311000,212.160000,5.070000,39.860000,0.000000,43.900000,23.458000,0.000000,6.015000,3.900000,35.000000,178.694000,162.720000,34.120000,17.740000,0.000000,-27.447000,2.667000,-30.114000
1998-02-03,58.400000,25.703000,28.387000,32.129000,0.800000,20.000000,231.828000,206.320000,5.270000,43.790000,0.000000,58.400000,24.314000,0.000000,5.403000,4.500000,35.000000,232.135000,206.320000,5.270000,43.790000,0.000000,58.400000,30.192000,0.000000,6.709000,4.500000,35.000000,227.052000,206.550000,41.050000,19.170000,0.000000,-25.420000,1.306000,-26.726000
1998-02-06,35.100000,6.833000,26.516000,20.305000,0.336000,20.000000,249.452000,235.280000,5.320000,44.920000,0.000000,35.100000,5.023000,0.000000,0.571000,8.800000,35.000000,249.383000,235.230000,5.320000,44.920000,0.000000,35.100000,4.107000,0.000000,0.467000,8.800000,35.000000,248.583000,232.860000,41.410000,19.330000,0.000000,-19.838000,-0.104000,-19.734000
1998-02-07,23.500000,9.283000,0.000000,2.159000,4.300000,20.000000,248.937000,249.450000,5.270000,45.370000,0.000000,23.500000,7.014000,0.000000,1.631000,4.300000,32.400000,248.841000,249.380000,5.270000,45.370000,0.000000,23.500000,6.466000,0.000000,1.504000,4.300000,32.400000,248.564000,248.580000,41.030000,19.240000,0.000000,-0.655000,-0.127000,-0.528000
1998-02-08,16.700000,2.253000,0.000000,0.317000,7.100000,20.000000,248.677000,248.940000,5.290000,45.590000,0.000000,0.000000,0.000000,0.000000,0.000000,0.000000,0.000000,0.000000,248.840000,5.290000,45.590000,0.000000,0.000000,0.000000,0.000000,0.000000,0.000000,0.000000,0.000000,248.560000,41.210000,19.320000,0.000000,-0.317000,0.000000,-0.317000
1998-02-22,53.500000,5.823000,0.000000,1.664000,3.500000,20.000000,249.623000,213.030000,5.460000,47.460000,0.000000,53.500000,4.833000,0.000000,1.381000,3.500000,35.000000,249.623000,212.440000,5.460000,47.460000,0.000000,53.500000,7.301000,0.000000,2.086000,3.500000,35.000000,248.675000,213.790000,42.640000,19.990000,0.000000,0.422000,0.705000,-0.283000
1998-02-23,44.300000,29.811000,32.052000,54.741000,0.545000,20.000000,249.633000,249.620000,5.400000,47.310000,0.000000,44.300000,27.514000,39.700000,147.399000,0.187000,32.400000,249.633000,249.620000,5.400000,47.310000,0.000000,44.300000,27.434000,39.649000,150.484000,0.182000,32.400000,248.728000,248.680000,42.200000,19.780000,0.000000,95.743000,3.085000,92.658000
1998-03-25,96.400000,32.898000,0.000000,8.024000,4.100000,20.000000,211.324000,151.140000,8.920000,34.080000,0.000000,96.400000,32.283000,0.000000,7.874000,4.100000,35.000000,211.314000,151.130000,8.920000,33.610000,0.000000,96.400000,26.511000,0.000000,6.466000,4.100000,35.000000,185.290000,118.490000,69.610000,19.220000,0.000000,-1.558000,-1.408000,-0.150000
1998-05-12,33.400000,0.274000,86.139000,0.180000,1.520000,20.000000,187.674000,158.230000,12.490000,40.130000,0.000000,0.000000,0.000000,0.000000,0.000000,0.000000,0.000000,0.000000,158.230000,12.490000,40.130000,0.000000,0.000000,0.000000,0.000000,0.000000,0.000000,0.000000,0.000000,107.650000,97.810000,21.330000,0.000000,-0.180000,0.000000,-0.180000
1998-05-13,25.700000,1.401000,67.384000,2.084000,0.672000,20.000000,205.753000,187.670000,12.280000,37.980000,0.000000,25.700000,0.033000,67.324000,0.131000,0.256000,35.000000,207.374000,187.940000,12.280000,37.980000,0.000000,25.700000,0.061000,67.324000,0.131000,0.467000,35.000000,160.173000,138.640000,96.100000,20.510000,0.000000,-1.953000,0.000000,-1.953000
2000-02-21,53.800000,13.023000,0.000000,2.100000,6.200000,20.000000,244.593000,214.040000,5.370000,42.230000,0.000000,53.800000,12.259000,0.000000,1.977000,6.200000,35.000000,244.545000,214.040000,5.370000,42.230000,0.000000,53.800000,25.571000,0.000000,4.124000,6.200000,35.000000,211.628000,187.900000,35.090000,18.560000,0.000000,2.024000,2.147000,-0.123000
2000-02-23,53.800000,26.927000,35.881000,38.976000,0.691000,20.000000,249.640000,236.820000,5.410000,44.790000,0.000000,53.800000,23.758000,47.067000,69.284000,0.343000,35.000000,249.640000,235.810000,5.410000,44.790000,0.000000,53.800000,16.388000,47.067000,47.791000,0.343000,35.000000,240.945000,212.890000,37.210000,19.500000,0.000000,8.815000,-21.493000,30.308000
2000-04-18,15.200000,1.629000,53.111000,2.613000,0.624000,20.000000,203.415000,193.940000,11.310000,6.540000,0.000000,15.200000,0.226000,53.406000,0.137000,1.646000,35.000000,204.813000,193.940000,11.310000,6.540000,0.000000,15.200000,0.111000,55.160000,0.131000,0.850000,35.000000,135.007000,123.010000,74.910000,3.700000,0.000000,-2.482000,-0.006000,-2.476000
2001-01-12,78.800000,46.692000,36.695000,36.238000,1.288000,20.000000,217.633000,188.880000,5.390000,3.800000,0.000000,78.800000,45.202000,43.925000,71.739000,0.630000,35.000000,218.043000,188.880000,5.390000,3.800000,0.000000,78.800000,47.848000,43.925000,74.779000,0.640000,35.000000,149.268000,121.700000,1.960000,1.620000,0.000000,38.541000,3.040000,35.501000
2001-02-13,102.100000,59.047000,30.833000,61.625000,0.958000,20.000000,223.536000,185.310000,5.900000,35.040000,0.000000,102.100000,58.026000,0.000000,10.180000,5.700000,35.000000,223.611000,185.310000,5.900000,35.030000,0.000000,102.100000,62.909000,0.000000,11.037000,5.700000,35.000000,190.022000,154.620000,45.990000,19.180000,0.000000,-50.588000,0.857000,-51.445000
2001-02-26,51.100000,11.890000,42.583000,15.675000,0.759000,20.000000,225.689000,192.110000,5.900000,40.990000,0.000000,51.100000,8.041000,0.000000,6.701000,1.200000,35.000000,228.461000,192.060000,5.900000,40.990000,0.000000,51.100000,18.273000,42.583000,16.990000,1.076000,35.000000,222.216000,194.980000,46.120000,19.580000,0.000000,1.315000,10.289000,-8.974000
2001-03-06,41.400000,6.438000,41.168000,18.238000,0.353000,20.000000,237.491000,212.650000,5.780000,46.870000,0.000000,41.400000,0.026000,50.790000,0.131000,0.201000,35.000000,243.619000,213.380000,5.780000,46.870000,0.000000,41.400000,3.120000,47.823000,5.812000,0.537000,35.000000,240.552000,213.120000,45.230000,19.260000,0.000000,-12.426000,5.681000,-18.107000
2002-11-08,96.900000,29.082000,49.683000,26.932000,1.080000,20.000000,205.576000,139.980000,0.080000,1.870000,0.000000,96.900000,27.369000,0.000000,14.405000,1.900000,35.000000,206.662000,139.980000,0.080000,1.870000,0.000000,96.900000,29.069000,0.000000,15.299000,1.900000,35.000000,139.753000,74.690000,0.460000,1.290000,0.000000,-11.633000,0.894000,-12.527000
2002-12-20,54.100000,7.850000,59.347000,22.575000,0.348000,20.000000,226.772000,186.610000,5.850000,16.140000,0.000000,54.100000,4.762000,73.042000,13.842000,0.344000,35.000000,229.187000,186.610000,5.850000,16.140000,0.000000,54.100000,11.118000,73.042000,40.164000,0.277000,35.000000,177.095000,136.700000,45.570000,8.570000,0.000000,17.589000,26.322000,-8.733000
2003-02-12,130.700000,74.309000,58.485000,55.419000,1.341000,20.000000,211.627000,157.470000,7.350000,1.160000,0.000000,130.700000,72.283000,69.597000,112.442000,0.643000,35.000000,212.662000,157.470000,7.350000,1.160000,0.000000,130.700000,68.331000,66.004000,176.270000,0.388000,35.000000,158.872000,99.230000,57.250000,1.950000,0.000000,120.851000,63.828000,57.023000
2003-03-15,96.400000,32.845000,0.000000,4.760000,6.900000,20.000000,211.253000,150.960000,7.870000,36.680000,0.000000,96.400000,32.230000,0.000000,4.671000,6.900000,35.000000,211.253000,150.960000,7.870000,36.600000,0.000000,96.400000,26.721000,0.000000,3.873000,6.900000,35.000000,192.362000,125.820000,61.100000,21.040000,0.000000,-0.887000,-0.798000,-0.089000
2003-04-14,30.400000,0.035000,79.191000,0.131000,0.266000,20.000000,172.528000,144.100000,11.580000,23.090000,0.000000,0.000000,0.000000,0.000000,0.000000,0.000000,0.000000,0.000000,144.100000,11.580000,23.000000,0.000000,0.000000,0.000000,0.000000,0.000000,0.000000,0.000000,0.000000,83.020000,90.780000,12.090000,0.000000,-0.131000,0.000000,-0.131000
2004-02-22,48.300000,0.773000,0.000000,0.276000,2.800000,20.000000,216.871000,173.490000,6.260000,23.670000,0.000000,48.300000,0.526000,0.000000,0.188000,2.800000,35.000000,216.824000,173.490000,6.260000,23.670000,0.000000,48.300000,6.210000,0.000000,2.218000,2.800000,35.000000,143.908000,104.610000,44.950000,12.330000,0.000000,1.942000,2.030000,-0.088000
2004-02-23,21.500000,0.210000,0.000000,0.131000,1.604000,20.000000,230.843000,216.870000,6.180000,25.450000,0.000000,0.000000,0.000000,0.000000,0.000000,0.000000,0.000000,0.000000,216.820000,6.180000,25.450000,0.000000,21.500000,1.721000,0.000000,0.391000,4.400000,35.000000,158.967000,143.910000,44.390000,12.980000,0.000000,0.260000,0.391000,-0.131000
2004-02-26,108.200000,70.889000,43.911000,47.948000,1.478000,20.000000,249.590000,226.740000,6.250000,31.530000,0.000000,108.200000,68.191000,56.028000,123.211000,0.553000,35.000000,249.590000,225.990000,6.250000,31.530000,0.000000,108.200000,76.390000,50.534000,87.931000,0.869000,35.000000,199.138000,171.750000,45.070000,15.180000,0.000000,39.983000,-35.280000,75.263000
2004-10-20,74.900000,37.048000,74.314000,91.737000,0.404000,20.000000,219.632000,186.220000,0.710000,8.210000,0.000000,74.900000,34.699000,77.414000,75.602000,0.459000,35.000000,220.960000,186.220000,0.710000,8.210000,0.000000,74.900000,40.155000,80.801000,80.051000,0.502000,35.000000,152.297000,121.340000,4.340000,4.050000,0.000000,-11.686000,4.449000,-16.135000
2004-10-27,45.800000,12.584000,92.128000,49.453000,0.254000,20.000000,216.639000,190.480000,2.380000,25.310000,0.000000,45.800000,1.421000,92.447000,9.768000,0.145000,35.000000,227.765000,191.020000,2.380000,25.310000,0.000000,45.800000,7.994000,89.918000,23.834000,0.335000,35.000000,188.342000,153.750000,17.150000,10.250000,0.000000,-25.619000,14.066000,-39.685000
2004-12-28,106.500000,55.932000,39.264000,48.453000,1.154000,20.000000,215.019000,167.780000,5.370000,14.930000,0.000000,106.500000,54.776000,0.000000,11.655000,4.700000,35.000000,215.276000,167.780000,5.370000,14.930000,0.000000,106.500000,50.259000,0.000000,10.693000,4.700000,35.000000,168.778000,115.890000,41.820000,10.040000,0.000000,-37.760000,-0.962000,-36.798000
2004-12-29,91.100000,69.050000,37.129000,56.341000,1.226000,20.000000,231.239000,215.020000,5.290000,14.450000,0.000000,91.100000,67.384000,51.221000,75.773000,0.889000,35.000000,231.962000,215.280000,5.290000,14.450000,0.000000,91.100000,70.495000,51.221000,79.271000,0.889000,35.000000,185.304000,168.780000,41.250000,9.760000,0.000000,22.930000,3.498000,19.432000
2004-12-31,75.400000,36.014000,30.473000,32.078000,1.123000,20.000000,249.615000,223.600000,5.140000,15.780000,0.000000,75.400000,34.785000,0.000000,11.595000,3.000000,35.000000,249.615000,224.110000,5.140000,15.780000,0.000000,75.400000,41.979000,0.000000,13.993000,3.000000,35.000000,214.085000,184.830000,40.070000,9.690000,0.000000,-18.085000,2.398000,-20.483000
2005-01-02,20.700000,0.006000,24.466000,0.131000,0.043000,20.000000,243.542000,236.040000,5.060000,18.630000,0.000000,0.000000,0.000000,0.000000,0.000000,0.000000,0.000000,0.000000,234.570000,5.060000,18.630000,0.000000,0.000000,0.000000,0.000000,0.000000,0.000000,0.000000,0.000000,210.130000,39.340000,10.080000,0.000000,-0.131000,0.000000,-0.131000
2005-01-03,166.100000,145.749000,26.022000,51.573000,2.826000,20.000000,249.654000,243.540000,4.990000,19.920000,0.000000,166.100000,141.047000,0.000000,16.994000,8.300000,35.000000,249.654000,241.120000,4.990000,19.920000,0.000000,166.100000,126.817000,0.000000,15.279000,8.300000,35.000000,248.903000,223.550000,38.780000,10.260000,0.000000,-36.294000,-1.715000,-34.579000
2005-01-07,48.500000,2.963000,0.000000,0.470000,6.300000,20.000000,249.636000,216.150000,4.970000,21.550000,0.000000,48.500000,0.978000,0.000000,0.155000,6.300000,35.000000,249.636000,214.310000,4.970000,21.550000,0.000000,48.500000,1.916000,0.000000,0.304000,6.300000,35.000000,248.756000,214.090000,38.700000,10.700000,0.000000,-0.166000,0.149000,-0.315000
2005-01-08,58.600000,44.201000,41.406000,46.538000,0.950000,20.000000,249.640000,249.640000,4.980000,21.620000,0.000000,58.600000,41.904000,53.002000,75.802000,0.553000,32.400000,249.640000,249.640000,4.980000,21.620000,0.000000,58.600000,41.845000,53.002000,75.694000,0.553000,32.400000,248.791000,248.760000,38.790000,10.740000,0.000000,29.156000,-0.108000,29.264000
2005-01-09,92.900000,78.458000,31.933000,58.330000,1.345000,20.000000,249.635000,249.640000,4.920000,21.110000,0.000000,92.900000,76.161000,38.266000,109.229000,0.697000,32.400000,249.635000,249.640000,4.920000,21.110000,0.000000,92.900000,76.160000,39.105000,127.432000,0.598000,32.400000,248.750000,248.790000,38.400000,10.560000,0.000000,69.102000,18.203000,50.899000
2005-01-10,87.400000,73.009000,37.458000,59.847000,1.220000,20.000000,249.641000,249.640000,4.830000,20.680000,0.000000,87.400000,70.713000,47.689000,88.355000,0.800000,32.400000,249.641000,249.640000,4.830000,20.680000,0.000000,87.400000,70.649000,47.689000,86.289000,0.819000,32.400000,248.812000,248.750000,37.690000,10.230000,0.000000,26.442000,-2.066000,28.508000
2005-01-11,71.900000,57.396000,24.128000,46.236000,1.241000,20.000000,249.629000,249.640000,4.750000,20.810000,0.000000,71.900000,55.100000,0.000000,13.439000,4.100000,32.400000,249.629000,249.640000,4.750000,20.810000,0.000000,71.900000,55.164000,0.000000,13.455000,4.100000,32.400000,248.715000,248.810000,37.090000,9.950000,0.000000,-32.781000,0.016000,-32.797000
2005-02-11,69.300000,12.058000,76.771000,34.307000,0.351000,20.000000,208.259000,153.690000,6.260000,35.020000,0.000000,69.300000,8.895000,80.770000,32.869000,0.271000,35.000000,210.713000,153.680000,6.260000,34.860000,0.000000,69.300000,7.918000,73.293000,1.650000,4.800000,35.000000,202.091000,143.450000,48.710000,19.150000,0.000000,-32.657000,-31.219000,-1.438000
2005-02-18,0.000000,0.000000,0.000000,0.000000,0.000000,0.000000,0.000000,186.590000,5.980000,32.720000,0.000000,0.000000,0.000000,0.000000,0.000000,0.000000,0.000000,0.000000,187.390000,5.980000,32.620000,0.000000,44.500000,0.931000,0.000000,0.163000,5.700000,35.000000,222.342000,184.930000,46.340000,18.000000,0.000000,0.163000,0.163000,0.000000
2005-02-19,71.300000,41.863000,43.726000,45.042000,0.929000,20.000000,243.636000,224.520000,5.870000,33.060000,0.000000,71.300000,39.681000,52.605000,77.207000,0.514000,35.000000,244.967000,225.010000,5.870000,32.990000,0.000000,71.300000,44.933000,53.682000,90.539000,0.496000,35.000000,238.323000,222.340000,45.510000,17.670000,0.000000,45.497000,13.332000,32.165000
2005-02-20,53.000000,33.067000,38.061000,51.188000,0.646000,20.000000,249.073000,243.640000,5.830000,34.720000,0.000000,53.000000,31.869000,47.481000,71.374000,0.446000,35.000000,249.392000,244.970000,5.830000,34.720000,0.000000,53.000000,27.934000,47.481000,62.562000,0.446000,35.000000,248.211000,238.320000,45.170000,17.760000,0.000000,11.374000,-8.812000,20.186000
2005-02-21,65.700000,50.230000,39.396000,50.200000,1.001000,20.000000,249.590000,249.070000,5.840000,36.750000,0.000000,65.700000,48.253000,48.801000,89.604000,0.539000,32.400000,249.590000,249.390000,5.840000,36.750000,0.000000,65.700000,48.204000,48.801000,89.514000,0.539000,32.400000,248.382000,248.210000,45.250000,18.120000,0.000000,39.314000,-0.090000,39.404000
2005-02-22,48.800000,33.966000,26.854000,37.881000,0.897000,20.000000,249.358000,249.590000,5.830000,38.540000,0.000000,48.800000,31.466000,0.000000,11.238000,2.800000,32.400000,249.561000,249.590000,5.830000,38.540000,0.000000,48.800000,31.437000,0.000000,11.227000,2.800000,32.400000,248.302000,248.380000,45.240000,18.470000,0.000000,-26.654000,-0.011000,-26.643000
2005-02-23,15.400000,1.426000,0.000000,0.340000,4.200000,20.000000,248.218000,249.360000,5.810000,40.440000,0.000000,0.000000,0.000000,0.000000,0.000000,0.000000,0.000000,0.000000,249.560000,5.810000,40.440000,0.000000,0.000000,0.000000,0.000000,0.000000,0.000000,0.000000,0.000000,248.300000,45.180000,18.870000,0.000000,-0.340000,0.000000,-0.340000
2005-03-22,45.600000,2.111000,70.685000,3.853000,0.548000,20.000000,196.118000,155.730000,8.010000,44.180000,0.000000,45.600000,0.015000,76.433000,0.131000,0.115000,35.000000,198.192000,155.710000,8.010000,44.050000,0.000000,0.000000,0.000000,0.000000,0.000000,0.000000,0.000000,0.000000,134.700000,62.570000,22.390000,0.000000,-3.853000,-0.131000,-3.722000
2006-01-02,92.600000,57.163000,24.311000,21.236000,2.692000,20.000000,224.855000,194.340000,5.110000,5.580000,0.000000,92.600000,55.915000,0.000000,14.337000,3.900000,35.000000,225.055000,194.340000,5.110000,5.580000,0.000000,92.600000,59.029000,0.000000,15.136000,3.900000,35.000000,151.769000,122.080000,2.770000,4.380000,0.000000,-6.100000,0.799000,-6.899000
2006-02-28,61.700000,18.777000,48.045000,29.529000,0.636000,20.000000,214.909000,176.320000,7.820000,10.060000,0.000000,61.700000,17.339000,0.000000,2.442000,7.100000,35.000000,215.536000,176.320000,7.820000,10.060000,0.000000,61.700000,15.667000,0.000000,2.207000,7.100000,35.000000,141.079000,98.950000,44.930000,6.310000,0.000000,-27.322000,-0.235000,-27.087000
2006-03-28,69.300000,9.534000,50.224000,33.303000,0.286000,20.000000,211.179000,154.230000,8.060000,49.060000,0.000000,69.300000,9.143000,0.000000,1.693000,5.400000,35.000000,211.182000,154.230000,8.060000,49.050000,0.000000,69.300000,7.481000,0.000000,1.385000,5.400000,35.000000,182.810000,123.290000,61.320000,27.800000,0.000000,-31.918000,-0.308000,-31.610000
2006-04-04,39.100000,0.006000,39.289000,0.131000,0.045000,20.000000,227.409000,196.510000,8.160000,52.250000,0.000000,0.000000,0.000000,0.000000,0.000000,0.000000,0.000000,0.000000,196.270000,8.160000,52.240000,0.000000,0.000000,0.000000,0.000000,0.000000,0.000000,0.000000,0.000000,188.030000,64.060000,28.920000,0.000000,-0.131000,0.000000,-0.131000
2008-01-06,43.100000,6.760000,0.000000,1.609000,4.200000,20.000000,229.259000,198.210000,4.860000,45.650000,0.000000,43.100000,6.099000,0.000000,1.452000,4.200000,35.000000,229.259000,198.210000,4.860000,45.650000,0.000000,43.100000,14.529000,0.000000,3.459000,4.200000,35.000000,202.231000,176.800000,35.580000,18.130000,0.000000,1.850000,2.007000,-0.157000
2008-01-07,23.500000,0.109000,21.815000,0.131000,0.832000,20.000000,242.585000,229.260000,4.820000,45.270000,0.000000,0.000000,0.000000,0.000000,0.000000,0.000000,0.000000,0.000000,229.260000,4.820000,45.270000,0.000000,23.500000,3.909000,0.000000,1.086000,3.600000,35.000000,217.224000,202.230000,35.550000,17.980000,0.000000,0.955000,1.086000,-0.131000
2008-01-25,87.400000,55.173000,23.547000,54.252000,1.017000,20.000000,237.100000,212.380000,4.920000,37.160000,0.000000,87.400000,53.999000,0.000000,5.510000,9.800000,35.000000,237.076000,212.280000,4.920000,37.120000,0.000000,87.400000,59.776000,0.000000,6.100000,9.800000,35.000000,226.686000,205.570000,38.450000,16.980000,0.000000,-48.152000,0.590000,-48.742000
2008-01-27,58.600000,36.116000,37.531000,32.380000,1.115000,20.000000,249.644000,241.390000,4.880000,36.770000,0.000000,58.600000,32.997000,48.206000,94.350000,0.350000,35.000000,249.644000,240.520000,4.880000,36.730000,0.000000,58.600000,28.230000,48.206000,80.718000,0.350000,35.000000,248.808000,233.410000,38.150000,16.840000,0.000000,48.338000,-13.632000,61.970000
2008-01-28,44.900000,30.561000,0.000000,5.269000,5.800000,20.000000,249.645000,249.640000,4.910000,37.070000,0.000000,44.900000,28.264000,0.000000,4.873000,5.800000,32.400000,249.645000,249.640000,4.910000,37.030000,0.000000,44.900000,28.221000,0.000000,4.866000,5.800000,32.400000,248.842000,248.810000,38.400000,16.960000,0.000000,-0.403000,-0.007000,-0.396000
2008-12-15,72.000000,13.907000,78.666000,39.323000,0.354000,20.000000,207.601000,150.960000,6.110000,15.620000,0.000000,72.000000,11.710000,90.246000,41.166000,0.284000,35.000000,209.082000,150.960000,6.110000,15.620000,0.000000,72.000000,8.030000,74.016000,4.226000,1.900000,35.000000,138.498000,76.110000,19.910000,8.810000,0.000000,-35.097000,-36.940000,1.843000
2009-02-16,66.800000,13.475000,42.690000,21.529000,0.626000,20.000000,232.132000,186.120000,6.400000,32.870000,0.000000,66.800000,12.166000,0.000000,1.580000,7.700000,35.000000,232.647000,186.000000,6.400000,32.870000,0.000000,66.800000,18.741000,0.000000,2.434000,7.700000,35.000000,216.952000,173.900000,49.790000,15.230000,0.000000,-19.095000,0.854000,-19.949000
2009-10-14,71.600000,15.752000,86.194000,54.601000,0.288000,20.000000,197.514000,143.530000,0.220000,2.270000,0.000000,71.600000,8.004000,98.181000,28.948000,0.276000,35.000000,204.636000,143.530000,0.220000,2.270000,0.000000,71.600000,9.903000,98.181000,32.864000,0.301000,35.000000,137.488000,78.210000,1.290000,0.830000,0.000000,-21.737000,3.916000,-25.653000
2009-12-12,38.900000,11.309000,30.434000,19.940000,0.567000,20.000000,228.754000,206.800000,6.010000,6.690000,0.000000,38.900000,9.880000,35.782000,5.489000,1.800000,35.000000,229.092000,206.830000,6.020000,6.690000,0.000000,38.900000,16.509000,0.000000,9.172000,1.800000,35.000000,160.957000,142.400000,5.780000,2.720000,0.000000,-10.768000,3.683000,-14.451000
2010-01-18,51.500000,3.599000,0.000000,0.493000,7.300000,20.000000,213.698000,168.230000,5.470000,13.810000,0.000000,51.500000,3.241000,0.000000,0.444000,7.300000,35.000000,213.698000,168.230000,5.470000,13.810000,0.000000,51.500000,1.513000,0.000000,0.207000,7.300000,35.000000,182.675000,134.200000,42.480000,10.060000,0.000000,-0.286000,-0.237000,-0.049000
2010-01-19,20.200000,0.187000,0.000000,0.131000,1.429000,20.000000,228.374000,213.700000,5.360000,12.770000,0.000000,0.000000,0.000000,0.000000,0.000000,0.000000,0.000000,0.000000,213.700000,5.360000,12.770000,0.000000,20.200000,1.231000,0.000000,0.410000,3.000000,35.000000,198.012000,182.680000,41.650000,9.660000,0.000000,0.279000,0.410000,-0.131000
2010-01-20,45.400000,19.652000,34.693000,33.466000,0.587000,20.000000,244.997000,228.370000,5.290000,12.590000,0.000000,45.400000,17.414000,43.527000,59.453000,0.293000,35.000000,245.183000,227.490000,5.290000,12.590000,0.000000,45.400000,25.798000,43.527000,83.629000,0.308000,35.000000,213.965000,198.010000,41.130000,9.410000,0.000000,50.163000,24.176000,25.987000
2010-01-21,30.300000,12.244000,30.742000,27.951000,0.438000,20.000000,249.679000,245.000000,5.220000,12.510000,0.000000,30.300000,10.344000,34.524000,2.722000,3.800000,35.000000,249.679000,245.180000,5.220000,12.510000,0.000000,30.300000,8.741000,0.000000,2.300000,3.800000,35.000000,229.319000,213.960000,40.590000,9.160000,0.000000,-25.651000,-0.422000,-25.229000
2010-01-22,13.800000,0.213000,0.000000,0.131000,1.628000,20.000000,249.288000,249.680000,5.150000,12.670000,0.000000,0.000000,0.000000,0.000000,0.000000,0.000000,0.000000,0.000000,249.680000,5.150000,12.670000,0.000000,0.000000,0.000000,0.000000,0.000000,0.000000,0.000000,0.000000,229.320000,40.050000,8.920000,0.000000,-0.131000,0.000000,-0.131000
2010-02-05,58.100000,0.129000,0.000000,0.131000,0.988000,20.000000,213.774000,158.200000,5.250000,27.390000,0.000000,0.000000,0.000000,0.000000,0.000000,0.000000,0.000000,0.000000,157.810000,5.250000,27.170000,0.000000,58.100000,0.431000,0.000000,0.131000,3.300000,35.000000,207.208000,151.330000,40.790000,13.060000,0.000000,0.000000,0.131000,-0.131000
2010-02-06,46.000000,24.310000,32.584000,34.440000,0.706000,20.000000,229.458000,213.770000,5.110000,27.960000,0.000000,46.000000,22.968000,42.285000,140.718000,0.163000,35.000000,229.354000,213.400000,5.110000,27.740000,0.000000,46.000000,24.613000,42.285000,128.771000,0.191000,35.000000,222.552000,207.210000,39.690000,13.260000,0.000000,94.331000,-11.947000,106.278000
2010-02-27,44.800000,1.655000,0.000000,0.318000,5.200000,20.000000,217.726000,178.260000,6.670000,37.870000,0.000000,44.800000,1.322000,0.000000,0.254000,5.200000,35.000000,217.677000,178.260000,6.670000,37.650000,0.000000,44.800000,2.635000,0.000000,0.507000,5.200000,35.000000,202.618000,163.110000,51.800000,20.300000,0.000000,0.189000,0.253000,-0.064000
2010-12-18,79.000000,35.974000,41.431000,39.535000,0.910000,20.000000,216.795000,176.010000,5.500000,24.740000,0.000000,79.000000,34.712000,0.000000,11.571000,3.000000,35.000000,217.160000,176.010000,5.500000,24.740000,0.000000,79.000000,32.482000,0.000000,10.827000,3.000000,35.000000,145.602000,101.010000,33.340000,13.500000,0.000000,-28.708000,-0.744000,-27.964000
2010-12-19,70.200000,49.025000,99.683000,111.857000,0.438000,20.000000,232.501000,216.800000,5.280000,25.020000,0.000000,70.200000,47.666000,99.683000,101.528000,0.469000,35.000000,233.017000,217.160000,5.280000,25.020000,0.000000,70.200000,51.304000,99.683000,109.277000,0.469000,35.000000,161.191000,145.600000,33.530000,13.590000,0.000000,-2.580000,7.749000,-10.329000
2010-12-20,36.600000,11.006000,39.829000,28.579000,0.385000,20.000000,248.048000,232.500000,5.230000,24.450000,0.000000,36.600000,9.478000,46.997000,33.187000,0.286000,35.000000,248.810000,233.020000,5.230000,24.450000,0.000000,36.600000,17.608000,46.997000,59.774000,0.295000,35.000000,176.821000,161.190000,33.480000,13.390000,0.000000,31.195000,26.587000,4.608000
2010-12-21,28.200000,12.724000,24.839000,58.229000,0.219000,20.000000,249.676000,248.050000,5.180000,23.930000,0.000000,28.200000,11.165000,0.000000,5.876000,1.900000,32.400000,249.676000,248.810000,5.180000,23.930000,0.000000,28.200000,9.258000,0.000000,4.873000,1.900000,35.000000,192.092000,176.820000,33.300000,13.200000,0.000000,-53.356000,-1.003000,-52.353000
2010-12-22,30.000000,16.040000,37.908000,35.469000,0.452000,20.000000,249.679000,249.680000,5.120000,23.250000,0.000000,30.000000,13.743000,43.338000,62.926000,0.218000,32.400000,249.679000,249.680000,5.120000,23.250000,0.000000,30.000000,10.876000,46.679000,43.596000,0.249000,35.000000,207.566000,192.090000,33.020000,12.940000,0.000000,8.127000,-19.330000,27.457000
2011-03-20,93.200000,29.561000,49.581000,47.911000,0.617000,20.000000,209.945000,149.270000,8.580000,39.100000,0.000000,93.200000,28.702000,0.000000,5.979000,4.800000,35.000000,210.187000,149.270000,8.580000,39.100000,0.000000,93.200000,24.577000,0.000000,5.120000,4.800000,35.000000,155.299000,89.690000,67.250000,18.920000,0.000000,-42.791000,-0.859000,-41.932000
2014-02-28,79.400000,42.492000,62.993000,63.789000,0.666000,20.000000,215.074000,181.190000,6.030000,8.120000,0.000000,79.400000,40.840000,70.207000,65.000000,0.628000,35.000000,215.707000,181.190000,6.030000,8.120000,0.000000,79.400000,43.886000,70.207000,69.848000,0.628000,35.000000,147.932000,115.810000,5.160000,4.770000,0.000000,6.059000,4.848000,1.211000
2014-12-02,51.300000,5.071000,0.000000,1.127000,4.500000,20.000000,207.510000,162.910000,6.500000,6.250000,0.000000,51.300000,4.724000,0.000000,1.050000,4.500000,35.000000,207.510000,162.910000,6.500000,6.250000,0.000000,51.300000,5.924000,0.000000,1.316000,4.500000,35.000000,140.153000,96.530000,9.770000,4.530000,0.000000,0.189000,0.266000,-0.077000
2014-12-11,41.900000,0.003000,40.351000,0.131000,0.023000,20.000000,205.479000,167.500000,5.360000,16.970000,0.000000,0.000000,0.000000,0.000000,0.000000,0.000000,0.000000,0.000000,167.390000,5.360000,16.970000,0.000000,0.000000,0.000000,0.000000,0.000000,0.000000,0.000000,0.000000,132.390000,12.520000,6.220000,0.000000,-0.131000,0.000000,-0.131000
2016-01-06,36.200000,14.721000,26.580000,47.502000,0.310000,20.000000,219.957000,202.240000,3.270000,11.980000,0.000000,36.200000,13.476000,0.000000,1.643000,8.200000,35.000000,219.964000,202.140000,3.270000,11.980000,0.000000,36.200000,14.454000,0.000000,1.763000,8.200000,35.000000,150.541000,132.340000,11.330000,7.740000,0.000000,-45.739000,0.120000,-45.859000
2016-12-23,50.000000,5.719000,0.000000,2.859000,2.000000,20.000000,223.426000,183.680000,4.870000,25.900000,0.000000,50.000000,5.288000,0.000000,2.644000,2.000000,35.000000,223.426000,183.680000,4.870000,25.900000,0.000000,50.000000,11.352000,0.000000,5.676000,2.000000,35.000000,161.735000,125.340000,30.090000,13.800000,0.000000,2.817000,3.032000,-0.215000
2017-01-20,69.900000,30.942000,38.749000,47.551000,0.651000,20.000000,249.678000,221.990000,4.080000,41.940000,0.000000,69.900000,29.580000,48.299000,68.130000,0.434000,35.000000,249.678000,221.990000,4.080000,41.940000,0.000000,69.900000,31.725000,44.794000,61.027000,0.520000,35.000000,249.093000,223.240000,31.300000,15.050000,0.000000,13.476000,-7.103000,20.579000
2017-01-22,74.500000,55.839000,31.610000,48.556000,1.150000,20.000000,249.689000,244.860000,4.020000,41.330000,0.000000,74.500000,51.680000,40.726000,163.198000,0.317000,35.000000,249.689000,242.960000,4.020000,41.330000,0.000000,74.500000,51.831000,40.726000,163.677000,0.317000,35.000000,249.177000,242.600000,30.940000,14.830000,0.000000,115.121000,0.479000,114.642000
2017-02-17,80.900000,22.043000,0.000000,3.062000,7.200000,20.000000,215.629000,159.670000,5.440000,50.190000,0.000000,80.900000,21.496000,0.000000,2.986000,7.200000,35.000000,215.612000,159.660000,5.440000,50.090000,0.000000,80.900000,28.260000,0.000000,3.925000,7.200000,35.000000,211.537000,162.140000,42.230000,19.850000,0.000000,0.863000,0.939000,-0.076000
2018-01-09,49.200000,4.059000,0.000000,0.846000,4.800000,20.000000,206.917000,163.430000,0.150000,2.300000,0.000000,49.200000,3.748000,0.000000,0.781000,4.800000,35.000000,206.917000,163.430000,0.150000,2.300000,0.000000,49.200000,5.638000,0.000000,1.175000,4.800000,35.000000,140.161000,98.460000,0.890000,1.080000,0.000000,0.329000,0.394000,-0.065000
2018-11-29,45.200000,0.825000,61.351000,5.415000,0.152000,20.000000,200.078000,157.530000,2.070000,10.850000,0.000000,0.000000,0.000000,0.000000,0.000000,0.000000,0.000000,0.000000,157.530000,2.070000,10.850000,0.000000,0.000000,0.000000,0.000000,0.000000,0.000000,0.000000,0.000000,90.070000,9.040000,5.110000,0.000000,-5.415000,0.000000,-5.415000
2018-12-06,31.300000,5.499000,33.842000,14.804000,0.371000,20.000000,225.073000,204.550000,2.830000,21.620000,0.000000,31.300000,0.058000,42.509000,0.805000,0.072000,35.000000,229.983000,204.860000,2.830000,21.620000,0.000000,31.300000,5.776000,35.682000,15.779000,0.366000,35.000000,179.915000,157.050000,16.870000,9.020000,0.000000,0.975000,14.974000,-13.999000
2019-01-14,49.200000,3.112000,36.300000,0.366000,8.500000,20.000000,242.307000,204.500000,4.620000,15.540000,0.000000,49.200000,2.680000,0.000000,0.315000,8.500000,35.000000,242.311000,204.500000,4.620000,15.670000,0.000000,49.200000,5.864000,0.000000,0.690000,8.500000,35.000000,237.288000,201.830000,35.310000,8.540000,0.000000,0.324000,0.375000,-0.051000
2019-01-16,50.000000,34.198000,87.014000,87.924000,0.389000,20.000000,249.694000,247.670000,4.410000,15.000000,0.000000,50.000000,30.532000,86.961000,74.629000,0.409000,35.000000,249.694000,246.260000,4.410000,15.080000,0.000000,50.000000,28.087000,86.883000,72.717000,0.386000,35.000000,249.229000,243.130000,33.720000,7.780000,0.000000,-15.207000,-1.912000,-13.295000
2019-01-17,33.400000,19.371000,23.916000,62.322000,0.311000,20.000000,249.670000,249.690000,4.340000,15.120000,0.000000,33.400000,17.074000,0.000000,3.222000,5.300000,32.400000,249.670000,249.690000,4.340000,15.180000,0.000000,33.400000,17.241000,0.000000,3.253000,5.300000,32.400000,249.048000,249.230000,33.140000,7.560000,0.000000,-59.069000,0.031000,-59.100000
2019-02-02,52.100000,9.915000,0.000000,3.199000,3.100000,20.000000,227.773000,190.660000,4.910000,34.020000,0.000000,52.100000,9.400000,0.000000,3.032000,3.100000,35.000000,227.613000,190.520000,4.910000,33.880000,0.000000,52.100000,12.638000,0.000000,4.077000,3.100000,35.000000,218.959000,183.670000,37.780000,14.800000,0.000000,0.878000,1.045000,-0.167000
2019-02-03,25.600000,1.308000,0.000000,0.319000,4.100000,20.000000,242.902000,227.770000,4.820000,34.870000,0.000000,25.600000,0.591000,0.000000,0.144000,4.100000,35.000000,242.387000,227.610000,4.820000,34.730000,0.000000,25.600000,2.404000,0.000000,0.586000,4.100000,35.000000,234.323000,218.960000,37.150000,15.100000,0.000000,0.267000,0.442000,-0.175000
2019-11-27,34.000000,0.009000,91.511000,0.393000,0.022000,20.000000,174.374000,141.740000,1.080000,4.920000,0.000000,0.000000,0.000000,0.000000,0.000000,0.000000,0.000000,0.000000,141.740000,1.080000,4.920000,0.000000,0.000000,0.000000,0.000000,0.000000,0.000000,0.000000,0.000000,75.290000,4.030000,2.820000,0.000000,-0.393000,0.000000,-0.393000
2019-11-28,35.000000,5.550000,56.877000,15.688000,0.354000,20.000000,202.513000,174.370000,1.200000,6.150000,0.000000,35.000000,0.003000,67.830000,0.131000,0.023000,35.000000,207.606000,174.380000,1.200000,6.150000,0.000000,0.000000,0.000000,0.000000,0.000000,0.000000,0.000000,0.000000,108.150000,4.730000,3.270000,0.000000,-15.688000,-0.131000,-15.557000
2019-12-25,48.700000,2.098000,45.177000,3.815000,0.550000,20.000000,237.827000,198.820000,4.310000,34.890000,0.000000,48.700000,1.657000,0.000000,0.690000,2.400000,35.000000,237.798000,198.720000,4.310000,34.890000,0.000000,48.700000,5.314000,0.000000,2.214000,2.400000,35.000000,230.239000,193.240000,31.470000,14.700000,0.000000,-1.601000,1.524000,-3.125000
2020-03-12,61.800000,7.394000,44.001000,1.643000,4.500000,20.000000,208.173000,156.380000,8.460000,6.960000,0.000000,61.800000,7.016000,0.000000,1.559000,4.500000,35.000000,208.173000,156.380000,8.460000,6.960000,0.000000,61.800000,8.590000,0.000000,1.909000,4.500000,35.000000,138.262000,87.620000,30.010000,4.880000,0.000000,0.266000,0.350000,-0.084000
2020-04-07,14.400000,1.496000,48.000000,2.297000,0.651000,20.000000,207.976000,201.730000,7.600000,48.370000,0.000000,14.400000,0.002000,48.000000,0.131000,0.014000,35.000000,209.459000,201.730000,7.600000,48.370000,0.000000,14.400000,0.002000,48.000000,0.131000,0.015000,35.000000,196.639000,186.240000,54.370000,21.630000,0.000000,-2.166000,0.000000,-2.166000
2020-12-28,33.300000,0.054000,54.576000,0.786000,0.068000,20.000000,186.880000,154.400000,0.610000,1.660000,0.000000,0.000000,0.000000,0.000000,0.000000,0.000000,0.000000,0.000000,154.400000,0.610000,1.660000,0.000000,0.000000,0.000000,0.000000,0.000000,0.000000,0.000000,0.000000,89.000000,0.930000,0.600000,0.000000,-0.786000,0.000000,-0.786000
2021-01-28,0.000000,0.000000,0.000000,0.000000,0.000000,0.000000,0.000000,163.780000,5.340000,22.230000,0.000000,0.000000,0.000000,0.000000,0.000000,0.000000,0.000000,0.000000,163.780000,5.340000,22.230000,0.000000,48.200000,0.238000,0.000000,0.131000,1.824000,35.000000,142.156000,96.030000,39.380000,10.990000,0.000000,0.131000,0.131000,0.000000
2021-12-14,50.800000,11.111000,40.573000,34.117000,0.326000,20.000000,213.129000,176.690000,5.780000,4.380000,0.000000,50.800000,10.452000,0.000000,2.986000,3.500000,35.000000,213.163000,176.690000,5.780000,4.380000,0.000000,50.800000,11.256000,0.000000,3.216000,3.500000,35.000000,142.205000,105.780000,1.840000,2.850000,0.000000,-30.901000,0.230000,-31.131000
2021-12-23,68.900000,21.413000,65.639000,53.913000,0.397000,20.000000,222.605000,179.210000,5.120000,17.950000,0.000000,68.900000,19.300000,80.924000,47.280000,0.408000,35.000000,223.879000,179.220000,5.120000,17.950000,0.000000,68.900000,26.380000,82.366000,61.098000,0.432000,35.000000,182.848000,142.300000,11.620000,7.770000,0.000000,7.185000,13.818000,-6.633000
2021-12-25,20.200000,0.021000,27.501000,0.229000,0.090000,20.000000,238.778000,228.810000,4.810000,19.390000,0.000000,0.000000,0.000000,0.000000,0.000000,0.000000,0.000000,0.000000,229.310000,4.810000,19.390000,0.000000,0.000000,0.000000,0.000000,0.000000,0.000000,0.000000,0.000000,193.370000,12.670000,8.280000,0.000000,-0.229000,0.000000,-0.229000
2021-12-29,105.000000,62.749000,47.076000,58.936000,1.065000,20.000000,249.681000,220.150000,4.300000,23.500000,0.000000,105.000000,60.371000,60.819000,116.561000,0.518000,35.000000,249.681000,219.500000,4.300000,23.500000,0.000000,105.000000,54.698000,57.740000,96.647000,0.566000,35.000000,248.786000,209.460000,15.740000,9.750000,0.000000,37.711000,-19.914000,57.625000
2021-12-30,76.200000,62.580000,68.643000,130.500000,0.480000,20.000000,249.712000,249.680000,4.170000,24.370000,0.000000,76.200000,60.283000,72.733000,132.646000,0.454000,32.400000,249.712000,249.680000,4.170000,24.370000,0.000000,76.200000,59.748000,74.450000,109.709000,0.545000,32.400000,249.362000,248.790000,16.380000,10.060000,0.000000,-20.791000,-22.937000,2.146000
2022-12-31,42.600000,0.320000,51.542000,2.848000,0.112000,20.000000,199.669000,158.960000,3.940000,26.120000,0.000000,0.000000,0.000000,0.000000,0.000000,0.000000,0.000000,0.000000,158.960000,3.940000,26.120000,0.000000,0.000000,0.000000,0.000000,0.000000,0.000000,0.000000,0.000000,115.470000,29.090000,12.700000,0.000000,-2.848000,0.000000,-2.848000
2023-01-04,71.400000,23.172000,0.000000,4.543000,5.100000,20.000000,232.425000,190.570000,4.000000,27.210000,0.000000,71.400000,22.448000,0.000000,4.402000,5.100000,35.000000,232.637000,190.790000,4.000000,27.210000,0.000000,71.400000,29.458000,0.000000,5.776000,5.100000,35.000000,197.332000,157.750000,29.750000,12.980000,0.000000,1.233000,1.374000,-0.141000
2023-01-05,39.100000,13.070000,30.205000,26.971000,0.485000,20.000000,247.582000,232.430000,3.930000,26.980000,0.000000,39.100000,11.627000,34.386000,3.060000,3.800000,35.000000,248.028000,232.640000,3.930000,26.980000,0.000000,39.100000,19.722000,0.000000,5.190000,3.800000,35.000000,212.498000,197.330000,29.260000,12.740000,0.000000,-21.781000,2.130000,-23.911000
2023-01-09,120.100000,76.871000,36.435000,54.748000,1.404000,20.000000,249.660000,219.450000,3.990000,31.050000,0.000000,120.100000,74.365000,0.000000,7.436000,10.000000,35.000000,249.660000,218.480000,3.990000,31.050000,0.000000,120.100000,71.067000,0.000000,7.107000,10.000000,35.000000,242.687000,203.710000,29.820000,13.530000,0.000000,-47.641000,-0.329000,-47.312000
2023-01-14,56.600000,7.861000,0.000000,2.016000,3.900000,20.000000,249.680000,212.100000,4.060000,31.650000,0.000000,56.600000,5.282000,0.000000,1.354000,3.900000,35.000000,249.680000,209.540000,4.060000,31.650000,0.000000,56.600000,5.351000,0.000000,1.372000,3.900000,35.000000,248.339000,207.140000,30.470000,13.770000,0.000000,-0.644000,0.018000,-0.662000
2023-01-15,23.500000,9.511000,25.963000,41.333000,0.230000,20.000000,249.531000,249.680000,4.020000,31.340000,0.000000,23.500000,7.307000,0.000000,3.479000,2.100000,32.400000,249.439000,249.680000,4.020000,31.340000,0.000000,23.500000,6.541000,0.000000,3.115000,2.100000,32.400000,248.988000,248.340000,30.260000,13.660000,0.000000,-38.218000,-0.364000,-37.854000
2023-02-26,135.300000,69.631000,42.083000,57.983000,1.201000,20.000000,212.545000,150.560000,5.790000,23.220000,0.000000,135.300000,68.591000,0.000000,10.087000,6.800000,35.000000,212.769000,150.560000,5.790000,23.220000,0.000000,135.300000,62.472000,0.000000,9.187000,6.800000,35.000000,201.807000,132.820000,45.320000,13.000000,0.000000,-48.796000,-0.900000,-47.896000
2023-03-14,84.500000,32.291000,63.256000,57.982000,0.557000,20.000000,228.715000,182.060000,5.750000,29.720000,0.000000,84.500000,30.254000,74.901000,67.044000,0.451000,35.000000,229.857000,182.070000,5.750000,29.720000,0.000000,84.500000,33.537000,74.901000,74.318000,0.451000,35.000000,227.997000,183.150000,44.780000,14.070000,0.000000,16.336000,7.274000,9.062000
2023-08-20,145.300000,74.678000,96.071000,97.142000,0.769000,20.000000,206.315000,138.330000,0.000000,0.000000,0.000000,145.300000,71.744000,112.021000,92.187000,0.778000,35.000000,208.337000,138.330000,0.000000,0.000000,0.000000,145.300000,73.162000,111.734000,94.455000,0.775000,35.000000,141.195000,72.330000,0.000000,0.000000,0.000000,-2.687000,2.268000,-4.955000
2023-12-20,29.800000,1.508000,66.723000,2.330000,0.647000,20.000000,188.900000,161.290000,5.480000,4.830000,0.000000,29.800000,0.013000,75.655000,0.131000,0.097000,35.000000,190.391000,161.300000,5.480000,4.830000,0.000000,0.000000,0.000000,0.000000,0.000000,0.000000,0.000000,0.000000,90.480000,11.480000,4.640000,0.000000,-2.330000,-0.131000,-2.199000
2023-12-21,44.400000,13.219000,41.124000,31.579000,0.419000,20.000000,217.523000,188.900000,5.330000,3.950000,0.000000,44.400000,12.568000,50.597000,39.212000,0.321000,35.000000,218.522000,190.390000,5.330000,3.950000,0.000000,44.400000,13.991000,53.673000,45.100000,0.310000,35.000000,147.699000,119.750000,10.680000,4.090000,0.000000,13.521000,5.888000,7.633000
2024-02-04,179.700000,127.350000,47.918000,56.597000,2.250000,20.000000,241.576000,197.490000,4.780000,32.380000,0.000000,179.700000,125.227000,59.475000,103.616000,1.209000,35.000000,242.516000,197.490000,4.780000,32.370000,0.000000,179.700000,127.919000,59.475000,105.843000,1.209000,35.000000,240.373000,197.740000,36.990000,16.050000,0.000000,49.246000,2.227000,47.019000
2024-02-05,41.200000,20.567000,27.240000,32.133000,0.640000,20.000000,249.701000,241.580000,4.690000,31.440000,0.000000,41.200000,19.460000,0.000000,4.325000,4.500000,35.000000,249.701000,242.520000,4.690000,31.430000,0.000000,41.200000,18.290000,0.000000,4.064000,4.500000,35.000000,249.295000,240.370000,36.280000,15.710000,0.000000,-28.069000,-0.261000,-27.808000
2024-02-06,36.600000,22.631000,0.000000,3.592000,6.300000,20.000000,249.676000,249.700000,4.570000,30.310000,0.000000,36.600000,20.335000,0.000000,3.228000,6.300000,32.400000,249.676000,249.700000,4.570000,30.300000,0.000000,36.600000,20.528000,0.000000,3.258000,6.300000,32.400000,249.094000,249.290000,35.380000,15.270000,0.000000,-0.334000,0.030000,-0.364000
2024-02-07,14.900000,1.261000,24.994000,0.268000,4.700000,20.000000,248.927000,249.680000,4.500000,29.610000,0.000000,0.000000,0.000000,0.000000,0.000000,0.000000,0.000000,0.000000,249.680000,4.500000,29.600000,0.000000,0.000000,0.000000,0.000000,0.000000,0.000000,0.000000,0.000000,249.090000,34.800000,14.990000,0.000000,-0.268000,0.000000,-0.268000
2024-02-19,78.800000,36.209000,36.730000,41.116000,0.881000,20.000000,229.415000,192.220000,4.650000,43.440000,0.000000,78.800000,35.144000,0.000000,6.166000,5.700000,35.000000,229.141000,191.700000,4.650000,43.320000,0.000000,78.800000,39.732000,0.000000,6.971000,5.700000,35.000000,224.930000,191.440000,35.930000,17.080000,0.000000,-34.145000,0.805000,-34.950000
2024-02-20,55.800000,30.120000,32.570000,39.810000,0.757000,20.000000,245.366000,229.420000,4.640000,43.320000,0.000000,55.800000,28.833000,41.661000,107.635000,0.268000,35.000000,245.310000,229.140000,4.640000,43.200000,0.000000,55.800000,30.339000,41.661000,113.255000,0.268000,35.000000,240.737000,224.930000,35.850000,17.040000,0.000000,73.445000,5.620000,67.825000
